transactionId,bankReference,status,amount,currency,settlementBatchId,receivedAt,settledAt,responseCode,responseMessage,metadata
TXN-82941,BNK-90000,PENDING,5000.0,INR,BATCH-20260801-18,2026-08-01 08:05:55,,P01,Settlement pending with acquiring bank,"{""source"": ""mock_bank"", ""environment"": ""hackathon"", ""batchType"": ""standard""}"
TXN-90001,BNK-90001,SETTLED,1999.0,INR,BATCH-20260801-03,2026-08-01 08:17:21,2026-08-01 08:25:21,00,Settlement completed,"{""source"": ""mock_bank"", ""environment"": ""hackathon"", ""batchType"": ""standard""}"
TXN-90002,BNK-90002,PENDING,3499.0,INR,BATCH-20260801-12,2026-08-01 08:19:05,,P01,Settlement pending with acquiring bank,"{""source"": ""mock_bank"", ""environment"": ""hackathon"", ""batchType"": ""standard""}"
TXN-90003,BNK-90003,SETTLED,3499.0,INR,BATCH-20260801-08,2026-08-01 08:31:53,2026-08-01 08:54:53,00,Settlement completed,"{""source"": ""mock_bank"", ""environment"": ""hackathon"", ""batchType"": ""standard""}"
TXN-90004,BNK-90004,SETTLED,8999.0,INR,BATCH-20260801-03,2026-08-01 08:35:12,2026-08-01 08:54:12,00,Settlement completed,"{""source"": ""mock_bank"", ""environment"": ""hackathon"", ""batchType"": ""standard""}"
TXN-90005,BNK-90005,SETTLED,499.0,INR,BATCH-20260801-09,2026-08-01 08:44:37,2026-08-01 09:13:37,00,Settlement completed,"{""source"": ""mock_bank"", ""environment"": ""hackathon"", ""batchType"": ""standard""}"
TXN-90005,BNK-90005-DUP,SETTLED,499.0,INR,BATCH-20260801-09,2026-08-01 08:44:37,2026-08-01 09:13:37,00,Settlement completed,"{""source"": ""mock_bank"", ""environment"": ""hackathon"", ""duplicateTest"": true}"
TXN-90006,BNK-90006,SETTLED,1250.0,INR,BATCH-20260801-14,2026-08-01 08:51:13,2026-08-01 09:09:13,00,Settlement completed,"{""source"": ""mock_bank"", ""environment"": ""hackathon"", ""batchType"": ""standard""}"
TXN-90007,BNK-90007,SETTLED,1250.0,INR,BATCH-20260801-02,2026-08-01 08:57:20,2026-08-01 09:23:20,00,Settlement completed,"{""source"": ""mock_bank"", ""environment"": ""hackathon"", ""batchType"": ""standard""}"
TXN-90008,BNK-90008,PENDING,4200.0,INR,BATCH-20260801-16,2026-08-01 09:05:29,,P01,Settlement pending with acquiring bank,"{""source"": ""mock_bank"", ""environment"": ""hackathon"", ""batchType"": ""standard""}"
TXN-90009,BNK-90009,SETTLED,2499.0,INR,BATCH-20260801-17,2026-08-01 09:06:08,2026-08-01 09:19:08,00,Settlement completed,"{""source"": ""mock_bank"", ""environment"": ""hackathon"", ""batchType"": ""standard""}"
TXN-90010,BNK-90010,SETTLED,799.0,INR,BATCH-20260801-18,2026-08-01 09:17:02,2026-08-01 09:26:02,00,Settlement completed,"{""source"": ""mock_bank"", ""environment"": ""hackathon"", ""batchType"": ""standard""}"
TXN-90011,BNK-90011,REJECTED,199.0,INR,BATCH-20260801-13,2026-08-01 09:25:52,,R01,Settlement rejected by bank,"{""source"": ""mock_bank"", ""environment"": ""hackathon"", ""batchType"": ""standard""}"
TXN-90012,BNK-90012,SETTLED,4999.0,INR,BATCH-20260801-08,2026-08-01 09:33:50,2026-08-01 09:51:50,00,Settlement completed,"{""source"": ""mock_bank"", ""environment"": ""hackathon"", ""batchType"": ""standard""}"
TXN-90013,BNK-90013,SETTLED,4200.0,INR,BATCH-20260801-01,2026-08-01 09:41:02,2026-08-01 10:02:02,00,Settlement completed,"{""source"": ""mock_bank"", ""environment"": ""hackathon"", ""batchType"": ""standard""}"
TXN-90014,BNK-90014,SETTLED,4999.0,INR,BATCH-20260801-18,2026-08-01 09:51:00,2026-08-01 10:05:00,00,Settlement completed,"{""source"": ""mock_bank"", ""environment"": ""hackathon"", ""batchType"": ""standard""}"
TXN-90015,BNK-90015,SETTLED,799.0,INR,BATCH-20260801-10,2026-08-01 09:51:22,2026-08-01 10:20:22,00,Settlement completed,"{""source"": ""mock_bank"", ""environment"": ""hackathon"", ""batchType"": ""standard""}"
TXN-90016,BNK-90016,SETTLED,299.0,INR,BATCH-20260801-05,2026-08-01 10:01:40,2026-08-01 10:18:40,00,Settlement completed,"{""source"": ""mock_bank"", ""environment"": ""hackathon"", ""batchType"": ""standard""}"
TXN-90017,BNK-90017,SETTLED,499.0,INR,BATCH-20260801-19,2026-08-01 10:06:00,2026-08-01 09:56:00,00,Settlement completed,"{""source"": ""mock_bank"", ""environment"": ""hackathon"", ""batchType"": ""standard""}"
TXN-90018,BNK-90018,SETTLED,199.0,INR,BATCH-20260801-19,2026-08-01 10:12:00,2026-08-01 10:31:00,00,Settlement completed,"{""source"": ""mock_bank"", ""environment"": ""hackathon"", ""batchType"": ""standard""}"
TXN-90019,BNK-90019,SETTLED,8999.0,INR,BATCH-20260801-10,2026-08-01 10:18:00,2026-08-01 10:34:00,00,Settlement completed,"{""source"": ""mock_bank"", ""environment"": ""hackathon"", ""batchType"": ""standard""}"
TXN-90020,BNK-90020,PENDING,1599.0,INR,BATCH-20260801-05,2026-08-01 10:28:12,,P01,Settlement pending with acquiring bank,"{""source"": ""mock_bank"", ""environment"": ""hackathon"", ""batchType"": ""standard""}"
TXN-90021,BNK-90021,SETTLED,499.0,INR,BATCH-20260801-15,2026-08-01 10:32:02,2026-08-01 11:00:02,00,Settlement completed,"{""source"": ""mock_bank"", ""environment"": ""hackathon"", ""batchType"": ""standard""}"
TXN-90022,BNK-90022,SETTLED,12500.0,INR,BATCH-20260801-16,2026-08-01 10:39:02,2026-08-01 11:01:02,00,Settlement completed,"{""source"": ""mock_bank"", ""environment"": ""hackathon"", ""batchType"": ""standard""}"
TXN-90023,BNK-90023,SETTLED,1999.0,INR,BATCH-20260801-14,2026-08-01 10:54:52,2026-08-01 11:02:52,00,Settlement completed,"{""source"": ""mock_bank"", ""environment"": ""hackathon"", ""batchType"": ""standard""}"
TXN-90024,BNK-90024,SETTLED,4999.0,INR,BATCH-20260801-19,2026-08-01 10:56:14,2026-08-01 11:17:14,00,Settlement completed,"{""source"": ""mock_bank"", ""environment"": ""hackathon"", ""batchType"": ""standard""}"
TXN-90025,BNK-90025,SETTLED,499.0,INR,BATCH-20260801-06,2026-08-01 11:01:58,2026-08-01 11:30:58,00,Settlement completed,"{""source"": ""mock_bank"", ""environment"": ""hackathon"", ""batchType"": ""standard""}"
TXN-90026,BNK-90026,SETTLED,199.0,INR,BATCH-20260801-18,2026-08-01 11:13:23,2026-08-01 11:31:23,00,Settlement completed,"{""source"": ""mock_bank"", ""environment"": ""hackathon"", ""batchType"": ""standard""}"
TXN-90027,BNK-90027,SETTLED,199.0,INR,BATCH-20260801-04,2026-08-01 11:22:26,2026-08-01 11:51:26,00,Settlement completed,"{""source"": ""mock_bank"", ""environment"": ""hackathon"", ""batchType"": ""standard""}"
TXN-90028,BNK-90028,SETTLED,999.0,INR,BATCH-20260801-08,2026-08-01 11:24:49,2026-08-01 11:38:49,00,Settlement completed,"{""source"": ""mock_bank"", ""environment"": ""hackathon"", ""batchType"": ""standard""}"
TXN-90029,BNK-90029,REJECTED,1999.0,INR,BATCH-20260801-19,2026-08-01 11:27:08,,R01,Settlement rejected by bank,"{""source"": ""mock_bank"", ""environment"": ""hackathon"", ""batchType"": ""standard""}"
TXN-90030,BNK-90030,SETTLED,1599.0,INR,BATCH-20260801-18,2026-08-01 11:39:21,2026-08-01 11:58:21,00,Settlement completed,"{""source"": ""mock_bank"", ""environment"": ""hackathon"", ""batchType"": ""standard""}"
TXN-90031,BNK-90031,SETTLED,6750.0,INR,BATCH-20260801-09,2026-08-01 11:45:50,2026-08-01 12:04:50,00,Settlement completed,"{""source"": ""mock_bank"", ""environment"": ""hackathon"", ""batchType"": ""standard""}"
TXN-90032,BNK-90032,SETTLED,999.0,INR,BATCH-20260801-16,2026-08-01 11:49:31,2026-08-01 11:58:31,00,Settlement completed,"{""source"": ""mock_bank"", ""environment"": ""hackathon"", ""batchType"": ""standard""}"
TXN-90033,BNK-90033,SETTLED,4999.0,INR,BATCH-20260801-07,2026-08-01 11:55:59,2026-08-01 12:20:59,00,Settlement completed,"{""source"": ""mock_bank"", ""environment"": ""hackathon"", ""batchType"": ""standard""}"
TXN-90034,BNK-90034,SETTLED,499.0,INR,BATCH-20260801-05,2026-08-01 12:01:49,2026-08-01 12:25:49,00,Settlement completed,"{""source"": ""mock_bank"", ""environment"": ""hackathon"", ""batchType"": ""standard""}"
TXN-90035,BNK-90035,SETTLED,1599.0,INR,BATCH-20260801-02,2026-08-01 12:13:55,2026-08-01 12:21:55,00,Settlement completed,"{""source"": ""mock_bank"", ""environment"": ""hackathon"", ""batchType"": ""standard""}"
TXN-90036,BNK-90036,SETTLED,799.0,INR,BATCH-20260801-09,2026-08-01 12:18:27,2026-08-01 12:37:27,00,Settlement completed,"{""source"": ""mock_bank"", ""environment"": ""hackathon"", ""batchType"": ""standard""}"
TXN-90037,BNK-90037,SETTLED,6750.0,INR,BATCH-20260801-16,2026-08-01 12:31:02,2026-08-01 12:55:02,00,Settlement completed,"{""source"": ""mock_bank"", ""environment"": ""hackathon"", ""batchType"": ""standard""}"
TXN-90038,BNK-90038,SETTLED,299.0,INR,BATCH-20260801-03,2026-08-01 12:30:35,2026-08-01 12:40:35,00,Settlement completed,"{""source"": ""mock_bank"", ""environment"": ""hackathon"", ""batchType"": ""standard""}"
TXN-90038,BNK-90038-DUP,SETTLED,299.0,INR,BATCH-20260801-03,2026-08-01 12:30:35,2026-08-01 12:40:35,00,Settlement completed,"{""source"": ""mock_bank"", ""environment"": ""hackathon"", ""duplicateTest"": true}"
TXN-90039,BNK-90039,PENDING,2499.0,INR,BATCH-20260801-10,2026-08-01 12:40:13,,P01,Settlement pending with acquiring bank,"{""source"": ""mock_bank"", ""environment"": ""hackathon"", ""batchType"": ""standard""}"
TXN-90040,BNK-90040,SETTLED,12500.0,INR,BATCH-20260801-08,2026-08-01 12:43:52,2026-08-01 13:00:52,00,Settlement completed,"{""source"": ""mock_bank"", ""environment"": ""hackathon"", ""batchType"": ""standard""}"
TXN-90041,BNK-90041,SETTLED,299.0,INR,BATCH-20260801-03,2026-08-01 12:55:46,2026-08-01 13:19:46,00,Settlement completed,"{""source"": ""mock_bank"", ""environment"": ""hackathon"", ""batchType"": ""standard""}"
TXN-90042,BNK-90042,SETTLED,12500.0,INR,BATCH-20260801-17,2026-08-01 13:00:09,2026-08-01 13:25:09,00,Settlement completed,"{""source"": ""mock_bank"", ""environment"": ""hackathon"", ""batchType"": ""standard""}"
TXN-90043,BNK-90043,SETTLED,1599.0,INR,BATCH-20260801-12,2026-08-01 13:09:37,2026-08-01 13:23:37,00,Settlement completed,"{""source"": ""mock_bank"", ""environment"": ""hackathon"", ""batchType"": ""standard""}"
TXN-90044,BNK-90044,SETTLED,799.0,INR,BATCH-20260801-03,2026-08-01 13:14:25,2026-08-01 13:22:25,00,Settlement completed,"{""source"": ""mock_bank"", ""environment"": ""hackathon"", ""batchType"": ""standard""}"
TXN-90045,BNK-90045,SETTLED,12500.0,INR,BATCH-20260801-04,2026-08-01 13:18:47,2026-08-01 13:41:47,00,Settlement completed,"{""source"": ""mock_bank"", ""environment"": ""hackathon"", ""batchType"": ""standard""}"
TXN-90045,BNK-90045-DUP,SETTLED,12500.0,INR,BATCH-20260801-04,2026-08-01 13:18:47,2026-08-01 13:41:47,00,Settlement completed,"{""source"": ""mock_bank"", ""environment"": ""hackathon"", ""duplicateTest"": true}"
TXN-90046,BNK-90046,SETTLED,2499.0,INR,BATCH-20260801-18,2026-08-01 13:32:59,2026-08-01 14:01:59,00,Settlement completed,"{""source"": ""mock_bank"", ""environment"": ""hackathon"", ""batchType"": ""standard""}"
TXN-90047,BNK-90047,SETTLED,3499.0,INR,BATCH-20260801-18,2026-08-01 13:38:38,2026-08-01 14:04:38,00,Settlement completed,"{""source"": ""mock_bank"", ""environment"": ""hackathon"", ""batchType"": ""standard""}"
TXN-90048,BNK-90048,SETTLED,3499.0,INR,BATCH-20260801-05,2026-08-01 13:43:12,2026-08-01 13:56:12,00,Settlement completed,"{""source"": ""mock_bank"", ""environment"": ""hackathon"", ""batchType"": ""standard""}"
TXN-90049,BNK-90049,SETTLED,4999.0,INR,BATCH-20260801-10,2026-08-01 13:49:54,2026-08-01 14:10:54,00,Settlement completed,"{""source"": ""mock_bank"", ""environment"": ""hackathon"", ""batchType"": ""standard""}"
TXN-90050,BNK-90050,SETTLED,2899.0,INR,BATCH-20260801-10,2026-08-01 14:01:36,2026-08-01 14:25:36,00,Settlement completed,"{""source"": ""mock_bank"", ""environment"": ""hackathon"", ""batchType"": ""standard""}"
TXN-90051,BNK-90051,SETTLED,1599.0,INR,BATCH-20260801-07,2026-08-01 14:04:24,2026-08-01 14:28:24,00,Settlement completed,"{""source"": ""mock_bank"", ""environment"": ""hackathon"", ""batchType"": ""standard""}"
TXN-90052,BNK-90052,SETTLED,4999.0,INR,BATCH-20260801-03,2026-08-01 14:09:36,2026-08-01 14:20:36,00,Settlement completed,"{""source"": ""mock_bank"", ""environment"": ""hackathon"", ""batchType"": ""standard""}"
TXN-90053,BNK-90053,SETTLED,4200.0,INR,BATCH-20260801-17,2026-08-01 14:22:10,2026-08-01 14:43:10,00,Settlement completed,"{""source"": ""mock_bank"", ""environment"": ""hackathon"", ""batchType"": ""standard""}"
TXN-90054,BNK-90054,SETTLED,999.0,INR,BATCH-20260801-06,2026-08-01 14:25:11,2026-08-01 14:44:11,00,Settlement completed,"{""source"": ""mock_bank"", ""environment"": ""hackathon"", ""batchType"": ""standard""}"
TXN-90055,BNK-90055,SETTLED,4999.0,INR,BATCH-20260801-06,2026-08-01 14:32:36,2026-08-01 14:58:36,00,Settlement completed,"{""source"": ""mock_bank"", ""environment"": ""hackathon"", ""batchType"": ""standard""}"
TXN-90056,BNK-90056,PENDING,799.0,INR,BATCH-20260801-15,2026-08-01 14:42:52,,P01,Settlement pending with acquiring bank,"{""source"": ""mock_bank"", ""environment"": ""hackathon"", ""batchType"": ""standard""}"
TXN-90057,BNK-90057,SETTLED,199.0,INR,BATCH-20260801-07,2026-08-01 14:43:30,2026-08-01 15:02:30,00,Settlement completed,"{""source"": ""mock_bank"", ""environment"": ""hackathon"", ""batchType"": ""standard""}"
TXN-90058,BNK-90058,SETTLED,6750.0,INR,BATCH-20260801-04,2026-08-01 14:55:24,2026-08-01 15:13:24,00,Settlement completed,"{""source"": ""mock_bank"", ""environment"": ""hackathon"", ""batchType"": ""standard""}"
TXN-90059,BNK-90059,SETTLED,12500.0,INR,BATCH-20260801-13,2026-08-01 15:05:18,2026-08-01 15:20:18,00,Settlement completed,"{""source"": ""mock_bank"", ""environment"": ""hackathon"", ""batchType"": ""standard""}"
TXN-90060,BNK-90060,SETTLED,4999.0,INR,BATCH-20260801-10,2026-08-01 15:09:04,2026-08-01 15:35:04,00,Settlement completed,"{""source"": ""mock_bank"", ""environment"": ""hackathon"", ""batchType"": ""standard""}"
TXN-90061,BNK-90061,REJECTED,199.0,INR,BATCH-20260801-09,2026-08-01 15:13:02,,R01,Settlement rejected by bank,"{""source"": ""mock_bank"", ""environment"": ""hackathon"", ""batchType"": ""standard""}"
TXN-90062,BNK-90062,SETTLED,499.0,INR,BATCH-20260801-13,2026-08-01 15:17:56,2026-08-01 15:28:56,00,Settlement completed,"{""source"": ""mock_bank"", ""environment"": ""hackathon"", ""batchType"": ""standard""}"
TXN-90063,BNK-90063,SETTLED,299.0,INR,BATCH-20260801-08,2026-08-01 15:31:12,2026-08-01 15:40:12,00,Settlement completed,"{""source"": ""mock_bank"", ""environment"": ""hackathon"", ""batchType"": ""standard""}"
TXN-90064,BNK-90064,SETTLED,299.0,INR,BATCH-20260801-02,2026-08-01 15:34:39,2026-08-01 16:04:39,00,Settlement completed,"{""source"": ""mock_bank"", ""environment"": ""hackathon"", ""batchType"": ""standard""}"
TXN-90065,BNK-90065,PENDING,4999.0,INR,BATCH-20260801-01,2026-08-01 15:42:44,,P01,Settlement pending with acquiring bank,"{""source"": ""mock_bank"", ""environment"": ""hackathon"", ""batchType"": ""standard""}"
TXN-90066,BNK-90066,SETTLED,199.0,INR,BATCH-20260801-20,2026-08-01 15:49:53,2026-08-01 15:57:53,00,Settlement completed,"{""source"": ""mock_bank"", ""environment"": ""hackathon"", ""batchType"": ""standard""}"
TXN-90067,BNK-90067,SETTLED,799.0,INR,BATCH-20260801-12,2026-08-01 16:02:54,2026-08-01 16:18:54,00,Settlement completed,"{""source"": ""mock_bank"", ""environment"": ""hackathon"", ""batchType"": ""standard""}"
TXN-90068,BNK-90068,SETTLED,799.0,INR,BATCH-20260801-04,2026-08-01 16:02:39,2026-08-01 16:26:39,00,Settlement completed,"{""source"": ""mock_bank"", ""environment"": ""hackathon"", ""batchType"": ""standard""}"
TXN-90069,BNK-90069,SETTLED,899.0,INR,BATCH-20260801-16,2026-08-01 16:12:00,2026-08-01 16:39:00,00,Settlement completed,"{""source"": ""mock_bank"", ""environment"": ""hackathon"", ""batchType"": ""standard""}"
TXN-90070,BNK-90070,PENDING,2899.0,INR,BATCH-20260801-01,2026-08-01 16:21:49,,P01,Settlement pending with acquiring bank,"{""source"": ""mock_bank"", ""environment"": ""hackathon"", ""batchType"": ""standard""}"
TXN-90071,BNK-90071,SETTLED,12500.0,INR,BATCH-20260801-14,2026-08-01 16:23:47,2026-08-01 16:46:47,00,Settlement completed,"{""source"": ""mock_bank"", ""environment"": ""hackathon"", ""batchType"": ""standard""}"
TXN-90072,BNK-90072,SETTLED,1599.0,INR,BATCH-20260801-14,2026-08-01 16:28:11,2026-08-01 16:16:11,00,Settlement completed,"{""source"": ""mock_bank"", ""environment"": ""hackathon"", ""batchType"": ""standard""}"
TXN-90073,BNK-90073,SETTLED,2899.0,INR,BATCH-20260801-20,2026-08-01 16:39:51,2026-08-01 16:47:51,00,Settlement completed,"{""source"": ""mock_bank"", ""environment"": ""hackathon"", ""batchType"": ""standard""}"
TXN-90074,BNK-90074,SETTLED,999.0,INR,BATCH-20260801-01,2026-08-01 16:51:12,2026-08-01 16:34:12,00,Settlement completed,"{""source"": ""mock_bank"", ""environment"": ""hackathon"", ""batchType"": ""standard""}"
TXN-90075,BNK-90075,SETTLED,299.0,INR,BATCH-20260801-07,2026-08-01 16:55:36,2026-08-01 17:15:36,00,Settlement completed,"{""source"": ""mock_bank"", ""environment"": ""hackathon"", ""batchType"": ""standard""}"
TXN-90076,BNK-90076,SETTLED,799.0,INR,BATCH-20260801-19,2026-08-01 17:02:59,2026-08-01 17:27:59,00,Settlement completed,"{""source"": ""mock_bank"", ""environment"": ""hackathon"", ""batchType"": ""standard""}"
TXN-90077,BNK-90077,SETTLED,199.0,INR,BATCH-20260801-10,2026-08-01 17:06:35,2026-08-01 17:26:35,00,Settlement completed,"{""source"": ""mock_bank"", ""environment"": ""hackathon"", ""batchType"": ""standard""}"
TXN-90078,BNK-90078,REJECTED,199.0,INR,BATCH-20260801-06,2026-08-01 17:16:13,,R01,Settlement rejected by bank,"{""source"": ""mock_bank"", ""environment"": ""hackathon"", ""batchType"": ""standard""}"
TXN-90079,BNK-90079,SETTLED,2499.0,INR,BATCH-20260801-05,2026-08-01 17:18:06,2026-08-01 17:46:06,00,Settlement completed,"{""source"": ""mock_bank"", ""environment"": ""hackathon"", ""batchType"": ""standard""}"
TXN-90080,BNK-90080,SETTLED,6750.0,INR,BATCH-20260801-07,2026-08-01 17:26:28,2026-08-01 17:43:28,00,Settlement completed,"{""source"": ""mock_bank"", ""environment"": ""hackathon"", ""batchType"": ""standard""}"
TXN-90081,BNK-90081,SETTLED,1549.0,INR,BATCH-20260801-11,2026-08-01 17:38:37,2026-08-01 17:50:37,00,Settlement completed,"{""source"": ""mock_bank"", ""environment"": ""hackathon"", ""batchType"": ""standard""}"
TXN-90082,BNK-90082,SETTLED,1599.0,INR,BATCH-20260801-12,2026-08-01 17:37:39,2026-08-01 17:48:39,00,Settlement completed,"{""source"": ""mock_bank"", ""environment"": ""hackathon"", ""batchType"": ""standard""}"
TXN-90083,BNK-90083,SETTLED,1999.0,INR,BATCH-20260801-19,2026-08-01 17:52:56,2026-08-01 18:01:56,00,Settlement completed,"{""source"": ""mock_bank"", ""environment"": ""hackathon"", ""batchType"": ""standard""}"
TXN-90084,BNK-90084,SETTLED,2499.0,INR,BATCH-20260801-12,2026-08-01 17:57:59,2026-08-01 18:21:59,00,Settlement completed,"{""source"": ""mock_bank"", ""environment"": ""hackathon"", ""batchType"": ""standard""}"
TXN-90085,BNK-90085,SETTLED,799.0,INR,BATCH-20260801-19,2026-08-01 18:00:40,2026-08-01 18:08:40,00,Settlement completed,"{""source"": ""mock_bank"", ""environment"": ""hackathon"", ""batchType"": ""standard""}"
TXN-90086,BNK-90086,SETTLED,199.0,INR,BATCH-20260801-11,2026-08-01 18:09:38,2026-08-01 18:37:38,00,Settlement completed,"{""source"": ""mock_bank"", ""environment"": ""hackathon"", ""batchType"": ""standard""}"
TXN-90087,BNK-90087,SETTLED,1250.0,INR,BATCH-20260801-03,2026-08-01 18:20:03,2026-08-01 18:37:03,00,Settlement completed,"{""source"": ""mock_bank"", ""environment"": ""hackathon"", ""batchType"": ""standard""}"
TXN-90088,BNK-90088,SETTLED,799.0,INR,BATCH-20260801-07,2026-08-01 18:23:26,2026-08-01 18:40:26,00,Settlement completed,"{""source"": ""mock_bank"", ""environment"": ""hackathon"", ""batchType"": ""standard""}"
TXN-90089,BNK-90089,REJECTED,299.0,INR,BATCH-20260801-14,2026-08-01 18:27:11,,R01,Settlement rejected by bank,"{""source"": ""mock_bank"", ""environment"": ""hackathon"", ""batchType"": ""standard""}"
TXN-90090,BNK-90090,SETTLED,12500.0,INR,BATCH-20260801-10,2026-08-01 18:37:01,2026-08-01 18:54:01,00,Settlement completed,"{""source"": ""mock_bank"", ""environment"": ""hackathon"", ""batchType"": ""standard""}"
TXN-90091,BNK-90091,SETTLED,12500.0,INR,BATCH-20260801-17,2026-08-01 18:47:47,2026-08-01 19:01:47,00,Settlement completed,"{""source"": ""mock_bank"", ""environment"": ""hackathon"", ""batchType"": ""standard""}"
TXN-90092,BNK-90092,SETTLED,199.0,INR,BATCH-20260801-06,2026-08-01 18:48:52,2026-08-01 19:11:52,00,Settlement completed,"{""source"": ""mock_bank"", ""environment"": ""hackathon"", ""batchType"": ""standard""}"
TXN-90093,BNK-90093,SETTLED,1499.0,INR,BATCH-20260801-07,2026-08-01 18:59:06,2026-08-01 19:19:06,00,Settlement completed,"{""source"": ""mock_bank"", ""environment"": ""hackathon"", ""batchType"": ""standard""}"
TXN-90094,BNK-90094,SETTLED,3499.0,INR,BATCH-20260801-04,2026-08-01 19:06:28,2026-08-01 19:16:28,00,Settlement completed,"{""source"": ""mock_bank"", ""environment"": ""hackathon"", ""batchType"": ""standard""}"
TXN-90095,BNK-90095,SETTLED,1250.0,INR,BATCH-20260801-12,2026-08-01 19:15:55,2026-08-01 19:26:55,00,Settlement completed,"{""source"": ""mock_bank"", ""environment"": ""hackathon"", ""batchType"": ""standard""}"
TXN-90096,BNK-90096,SETTLED,1999.0,INR,BATCH-20260801-19,2026-08-01 19:19:15,2026-08-01 19:37:15,00,Settlement completed,"{""source"": ""mock_bank"", ""environment"": ""hackathon"", ""batchType"": ""standard""}"
TXN-90097,BNK-90097,SETTLED,4999.0,INR,BATCH-20260801-18,2026-08-01 19:28:28,2026-08-01 19:52:28,00,Settlement completed,"{""source"": ""mock_bank"", ""environment"": ""hackathon"", ""batchType"": ""standard""}"
TXN-90098,BNK-90098,SETTLED,799.0,INR,BATCH-20260801-13,2026-08-01 19:38:24,2026-08-01 19:50:24,00,Settlement completed,"{""source"": ""mock_bank"", ""environment"": ""hackathon"", ""batchType"": ""standard""}"
TXN-90099,BNK-90099,SETTLED,1999.0,INR,BATCH-20260801-12,2026-08-01 19:35:51,2026-08-01 19:54:51,00,Settlement completed,"{""source"": ""mock_bank"", ""environment"": ""hackathon"", ""batchType"": ""standard""}"
TXN-90100,BNK-90100,SETTLED,2499.0,INR,BATCH-20260801-17,2026-08-01 19:49:12,2026-08-01 20:06:12,00,Settlement completed,"{""source"": ""mock_bank"", ""environment"": ""hackathon"", ""batchType"": ""standard""}"
TXN-90101,BNK-90101,SETTLED,2899.0,INR,BATCH-20260801-10,2026-08-01 19:55:27,2026-08-01 20:24:27,00,Settlement completed,"{""source"": ""mock_bank"", ""environment"": ""hackathon"", ""batchType"": ""standard""}"
TXN-90102,BNK-90102,SETTLED,1599.0,INR,BATCH-20260801-20,2026-08-01 19:57:12,2026-08-01 20:11:12,00,Settlement completed,"{""source"": ""mock_bank"", ""environment"": ""hackathon"", ""batchType"": ""standard""}"
TXN-90103,BNK-90103,PENDING,499.0,INR,BATCH-20260801-09,2026-08-01 20:06:50,,P01,Settlement pending with acquiring bank,"{""source"": ""mock_bank"", ""environment"": ""hackathon"", ""batchType"": ""standard""}"
TXN-90104,BNK-90104,SETTLED,1599.0,INR,BATCH-20260801-19,2026-08-01 20:17:03,2026-08-01 20:38:03,00,Settlement completed,"{""source"": ""mock_bank"", ""environment"": ""hackathon"", ""batchType"": ""standard""}"
TXN-90105,BNK-90105,SETTLED,12500.0,INR,BATCH-20260801-16,2026-08-01 20:24:09,2026-08-01 20:33:09,00,Settlement completed,"{""source"": ""mock_bank"", ""environment"": ""hackathon"", ""batchType"": ""standard""}"
TXN-90106,BNK-90106,SETTLED,12500.0,INR,BATCH-20260801-16,2026-08-01 20:32:25,2026-08-01 20:42:25,00,Settlement completed,"{""source"": ""mock_bank"", ""environment"": ""hackathon"", ""batchType"": ""standard""}"
TXN-90107,BNK-90107,SETTLED,6750.0,INR,BATCH-20260801-15,2026-08-01 20:40:22,2026-08-01 20:57:22,00,Settlement completed,"{""source"": ""mock_bank"", ""environment"": ""hackathon"", ""batchType"": ""standard""}"
TXN-90108,BNK-90108,SETTLED,3499.0,INR,BATCH-20260801-05,2026-08-01 20:44:54,2026-08-01 20:59:54,00,Settlement completed,"{""source"": ""mock_bank"", ""environment"": ""hackathon"", ""batchType"": ""standard""}"
TXN-90109,BNK-90109,SETTLED,4999.0,INR,BATCH-20260801-08,2026-08-01 20:50:44,2026-08-01 20:58:44,00,Settlement completed,"{""source"": ""mock_bank"", ""environment"": ""hackathon"", ""batchType"": ""standard""}"
TXN-90110,BNK-90110,SETTLED,1250.0,INR,BATCH-20260801-08,2026-08-01 20:56:45,2026-08-01 21:10:45,00,Settlement completed,"{""source"": ""mock_bank"", ""environment"": ""hackathon"", ""batchType"": ""standard""}"
TXN-90111,BNK-90111,SETTLED,2499.0,INR,BATCH-20260801-09,2026-08-01 21:04:46,2026-08-01 21:25:46,00,Settlement completed,"{""source"": ""mock_bank"", ""environment"": ""hackathon"", ""batchType"": ""standard""}"
TXN-90112,BNK-90112,SETTLED,12500.0,INR,BATCH-20260801-17,2026-08-01 21:10:13,2026-08-01 21:39:13,00,Settlement completed,"{""source"": ""mock_bank"", ""environment"": ""hackathon"", ""batchType"": ""standard""}"
TXN-90113,BNK-90113,SETTLED,499.0,INR,BATCH-20260801-13,2026-08-01 21:20:53,2026-08-01 21:46:53,00,Settlement completed,"{""source"": ""mock_bank"", ""environment"": ""hackathon"", ""batchType"": ""standard""}"
TXN-90114,BNK-90114,SETTLED,2899.0,INR,BATCH-20260801-14,2026-08-01 21:22:44,2026-08-01 21:42:44,00,Settlement completed,"{""source"": ""mock_bank"", ""environment"": ""hackathon"", ""batchType"": ""standard""}"
TXN-90115,BNK-90115,SETTLED,4999.0,INR,BATCH-20260801-19,2026-08-01 21:33:50,2026-08-01 21:48:50,00,Settlement completed,"{""source"": ""mock_bank"", ""environment"": ""hackathon"", ""batchType"": ""standard""}"
TXN-90116,BNK-90116,SETTLED,8999.0,INR,BATCH-20260801-12,2026-08-01 21:43:11,2026-08-01 22:01:11,00,Settlement completed,"{""source"": ""mock_bank"", ""environment"": ""hackathon"", ""batchType"": ""standard""}"
TXN-90117,BNK-90117,SETTLED,299.0,INR,BATCH-20260801-08,2026-08-01 21:45:44,2026-08-01 21:59:44,00,Settlement completed,"{""source"": ""mock_bank"", ""environment"": ""hackathon"", ""batchType"": ""standard""}"
TXN-90118,BNK-90118,SETTLED,2499.0,INR,BATCH-20260801-09,2026-08-01 21:52:07,2026-08-01 22:13:07,00,Settlement completed,"{""source"": ""mock_bank"", ""environment"": ""hackathon"", ""batchType"": ""standard""}"
TXN-90119,BNK-90119,SETTLED,2899.0,INR,BATCH-20260801-20,2026-08-01 22:00:33,2026-08-01 22:16:33,00,Settlement completed,"{""source"": ""mock_bank"", ""environment"": ""hackathon"", ""batchType"": ""standard""}"
TXN-90120,BNK-90120,SETTLED,2499.0,INR,BATCH-20260801-13,2026-08-01 22:12:53,2026-08-01 22:39:53,00,Settlement completed,"{""source"": ""mock_bank"", ""environment"": ""hackathon"", ""batchType"": ""standard""}"
TXN-90121,BNK-90121,SETTLED,999.0,INR,BATCH-20260801-20,2026-08-01 22:11:15,2026-08-01 22:39:15,00,Settlement completed,"{""source"": ""mock_bank"", ""environment"": ""hackathon"", ""batchType"": ""standard""}"
TXN-90122,BNK-90122,SETTLED,3499.0,INR,BATCH-20260801-20,2026-08-01 22:23:59,2026-08-01 22:11:59,00,Settlement completed,"{""source"": ""mock_bank"", ""environment"": ""hackathon"", ""batchType"": ""standard""}"
TXN-90123,BNK-90123,SETTLED,4999.0,INR,BATCH-20260801-19,2026-08-01 22:31:53,2026-08-01 22:47:53,00,Settlement completed,"{""source"": ""mock_bank"", ""environment"": ""hackathon"", ""batchType"": ""standard""}"
TXN-90124,BNK-90124,SETTLED,199.0,INR,BATCH-20260801-11,2026-08-01 22:35:07,2026-08-01 22:50:07,00,Settlement completed,"{""source"": ""mock_bank"", ""environment"": ""hackathon"", ""batchType"": ""standard""}"
TXN-90125,BNK-90125,SETTLED,3499.0,INR,BATCH-20260801-14,2026-08-01 22:45:47,2026-08-01 23:01:47,00,Settlement completed,"{""source"": ""mock_bank"", ""environment"": ""hackathon"", ""batchType"": ""standard""}"
TXN-90126,BNK-90126,SETTLED,1250.0,INR,BATCH-20260801-05,2026-08-01 22:52:56,2026-08-01 23:20:56,00,Settlement completed,"{""source"": ""mock_bank"", ""environment"": ""hackathon"", ""batchType"": ""standard""}"
TXN-90128,BNK-90128,SETTLED,499.0,INR,BATCH-20260801-14,2026-08-01 23:06:51,2026-08-01 23:27:51,00,Settlement completed,"{""source"": ""mock_bank"", ""environment"": ""hackathon"", ""batchType"": ""standard""}"
TXN-90129,BNK-90129,SETTLED,4200.0,INR,BATCH-20260801-13,2026-08-01 23:10:09,2026-08-01 23:30:09,00,Settlement completed,"{""source"": ""mock_bank"", ""environment"": ""hackathon"", ""batchType"": ""standard""}"
TXN-90130,BNK-90130,SETTLED,6750.0,INR,BATCH-20260801-15,2026-08-01 23:17:13,2026-08-01 23:34:13,00,Settlement completed,"{""source"": ""mock_bank"", ""environment"": ""hackathon"", ""batchType"": ""standard""}"
TXN-90131,BNK-90131,SETTLED,12500.0,INR,BATCH-20260801-12,2026-08-01 23:25:00,2026-08-01 23:35:00,00,Settlement completed,"{""source"": ""mock_bank"", ""environment"": ""hackathon"", ""batchType"": ""standard""}"
TXN-90132,BNK-90132,SETTLED,199.0,INR,BATCH-20260801-20,2026-08-01 23:37:57,2026-08-01 23:46:57,00,Settlement completed,"{""source"": ""mock_bank"", ""environment"": ""hackathon"", ""batchType"": ""standard""}"
TXN-90133,BNK-90133,REJECTED,4200.0,INR,BATCH-20260801-18,2026-08-01 23:39:26,,R01,Settlement rejected by bank,"{""source"": ""mock_bank"", ""environment"": ""hackathon"", ""batchType"": ""standard""}"
TXN-90134,BNK-90134,SETTLED,199.0,INR,BATCH-20260801-16,2026-08-01 23:42:13,2026-08-01 23:55:13,00,Settlement completed,"{""source"": ""mock_bank"", ""environment"": ""hackathon"", ""batchType"": ""standard""}"
TXN-90135,BNK-90135,SETTLED,999.0,INR,BATCH-20260801-03,2026-08-01 23:53:30,2026-08-02 00:15:30,00,Settlement completed,"{""source"": ""mock_bank"", ""environment"": ""hackathon"", ""batchType"": ""standard""}"
TXN-90136,BNK-90136,SETTLED,499.0,INR,BATCH-20260801-09,2026-08-01 23:58:19,2026-08-02 00:11:19,00,Settlement completed,"{""source"": ""mock_bank"", ""environment"": ""hackathon"", ""batchType"": ""standard""}"
TXN-90137,BNK-90137,SETTLED,6750.0,INR,BATCH-20260801-08,2026-08-02 00:01:34,2026-08-02 00:14:34,00,Settlement completed,"{""source"": ""mock_bank"", ""environment"": ""hackathon"", ""batchType"": ""standard""}"
TXN-90138,BNK-90138,SETTLED,999.0,INR,BATCH-20260802-10,2026-08-02 00:11:55,2026-08-02 00:21:55,00,Settlement completed,"{""source"": ""mock_bank"", ""environment"": ""hackathon"", ""batchType"": ""standard""}"
TXN-90139,BNK-90139,SETTLED,499.0,INR,BATCH-20260802-17,2026-08-02 00:24:20,2026-08-02 00:46:20,00,Settlement completed,"{""source"": ""mock_bank"", ""environment"": ""hackathon"", ""batchType"": ""standard""}"
TXN-90140,BNK-90140,SETTLED,4200.0,INR,BATCH-20260802-16,2026-08-02 00:26:21,2026-08-02 00:47:21,00,Settlement completed,"{""source"": ""mock_bank"", ""environment"": ""hackathon"", ""batchType"": ""standard""}"
TXN-90141,BNK-90141,SETTLED,1250.0,INR,BATCH-20260802-13,2026-08-02 00:36:35,2026-08-02 00:54:35,00,Settlement completed,"{""source"": ""mock_bank"", ""environment"": ""hackathon"", ""batchType"": ""standard""}"
TXN-90142,BNK-90142,SETTLED,1.0,INR,BATCH-20260802-11,2026-08-02 00:42:56,2026-08-02 01:05:56,00,Settlement completed,"{""source"": ""mock_bank"", ""environment"": ""hackathon"", ""batchType"": ""standard""}"
TXN-90143,BNK-90143,SETTLED,499.0,INR,BATCH-20260802-17,2026-08-02 00:45:27,2026-08-02 01:05:27,00,Settlement completed,"{""source"": ""mock_bank"", ""environment"": ""hackathon"", ""batchType"": ""standard""}"
TXN-90144,BNK-90144,SETTLED,8999.0,INR,BATCH-20260802-05,2026-08-02 00:53:25,2026-08-02 01:21:25,00,Settlement completed,"{""source"": ""mock_bank"", ""environment"": ""hackathon"", ""batchType"": ""standard""}"
TXN-90145,BNK-90145,SETTLED,1999.0,INR,BATCH-20260802-16,2026-08-02 01:03:45,2026-08-02 01:17:45,00,Settlement completed,"{""source"": ""mock_bank"", ""environment"": ""hackathon"", ""batchType"": ""standard""}"
TXN-90146,BNK-90146,SETTLED,199.0,INR,BATCH-20260802-06,2026-08-02 01:12:24,2026-08-02 01:36:24,00,Settlement completed,"{""source"": ""mock_bank"", ""environment"": ""hackathon"", ""batchType"": ""standard""}"
TXN-90147,BNK-90147,SETTLED,6750.0,INR,BATCH-20260802-17,2026-08-02 01:17:50,2026-08-02 01:26:50,00,Settlement completed,"{""source"": ""mock_bank"", ""environment"": ""hackathon"", ""batchType"": ""standard""}"
TXN-90148,BNK-90148,SETTLED,4200.0,INR,BATCH-20260802-19,2026-08-02 01:24:22,2026-08-02 01:42:22,00,Settlement completed,"{""source"": ""mock_bank"", ""environment"": ""hackathon"", ""batchType"": ""standard""}"
TXN-90149,BNK-90149,SETTLED,1499.0,INR,BATCH-20260802-14,2026-08-02 01:28:26,2026-08-02 01:51:26,00,Settlement completed,"{""source"": ""mock_bank"", ""environment"": ""hackathon"", ""batchType"": ""standard""}"
TXN-90150,BNK-90150,SETTLED,12500.0,INR,BATCH-20260802-01,2026-08-02 01:43:18,2026-08-02 02:10:18,00,Settlement completed,"{""source"": ""mock_bank"", ""environment"": ""hackathon"", ""batchType"": ""standard""}"
TXN-90151,BNK-90151,SETTLED,299.0,INR,BATCH-20260802-06,2026-08-02 01:47:36,2026-08-02 02:11:36,00,Settlement completed,"{""source"": ""mock_bank"", ""environment"": ""hackathon"", ""batchType"": ""standard""}"
TXN-90152,BNK-90152,SETTLED,12500.0,INR,BATCH-20260802-15,2026-08-02 01:53:25,2026-08-02 02:18:25,00,Settlement completed,"{""source"": ""mock_bank"", ""environment"": ""hackathon"", ""batchType"": ""standard""}"
TXN-90153,BNK-90153,SETTLED,499.0,INR,BATCH-20260802-14,2026-08-02 02:03:36,2026-08-02 02:22:36,00,Settlement completed,"{""source"": ""mock_bank"", ""environment"": ""hackathon"", ""batchType"": ""standard""}"
TXN-90154,BNK-90154,SETTLED,999.0,INR,BATCH-20260802-06,2026-08-02 02:06:32,2026-08-02 02:14:32,00,Settlement completed,"{""source"": ""mock_bank"", ""environment"": ""hackathon"", ""batchType"": ""standard""}"
TXN-90155,BNK-90155,SETTLED,1399.0,INR,BATCH-20260802-09,2026-08-02 02:09:20,2026-08-02 02:37:20,00,Settlement completed,"{""source"": ""mock_bank"", ""environment"": ""hackathon"", ""batchType"": ""standard""}"
TXN-90156,BNK-90156,SETTLED,1250.0,INR,BATCH-20260802-09,2026-08-02 02:19:29,2026-08-02 02:47:29,00,Settlement completed,"{""source"": ""mock_bank"", ""environment"": ""hackathon"", ""batchType"": ""standard""}"
TXN-90157,BNK-90157,SETTLED,8999.0,INR,BATCH-20260802-10,2026-08-02 02:22:35,2026-08-02 02:35:35,00,Settlement completed,"{""source"": ""mock_bank"", ""environment"": ""hackathon"", ""batchType"": ""standard""}"
TXN-90158,BNK-90158,SETTLED,1250.0,INR,BATCH-20260802-09,2026-08-02 02:33:26,2026-08-02 02:53:26,00,Settlement completed,"{""source"": ""mock_bank"", ""environment"": ""hackathon"", ""batchType"": ""standard""}"
TXN-90159,BNK-90159,SETTLED,299.0,INR,BATCH-20260802-07,2026-08-02 02:37:46,2026-08-02 03:02:46,00,Settlement completed,"{""source"": ""mock_bank"", ""environment"": ""hackathon"", ""batchType"": ""standard""}"
TXN-90160,BNK-90160,SETTLED,2499.0,INR,BATCH-20260802-10,2026-08-02 02:43:40,2026-08-02 03:13:40,00,Settlement completed,"{""source"": ""mock_bank"", ""environment"": ""hackathon"", ""batchType"": ""standard""}"
TXN-90161,BNK-90161,SETTLED,4999.0,INR,BATCH-20260802-15,2026-08-02 02:56:15,2026-08-02 03:21:15,00,Settlement completed,"{""source"": ""mock_bank"", ""environment"": ""hackathon"", ""batchType"": ""standard""}"
TXN-90162,BNK-90162,PENDING,4999.0,INR,BATCH-20260802-11,2026-08-02 03:03:01,,P01,Settlement pending with acquiring bank,"{""source"": ""mock_bank"", ""environment"": ""hackathon"", ""batchType"": ""standard""}"
TXN-90163,BNK-90163,SETTLED,3499.0,INR,BATCH-20260802-02,2026-08-02 03:07:07,2026-08-02 03:31:07,00,Settlement completed,"{""source"": ""mock_bank"", ""environment"": ""hackathon"", ""batchType"": ""standard""}"
TXN-90164,BNK-90164,SETTLED,3499.0,INR,BATCH-20260802-20,2026-08-02 03:15:14,2026-08-02 03:38:14,00,Settlement completed,"{""source"": ""mock_bank"", ""environment"": ""hackathon"", ""batchType"": ""standard""}"
TXN-90165,BNK-90165,SETTLED,8999.0,INR,BATCH-20260802-10,2026-08-02 03:19:08,2026-08-02 03:27:08,00,Settlement completed,"{""source"": ""mock_bank"", ""environment"": ""hackathon"", ""batchType"": ""standard""}"
TXN-90166,BNK-90166,SETTLED,2399.0,INR,BATCH-20260802-07,2026-08-02 03:28:40,2026-08-02 03:51:40,00,Settlement completed,"{""source"": ""mock_bank"", ""environment"": ""hackathon"", ""batchType"": ""standard""}"
TXN-90167,BNK-90167,SETTLED,4200.0,INR,BATCH-20260802-04,2026-08-02 03:40:55,2026-08-02 03:48:55,00,Settlement completed,"{""source"": ""mock_bank"", ""environment"": ""hackathon"", ""batchType"": ""standard""}"
TXN-90168,BNK-90168,SETTLED,1250.0,INR,BATCH-20260802-10,2026-08-02 03:42:25,2026-08-02 04:12:25,00,Settlement completed,"{""source"": ""mock_bank"", ""environment"": ""hackathon"", ""batchType"": ""standard""}"
TXN-90169,BNK-90169,SETTLED,1250.0,INR,BATCH-20260802-14,2026-08-02 03:49:12,2026-08-02 04:10:12,00,Settlement completed,"{""source"": ""mock_bank"", ""environment"": ""hackathon"", ""batchType"": ""standard""}"
TXN-90170,BNK-90170,SETTLED,1250.0,INR,BATCH-20260802-11,2026-08-02 03:56:52,2026-08-02 04:20:52,00,Settlement completed,"{""source"": ""mock_bank"", ""environment"": ""hackathon"", ""batchType"": ""standard""}"
TXN-90171,BNK-90171,SETTLED,1999.0,INR,BATCH-20260802-08,2026-08-02 04:07:33,2026-08-02 04:28:33,00,Settlement completed,"{""source"": ""mock_bank"", ""environment"": ""hackathon"", ""batchType"": ""standard""}"
TXN-90172,BNK-90172,SETTLED,1599.0,INR,BATCH-20260802-12,2026-08-02 04:15:36,2026-08-02 04:30:36,00,Settlement completed,"{""source"": ""mock_bank"", ""environment"": ""hackathon"", ""batchType"": ""standard""}"
TXN-90173,BNK-90173,SETTLED,4999.0,INR,BATCH-20260802-18,2026-08-02 04:18:55,2026-08-02 04:26:55,00,Settlement completed,"{""source"": ""mock_bank"", ""environment"": ""hackathon"", ""batchType"": ""standard""}"
TXN-90174,BNK-90174,SETTLED,1599.0,INR,BATCH-20260802-08,2026-08-02 04:29:44,2026-08-02 04:58:44,00,Settlement completed,"{""source"": ""mock_bank"", ""environment"": ""hackathon"", ""batchType"": ""standard""}"
TXN-90175,BNK-90175,SETTLED,1599.0,INR,BATCH-20260802-03,2026-08-02 04:28:40,2026-08-02 04:50:40,00,Settlement completed,"{""source"": ""mock_bank"", ""environment"": ""hackathon"", ""batchType"": ""standard""}"
TXN-90176,BNK-90176,SETTLED,1599.0,INR,BATCH-20260802-14,2026-08-02 04:40:36,2026-08-02 04:32:36,00,Settlement completed,"{""source"": ""mock_bank"", ""environment"": ""hackathon"", ""batchType"": ""standard""}"
TXN-90177,BNK-90177,SETTLED,1000.0,INR,BATCH-20260802-17,2026-08-02 04:46:14,2026-08-02 05:04:14,00,Settlement completed,"{""source"": ""mock_bank"", ""environment"": ""hackathon"", ""batchType"": ""standard""}"
TXN-90178,BNK-90178,SETTLED,2249.0,INR,BATCH-20260802-02,2026-08-02 04:57:08,2026-08-02 05:07:08,00,Settlement completed,"{""source"": ""mock_bank"", ""environment"": ""hackathon"", ""batchType"": ""standard""}"
TXN-90179,BNK-90179,SETTLED,1599.0,INR,BATCH-20260802-08,2026-08-02 05:05:08,2026-08-02 05:28:08,00,Settlement completed,"{""source"": ""mock_bank"", ""environment"": ""hackathon"", ""batchType"": ""standard""}"
TXN-90180,BNK-90180,SETTLED,199.0,INR,BATCH-20260802-18,2026-08-02 05:03:27,2026-08-02 05:31:27,00,Settlement completed,"{""source"": ""mock_bank"", ""environment"": ""hackathon"", ""batchType"": ""standard""}"
TXN-90181,BNK-90181,SETTLED,4999.0,INR,BATCH-20260802-06,2026-08-02 05:14:32,2026-08-02 05:33:32,00,Settlement completed,"{""source"": ""mock_bank"", ""environment"": ""hackathon"", ""batchType"": ""standard""}"
TXN-90182,BNK-90182,SETTLED,8999.0,INR,BATCH-20260802-20,2026-08-02 05:23:51,2026-08-02 05:48:51,00,Settlement completed,"{""source"": ""mock_bank"", ""environment"": ""hackathon"", ""batchType"": ""standard""}"
TXN-90183,BNK-90183,REJECTED,1250.0,INR,BATCH-20260802-20,2026-08-02 05:26:59,,R01,Settlement rejected by bank,"{""source"": ""mock_bank"", ""environment"": ""hackathon"", ""batchType"": ""standard""}"
TXN-90184,BNK-90184,SETTLED,3499.0,INR,BATCH-20260802-15,2026-08-02 05:36:15,2026-08-02 06:00:15,00,Settlement completed,"{""source"": ""mock_bank"", ""environment"": ""hackathon"", ""batchType"": ""standard""}"
TXN-90185,BNK-90185,PENDING,1599.0,INR,BATCH-20260802-09,2026-08-02 05:45:29,,P01,Settlement pending with acquiring bank,"{""source"": ""mock_bank"", ""environment"": ""hackathon"", ""batchType"": ""standard""}"
TXN-90186,BNK-90186,SETTLED,1599.0,INR,BATCH-20260802-08,2026-08-02 05:48:54,2026-08-02 06:00:54,00,Settlement completed,"{""source"": ""mock_bank"", ""environment"": ""hackathon"", ""batchType"": ""standard""}"
TXN-90187,BNK-90187,SETTLED,6750.0,INR,BATCH-20260802-12,2026-08-02 05:58:55,2026-08-02 06:21:55,00,Settlement completed,"{""source"": ""mock_bank"", ""environment"": ""hackathon"", ""batchType"": ""standard""}"
TXN-90188,BNK-90188,SETTLED,4999.0,INR,BATCH-20260802-10,2026-08-02 06:01:48,2026-08-02 06:20:48,00,Settlement completed,"{""source"": ""mock_bank"", ""environment"": ""hackathon"", ""batchType"": ""standard""}"
TXN-90189,BNK-90189,SETTLED,4999.0,INR,BATCH-20260802-16,2026-08-02 06:11:45,2026-08-02 06:37:45,00,Settlement completed,"{""source"": ""mock_bank"", ""environment"": ""hackathon"", ""batchType"": ""standard""}"
TXN-90190,BNK-90190,SETTLED,999.0,INR,BATCH-20260802-18,2026-08-02 06:16:24,2026-08-02 06:44:24,00,Settlement completed,"{""source"": ""mock_bank"", ""environment"": ""hackathon"", ""batchType"": ""standard""}"
TXN-90191,BNK-90191,SETTLED,4200.0,INR,BATCH-20260802-20,2026-08-02 06:23:49,2026-08-02 06:51:49,00,Settlement completed,"{""source"": ""mock_bank"", ""environment"": ""hackathon"", ""batchType"": ""standard""}"
TXN-90192,BNK-90192,SETTLED,1250.0,INR,BATCH-20260802-02,2026-08-02 06:32:11,2026-08-02 06:49:11,00,Settlement completed,"{""source"": ""mock_bank"", ""environment"": ""hackathon"", ""batchType"": ""standard""}"
TXN-90193,BNK-90193,SETTLED,4999.0,INR,BATCH-20260802-09,2026-08-02 06:42:50,2026-08-02 07:12:50,00,Settlement completed,"{""source"": ""mock_bank"", ""environment"": ""hackathon"", ""batchType"": ""standard""}"
TXN-90194,BNK-90194,PENDING,1999.0,INR,BATCH-20260802-19,2026-08-02 06:47:06,,P01,Settlement pending with acquiring bank,"{""source"": ""mock_bank"", ""environment"": ""hackathon"", ""batchType"": ""standard""}"
TXN-90195,BNK-90195,SETTLED,4999.0,INR,BATCH-20260802-16,2026-08-02 06:49:09,2026-08-02 06:59:09,00,Settlement completed,"{""source"": ""mock_bank"", ""environment"": ""hackathon"", ""batchType"": ""standard""}"
TXN-90196,BNK-90196,REJECTED,2899.0,INR,BATCH-20260802-12,2026-08-02 06:56:27,,R01,Settlement rejected by bank,"{""source"": ""mock_bank"", ""environment"": ""hackathon"", ""batchType"": ""standard""}"
TXN-90197,BNK-90197,PENDING,799.0,INR,BATCH-20260802-03,2026-08-02 07:12:25,,P01,Settlement pending with acquiring bank,"{""source"": ""mock_bank"", ""environment"": ""hackathon"", ""batchType"": ""standard""}"
TXN-90198,BNK-90198,SETTLED,1250.0,INR,BATCH-20260802-11,2026-08-02 07:15:01,2026-08-02 07:40:01,00,Settlement completed,"{""source"": ""mock_bank"", ""environment"": ""hackathon"", ""batchType"": ""standard""}"
TXN-90199,BNK-90199,REJECTED,3499.0,INR,BATCH-20260802-03,2026-08-02 07:16:45,,R01,Settlement rejected by bank,"{""source"": ""mock_bank"", ""environment"": ""hackathon"", ""batchType"": ""standard""}"
TXN-90200,BNK-90200,SETTLED,999.0,INR,BATCH-20260802-19,2026-08-02 07:28:13,2026-08-02 07:48:13,00,Settlement completed,"{""source"": ""mock_bank"", ""environment"": ""hackathon"", ""batchType"": ""standard""}"
TXN-90201,BNK-90201,SETTLED,2899.0,INR,BATCH-20260802-18,2026-08-02 07:32:12,2026-08-02 08:01:12,00,Settlement completed,"{""source"": ""mock_bank"", ""environment"": ""hackathon"", ""batchType"": ""standard""}"
TXN-90201,BNK-90201-DUP,SETTLED,2899.0,INR,BATCH-20260802-18,2026-08-02 07:32:12,2026-08-02 08:01:12,00,Settlement completed,"{""source"": ""mock_bank"", ""environment"": ""hackathon"", ""duplicateTest"": true}"
TXN-90202,BNK-90202,SETTLED,3499.0,INR,BATCH-20260802-19,2026-08-02 07:44:37,2026-08-02 08:07:37,00,Settlement completed,"{""source"": ""mock_bank"", ""environment"": ""hackathon"", ""batchType"": ""standard""}"
TXN-90203,BNK-90203,SETTLED,4999.0,INR,BATCH-20260802-06,2026-08-02 07:53:45,2026-08-02 08:06:45,00,Settlement completed,"{""source"": ""mock_bank"", ""environment"": ""hackathon"", ""batchType"": ""standard""}"
TXN-90204,BNK-90204,SETTLED,499.0,INR,BATCH-20260802-10,2026-08-02 07:56:12,2026-08-02 08:16:12,00,Settlement completed,"{""source"": ""mock_bank"", ""environment"": ""hackathon"", ""batchType"": ""standard""}"
TXN-90205,BNK-90205,SETTLED,799.0,INR,BATCH-20260802-13,2026-08-02 08:08:18,2026-08-02 08:21:18,00,Settlement completed,"{""source"": ""mock_bank"", ""environment"": ""hackathon"", ""batchType"": ""standard""}"
TXN-90206,BNK-90206,SETTLED,8999.0,INR,BATCH-20260802-12,2026-08-02 08:09:22,2026-08-02 08:34:22,00,Settlement completed,"{""source"": ""mock_bank"", ""environment"": ""hackathon"", ""batchType"": ""standard""}"
TXN-90207,BNK-90207,SETTLED,3499.0,INR,BATCH-20260802-02,2026-08-02 08:18:23,2026-08-02 08:30:23,00,Settlement completed,"{""source"": ""mock_bank"", ""environment"": ""hackathon"", ""batchType"": ""standard""}"
TXN-90208,BNK-90208,SETTLED,2899.0,INR,BATCH-20260802-12,2026-08-02 08:26:38,2026-08-02 08:56:38,00,Settlement completed,"{""source"": ""mock_bank"", ""environment"": ""hackathon"", ""batchType"": ""standard""}"
TXN-90209,BNK-90209,SETTLED,6750.0,INR,BATCH-20260802-18,2026-08-02 08:28:12,2026-08-02 08:44:12,00,Settlement completed,"{""source"": ""mock_bank"", ""environment"": ""hackathon"", ""batchType"": ""standard""}"
TXN-90210,BNK-90210,SETTLED,199.0,INR,BATCH-20260802-03,2026-08-02 08:41:25,2026-08-02 09:10:25,00,Settlement completed,"{""source"": ""mock_bank"", ""environment"": ""hackathon"", ""batchType"": ""standard""}"
TXN-90211,BNK-90211,SETTLED,2499.0,INR,BATCH-20260802-04,2026-08-02 08:46:32,2026-08-02 09:11:32,00,Settlement completed,"{""source"": ""mock_bank"", ""environment"": ""hackathon"", ""batchType"": ""standard""}"
TXN-90212,BNK-90212,SETTLED,1599.0,INR,BATCH-20260802-13,2026-08-02 08:51:53,2026-08-02 09:19:53,00,Settlement completed,"{""source"": ""mock_bank"", ""environment"": ""hackathon"", ""batchType"": ""standard""}"
TXN-90213,BNK-90213,SETTLED,999.0,INR,BATCH-20260802-16,2026-08-02 08:57:19,2026-08-02 09:13:19,00,Settlement completed,"{""source"": ""mock_bank"", ""environment"": ""hackathon"", ""batchType"": ""standard""}"
TXN-90214,BNK-90214,SETTLED,199.0,INR,BATCH-20260802-04,2026-08-02 09:07:28,2026-08-02 09:15:28,00,Settlement completed,"{""source"": ""mock_bank"", ""environment"": ""hackathon"", ""batchType"": ""standard""}"
TXN-90214,BNK-90214-DUP,SETTLED,199.0,INR,BATCH-20260802-04,2026-08-02 09:07:28,2026-08-02 09:15:28,00,Settlement completed,"{""source"": ""mock_bank"", ""environment"": ""hackathon"", ""duplicateTest"": true}"
TXN-90215,BNK-90215,SETTLED,2499.0,INR,BATCH-20260802-19,2026-08-02 09:10:59,2026-08-02 09:34:59,00,Settlement completed,"{""source"": ""mock_bank"", ""environment"": ""hackathon"", ""batchType"": ""standard""}"
TXN-90216,BNK-90216,SETTLED,2499.0,INR,BATCH-20260802-08,2026-08-02 09:21:39,2026-08-02 09:48:39,00,Settlement completed,"{""source"": ""mock_bank"", ""environment"": ""hackathon"", ""batchType"": ""standard""}"
TXN-90217,BNK-90217,SETTLED,1449.0,INR,BATCH-20260802-06,2026-08-02 09:31:27,2026-08-02 09:53:27,00,Settlement completed,"{""source"": ""mock_bank"", ""environment"": ""hackathon"", ""batchType"": ""standard""}"
TXN-90218,BNK-90218,SETTLED,4999.0,INR,BATCH-20260802-02,2026-08-02 09:34:39,2026-08-02 09:59:39,00,Settlement completed,"{""source"": ""mock_bank"", ""environment"": ""hackathon"", ""batchType"": ""standard""}"
TXN-90219,BNK-90219,SETTLED,1499.0,INR,BATCH-20260802-13,2026-08-02 09:39:56,2026-08-02 09:29:56,00,Settlement completed,"{""source"": ""mock_bank"", ""environment"": ""hackathon"", ""batchType"": ""standard""}"
TXN-90220,BNK-90220,SETTLED,799.0,INR,BATCH-20260802-12,2026-08-02 09:49:26,2026-08-02 10:04:26,00,Settlement completed,"{""source"": ""mock_bank"", ""environment"": ""hackathon"", ""batchType"": ""standard""}"
TXN-90221,BNK-90221,SETTLED,6250.0,INR,BATCH-20260802-14,2026-08-02 09:50:10,2026-08-02 10:08:10,00,Settlement completed,"{""source"": ""mock_bank"", ""environment"": ""hackathon"", ""batchType"": ""standard""}"
TXN-90222,BNK-90222,SETTLED,1250.0,INR,BATCH-20260802-19,2026-08-02 10:04:56,2026-08-02 10:30:56,00,Settlement completed,"{""source"": ""mock_bank"", ""environment"": ""hackathon"", ""batchType"": ""standard""}"
TXN-90223,BNK-90223,SETTLED,4200.0,INR,BATCH-20260802-03,2026-08-02 10:09:14,2026-08-02 10:33:14,00,Settlement completed,"{""source"": ""mock_bank"", ""environment"": ""hackathon"", ""batchType"": ""standard""}"
TXN-90224,BNK-90224,SETTLED,4200.0,INR,BATCH-20260802-19,2026-08-02 10:16:13,2026-08-02 10:44:13,00,Settlement completed,"{""source"": ""mock_bank"", ""environment"": ""hackathon"", ""batchType"": ""standard""}"
TXN-90225,BNK-90225,SETTLED,1599.0,INR,BATCH-20260802-07,2026-08-02 10:25:31,2026-08-02 10:36:31,00,Settlement completed,"{""source"": ""mock_bank"", ""environment"": ""hackathon"", ""batchType"": ""standard""}"
TXN-90226,BNK-90226,SETTLED,1999.0,INR,BATCH-20260802-10,2026-08-02 10:26:43,2026-08-02 10:42:43,00,Settlement completed,"{""source"": ""mock_bank"", ""environment"": ""hackathon"", ""batchType"": ""standard""}"
TXN-90227,BNK-90227,SETTLED,799.0,INR,BATCH-20260802-17,2026-08-02 10:34:04,2026-08-02 10:52:04,00,Settlement completed,"{""source"": ""mock_bank"", ""environment"": ""hackathon"", ""batchType"": ""standard""}"
TXN-90228,BNK-90228,SETTLED,4200.0,INR,BATCH-20260802-17,2026-08-02 10:42:36,2026-08-02 11:03:36,00,Settlement completed,"{""source"": ""mock_bank"", ""environment"": ""hackathon"", ""batchType"": ""standard""}"
TXN-90229,BNK-90229,SETTLED,1.0,INR,BATCH-20260802-13,2026-08-02 10:53:54,2026-08-02 11:14:54,00,Settlement completed,"{""source"": ""mock_bank"", ""environment"": ""hackathon"", ""batchType"": ""standard""}"
TXN-90230,BNK-90230,SETTLED,2899.0,INR,BATCH-20260802-05,2026-08-02 10:57:58,2026-08-02 11:11:58,00,Settlement completed,"{""source"": ""mock_bank"", ""environment"": ""hackathon"", ""batchType"": ""standard""}"
TXN-90231,BNK-90231,SETTLED,4999.0,INR,BATCH-20260802-06,2026-08-02 11:04:44,2026-08-02 11:13:44,00,Settlement completed,"{""source"": ""mock_bank"", ""environment"": ""hackathon"", ""batchType"": ""standard""}"
TXN-90232,BNK-90232,SETTLED,1599.0,INR,BATCH-20260802-05,2026-08-02 11:12:22,2026-08-02 11:31:22,00,Settlement completed,"{""source"": ""mock_bank"", ""environment"": ""hackathon"", ""batchType"": ""standard""}"
TXN-90233,BNK-90233,SETTLED,499.0,INR,BATCH-20260802-09,2026-08-02 11:18:27,2026-08-02 11:33:27,00,Settlement completed,"{""source"": ""mock_bank"", ""environment"": ""hackathon"", ""batchType"": ""standard""}"
TXN-90234,BNK-90234,SETTLED,799.0,INR,BATCH-20260802-18,2026-08-02 11:22:36,2026-08-02 11:39:36,00,Settlement completed,"{""source"": ""mock_bank"", ""environment"": ""hackathon"", ""batchType"": ""standard""}"
TXN-90235,BNK-90235,SETTLED,199.0,INR,BATCH-20260802-17,2026-08-02 11:30:42,2026-08-02 11:52:42,00,Settlement completed,"{""source"": ""mock_bank"", ""environment"": ""hackathon"", ""batchType"": ""standard""}"
TXN-90236,BNK-90236,SETTLED,12500.0,INR,BATCH-20260802-10,2026-08-02 11:42:45,2026-08-02 12:08:45,00,Settlement completed,"{""source"": ""mock_bank"", ""environment"": ""hackathon"", ""batchType"": ""standard""}"
TXN-90237,BNK-90237,SETTLED,2499.0,INR,BATCH-20260802-02,2026-08-02 11:48:41,2026-08-02 12:00:41,00,Settlement completed,"{""source"": ""mock_bank"", ""environment"": ""hackathon"", ""batchType"": ""standard""}"
TXN-90238,BNK-90238,SETTLED,6750.0,INR,BATCH-20260802-13,2026-08-02 11:54:33,2026-08-02 12:14:33,00,Settlement completed,"{""source"": ""mock_bank"", ""environment"": ""hackathon"", ""batchType"": ""standard""}"
TXN-90239,BNK-90239,SETTLED,499.0,INR,BATCH-20260802-15,2026-08-02 12:05:45,2026-08-02 12:23:45,00,Settlement completed,"{""source"": ""mock_bank"", ""environment"": ""hackathon"", ""batchType"": ""standard""}"
TXN-90240,BNK-90240,PENDING,1999.0,INR,BATCH-20260802-09,2026-08-02 12:09:40,,P01,Settlement pending with acquiring bank,"{""source"": ""mock_bank"", ""environment"": ""hackathon"", ""batchType"": ""standard""}"
TXN-90241,BNK-90241,SETTLED,1499.0,INR,BATCH-20260802-07,2026-08-02 12:19:56,2026-08-02 12:31:56,00,Settlement completed,"{""source"": ""mock_bank"", ""environment"": ""hackathon"", ""batchType"": ""standard""}"
TXN-90242,BNK-90242,REJECTED,1250.0,INR,BATCH-20260802-05,2026-08-02 12:19:49,,R01,Settlement rejected by bank,"{""source"": ""mock_bank"", ""environment"": ""hackathon"", ""batchType"": ""standard""}"
TXN-90243,BNK-90243,REJECTED,4999.0,INR,BATCH-20260802-12,2026-08-02 12:27:14,,R01,Settlement rejected by bank,"{""source"": ""mock_bank"", ""environment"": ""hackathon"", ""batchType"": ""standard""}"
TXN-90244,BNK-90244,SETTLED,6750.0,INR,BATCH-20260802-01,2026-08-02 12:37:37,2026-08-02 13:02:37,00,Settlement completed,"{""source"": ""mock_bank"", ""environment"": ""hackathon"", ""batchType"": ""standard""}"
TXN-90245,BNK-90245,SETTLED,1250.0,INR,BATCH-20260802-11,2026-08-02 12:38:25,2026-08-02 13:08:25,00,Settlement completed,"{""source"": ""mock_bank"", ""environment"": ""hackathon"", ""batchType"": ""standard""}"
TXN-90246,BNK-90246,SETTLED,6750.0,INR,BATCH-20260802-15,2026-08-02 12:48:32,2026-08-02 13:11:32,00,Settlement completed,"{""source"": ""mock_bank"", ""environment"": ""hackathon"", ""batchType"": ""standard""}"
TXN-90247,BNK-90247,SETTLED,8999.0,INR,BATCH-20260802-11,2026-08-02 13:02:52,2026-08-02 13:17:52,00,Settlement completed,"{""source"": ""mock_bank"", ""environment"": ""hackathon"", ""batchType"": ""standard""}"
TXN-90248,BNK-90248,SETTLED,1250.0,INR,BATCH-20260802-04,2026-08-02 13:01:10,2026-08-02 13:11:10,00,Settlement completed,"{""source"": ""mock_bank"", ""environment"": ""hackathon"", ""batchType"": ""standard""}"
TXN-90249,BNK-90249,REJECTED,4999.0,INR,BATCH-20260802-02,2026-08-02 13:15:39,,R01,Settlement rejected by bank,"{""source"": ""mock_bank"", ""environment"": ""hackathon"", ""batchType"": ""standard""}"
TXN-90250,BNK-90250,SETTLED,799.0,INR,BATCH-20260802-04,2026-08-02 13:20:52,2026-08-02 13:41:52,00,Settlement completed,"{""source"": ""mock_bank"", ""environment"": ""hackathon"", ""batchType"": ""standard""}"
TXN-90251,BNK-90251,SETTLED,6750.0,INR,BATCH-20260802-03,2026-08-02 13:28:28,2026-08-02 13:54:28,00,Settlement completed,"{""source"": ""mock_bank"", ""environment"": ""hackathon"", ""batchType"": ""standard""}"
TXN-90252,BNK-90252,REJECTED,1250.0,INR,BATCH-20260802-11,2026-08-02 13:31:33,,R01,Settlement rejected by bank,"{""source"": ""mock_bank"", ""environment"": ""hackathon"", ""batchType"": ""standard""}"
TXN-90253,BNK-90253,SETTLED,8999.0,INR,BATCH-20260802-13,2026-08-02 13:44:08,2026-08-02 14:02:08,00,Settlement completed,"{""source"": ""mock_bank"", ""environment"": ""hackathon"", ""batchType"": ""standard""}"
TXN-90254,BNK-90254,SETTLED,1499.0,INR,BATCH-20260802-10,2026-08-02 13:43:58,2026-08-02 14:13:58,00,Settlement completed,"{""source"": ""mock_bank"", ""environment"": ""hackathon"", ""batchType"": ""standard""}"
TXN-90255,BNK-90255,SETTLED,4200.0,INR,BATCH-20260802-01,2026-08-02 13:51:22,2026-08-02 14:13:22,00,Settlement completed,"{""source"": ""mock_bank"", ""environment"": ""hackathon"", ""batchType"": ""standard""}"
TXN-90256,BNK-90256,SETTLED,799.0,INR,BATCH-20260802-13,2026-08-02 13:58:07,2026-08-02 14:13:07,00,Settlement completed,"{""source"": ""mock_bank"", ""environment"": ""hackathon"", ""batchType"": ""standard""}"
TXN-90257,BNK-90257,SETTLED,1599.0,INR,BATCH-20260802-07,2026-08-02 14:06:16,2026-08-02 14:30:16,00,Settlement completed,"{""source"": ""mock_bank"", ""environment"": ""hackathon"", ""batchType"": ""standard""}"
TXN-90258,BNK-90258,SETTLED,12500.0,INR,BATCH-20260802-14,2026-08-02 14:13:29,2026-08-02 14:38:29,00,Settlement completed,"{""source"": ""mock_bank"", ""environment"": ""hackathon"", ""batchType"": ""standard""}"
TXN-90259,BNK-90259,SETTLED,6750.0,INR,BATCH-20260802-10,2026-08-02 14:23:07,2026-08-02 14:16:07,00,Settlement completed,"{""source"": ""mock_bank"", ""environment"": ""hackathon"", ""batchType"": ""standard""}"
TXN-90260,BNK-90260,SETTLED,1499.0,INR,BATCH-20260802-08,2026-08-02 14:30:42,2026-08-02 14:48:42,00,Settlement completed,"{""source"": ""mock_bank"", ""environment"": ""hackathon"", ""batchType"": ""standard""}"
TXN-90261,BNK-90261,SETTLED,799.0,INR,BATCH-20260802-01,2026-08-02 14:34:42,2026-08-02 15:00:42,00,Settlement completed,"{""source"": ""mock_bank"", ""environment"": ""hackathon"", ""batchType"": ""standard""}"
TXN-90262,BNK-90262,SETTLED,1599.0,INR,BATCH-20260802-01,2026-08-02 14:41:13,2026-08-02 14:49:13,00,Settlement completed,"{""source"": ""mock_bank"", ""environment"": ""hackathon"", ""batchType"": ""standard""}"
TXN-90263,BNK-90263,SETTLED,4999.0,INR,BATCH-20260802-01,2026-08-02 14:49:34,2026-08-02 14:57:34,00,Settlement completed,"{""source"": ""mock_bank"", ""environment"": ""hackathon"", ""batchType"": ""standard""}"
TXN-90264,BNK-90264,SETTLED,2899.0,INR,BATCH-20260802-05,2026-08-02 14:58:20,2026-08-02 15:06:20,00,Settlement completed,"{""source"": ""mock_bank"", ""environment"": ""hackathon"", ""batchType"": ""standard""}"
TXN-90265,BNK-90265,SETTLED,499.0,INR,BATCH-20260802-17,2026-08-02 15:02:04,2026-08-02 15:16:04,00,Settlement completed,"{""source"": ""mock_bank"", ""environment"": ""hackathon"", ""batchType"": ""standard""}"
TXN-90266,BNK-90266,SETTLED,799.0,INR,BATCH-20260802-07,2026-08-02 15:13:56,2026-08-02 15:41:56,00,Settlement completed,"{""source"": ""mock_bank"", ""environment"": ""hackathon"", ""batchType"": ""standard""}"
TXN-90267,BNK-90267,SETTLED,12500.0,INR,BATCH-20260802-15,2026-08-02 15:17:31,2026-08-02 15:26:31,00,Settlement completed,"{""source"": ""mock_bank"", ""environment"": ""hackathon"", ""batchType"": ""standard""}"
TXN-90269,BNK-90269,SETTLED,2899.0,INR,BATCH-20260802-10,2026-08-02 15:34:53,2026-08-02 16:01:53,00,Settlement completed,"{""source"": ""mock_bank"", ""environment"": ""hackathon"", ""batchType"": ""standard""}"
TXN-90270,BNK-90270,SETTLED,2899.0,INR,BATCH-20260802-04,2026-08-02 15:39:06,2026-08-02 16:05:06,00,Settlement completed,"{""source"": ""mock_bank"", ""environment"": ""hackathon"", ""batchType"": ""standard""}"
TXN-90271,BNK-90271,SETTLED,199.0,INR,BATCH-20260802-19,2026-08-02 15:48:56,2026-08-02 16:08:56,00,Settlement completed,"{""source"": ""mock_bank"", ""environment"": ""hackathon"", ""batchType"": ""standard""}"
TXN-90272,BNK-90272,SETTLED,6750.0,INR,BATCH-20260802-03,2026-08-02 15:55:17,2026-08-02 15:44:17,00,Settlement completed,"{""source"": ""mock_bank"", ""environment"": ""hackathon"", ""batchType"": ""standard""}"
TXN-90273,BNK-90273,SETTLED,4200.0,INR,BATCH-20260802-15,2026-08-02 16:00:10,2026-08-02 16:09:10,00,Settlement completed,"{""source"": ""mock_bank"", ""environment"": ""hackathon"", ""batchType"": ""standard""}"
TXN-90274,BNK-90274,SETTLED,199.0,INR,BATCH-20260802-05,2026-08-02 16:02:02,2026-08-02 16:11:02,00,Settlement completed,"{""source"": ""mock_bank"", ""environment"": ""hackathon"", ""batchType"": ""standard""}"
TXN-90275,BNK-90275,SETTLED,999.0,INR,BATCH-20260802-10,2026-08-02 16:16:34,2026-08-02 16:34:34,00,Settlement completed,"{""source"": ""mock_bank"", ""environment"": ""hackathon"", ""batchType"": ""standard""}"
TXN-90276,BNK-90276,SETTLED,1599.0,INR,BATCH-20260802-16,2026-08-02 16:23:32,2026-08-02 16:51:32,00,Settlement completed,"{""source"": ""mock_bank"", ""environment"": ""hackathon"", ""batchType"": ""standard""}"
TXN-90278,BNK-90278,SETTLED,12500.0,INR,BATCH-20260802-09,2026-08-02 16:35:53,2026-08-02 16:51:53,00,Settlement completed,"{""source"": ""mock_bank"", ""environment"": ""hackathon"", ""batchType"": ""standard""}"
TXN-90279,BNK-90279,SETTLED,2899.0,INR,BATCH-20260802-05,2026-08-02 16:42:43,2026-08-02 17:00:43,00,Settlement completed,"{""source"": ""mock_bank"", ""environment"": ""hackathon"", ""batchType"": ""standard""}"
TXN-90280,BNK-90280,REJECTED,1999.0,INR,BATCH-20260802-10,2026-08-02 16:49:06,,R01,Settlement rejected by bank,"{""source"": ""mock_bank"", ""environment"": ""hackathon"", ""batchType"": ""standard""}"
TXN-90281,BNK-90281,SETTLED,299.0,INR,BATCH-20260802-02,2026-08-02 16:52:29,2026-08-02 17:10:29,00,Settlement completed,"{""source"": ""mock_bank"", ""environment"": ""hackathon"", ""batchType"": ""standard""}"
TXN-90282,BNK-90282,SETTLED,1599.0,INR,BATCH-20260802-15,2026-08-02 16:58:52,2026-08-02 17:19:52,00,Settlement completed,"{""source"": ""mock_bank"", ""environment"": ""hackathon"", ""batchType"": ""standard""}"
TXN-90283,BNK-90283,SETTLED,799.0,INR,BATCH-20260802-19,2026-08-02 17:11:29,2026-08-02 17:37:29,00,Settlement completed,"{""source"": ""mock_bank"", ""environment"": ""hackathon"", ""batchType"": ""standard""}"
TXN-90284,BNK-90284,REJECTED,2899.0,INR,BATCH-20260802-03,2026-08-02 17:12:41,,R01,Settlement rejected by bank,"{""source"": ""mock_bank"", ""environment"": ""hackathon"", ""batchType"": ""standard""}"
TXN-90285,BNK-90285,SETTLED,299.0,INR,BATCH-20260802-03,2026-08-02 17:17:20,2026-08-02 17:39:20,00,Settlement completed,"{""source"": ""mock_bank"", ""environment"": ""hackathon"", ""batchType"": ""standard""}"
TXN-90286,BNK-90286,PENDING,1499.0,INR,BATCH-20260802-18,2026-08-02 17:28:22,,P01,Settlement pending with acquiring bank,"{""source"": ""mock_bank"", ""environment"": ""hackathon"", ""batchType"": ""standard""}"
TXN-90287,BNK-90287,SETTLED,1499.0,INR,BATCH-20260802-01,2026-08-02 17:32:59,2026-08-02 17:50:59,00,Settlement completed,"{""source"": ""mock_bank"", ""environment"": ""hackathon"", ""batchType"": ""standard""}"
TXN-90288,BNK-90288,SETTLED,499.0,INR,BATCH-20260802-04,2026-08-02 17:46:55,2026-08-02 18:01:55,00,Settlement completed,"{""source"": ""mock_bank"", ""environment"": ""hackathon"", ""batchType"": ""standard""}"
TXN-90289,BNK-90289,SETTLED,4999.0,INR,BATCH-20260802-20,2026-08-02 17:49:24,2026-08-02 18:03:24,00,Settlement completed,"{""source"": ""mock_bank"", ""environment"": ""hackathon"", ""batchType"": ""standard""}"
TXN-90290,BNK-90290,SETTLED,1250.0,INR,BATCH-20260802-05,2026-08-02 18:00:43,2026-08-02 18:09:43,00,Settlement completed,"{""source"": ""mock_bank"", ""environment"": ""hackathon"", ""batchType"": ""standard""}"
TXN-90291,BNK-90291,SETTLED,1250.0,INR,BATCH-20260802-15,2026-08-02 18:04:29,2026-08-02 18:15:29,00,Settlement completed,"{""source"": ""mock_bank"", ""environment"": ""hackathon"", ""batchType"": ""standard""}"
TXN-90292,BNK-90292,SETTLED,2899.0,INR,BATCH-20260802-09,2026-08-02 18:12:56,2026-08-02 18:25:56,00,Settlement completed,"{""source"": ""mock_bank"", ""environment"": ""hackathon"", ""batchType"": ""standard""}"
TXN-90293,BNK-90293,SETTLED,1549.0,INR,BATCH-20260802-06,2026-08-02 18:16:21,2026-08-02 18:37:21,00,Settlement completed,"{""source"": ""mock_bank"", ""environment"": ""hackathon"", ""batchType"": ""standard""}"
TXN-90294,BNK-90294,SETTLED,3499.0,INR,BATCH-20260802-16,2026-08-02 18:28:52,2026-08-02 18:49:52,00,Settlement completed,"{""source"": ""mock_bank"", ""environment"": ""hackathon"", ""batchType"": ""standard""}"
TXN-90295,BNK-90295,SETTLED,199.0,INR,BATCH-20260802-12,2026-08-02 18:29:18,2026-08-02 18:46:18,00,Settlement completed,"{""source"": ""mock_bank"", ""environment"": ""hackathon"", ""batchType"": ""standard""}"
TXN-90296,BNK-90296,SETTLED,2899.0,INR,BATCH-20260802-08,2026-08-02 18:41:26,2026-08-02 19:02:26,00,Settlement completed,"{""source"": ""mock_bank"", ""environment"": ""hackathon"", ""batchType"": ""standard""}"
TXN-90297,BNK-90297,SETTLED,4999.0,INR,BATCH-20260802-16,2026-08-02 18:48:43,2026-08-02 19:16:43,00,Settlement completed,"{""source"": ""mock_bank"", ""environment"": ""hackathon"", ""batchType"": ""standard""}"
TXN-90298,BNK-90298,SETTLED,799.0,INR,BATCH-20260802-07,2026-08-02 18:50:21,2026-08-02 19:10:21,00,Settlement completed,"{""source"": ""mock_bank"", ""environment"": ""hackathon"", ""batchType"": ""standard""}"
TXN-90299,BNK-90299,SETTLED,299.0,INR,BATCH-20260802-02,2026-08-02 18:59:45,2026-08-02 19:12:45,00,Settlement completed,"{""source"": ""mock_bank"", ""environment"": ""hackathon"", ""batchType"": ""standard""}"
TXN-90300,BNK-90300,SETTLED,4200.0,INR,BATCH-20260802-03,2026-08-02 19:09:24,2026-08-02 19:25:24,00,Settlement completed,"{""source"": ""mock_bank"", ""environment"": ""hackathon"", ""batchType"": ""standard""}"
TXN-90301,BNK-90301,SETTLED,6750.0,INR,BATCH-20260802-18,2026-08-02 19:15:26,2026-08-02 19:41:26,00,Settlement completed,"{""source"": ""mock_bank"", ""environment"": ""hackathon"", ""batchType"": ""standard""}"
TXN-90302,BNK-90302,SETTLED,1999.0,INR,BATCH-20260802-20,2026-08-02 19:23:53,2026-08-02 19:32:53,00,Settlement completed,"{""source"": ""mock_bank"", ""environment"": ""hackathon"", ""batchType"": ""standard""}"
TXN-90303,BNK-90303,PENDING,799.0,INR,BATCH-20260802-06,2026-08-02 19:33:26,,P01,Settlement pending with acquiring bank,"{""source"": ""mock_bank"", ""environment"": ""hackathon"", ""batchType"": ""standard""}"
TXN-90304,BNK-90304,PENDING,499.0,INR,BATCH-20260802-07,2026-08-02 19:39:52,,P01,Settlement pending with acquiring bank,"{""source"": ""mock_bank"", ""environment"": ""hackathon"", ""batchType"": ""standard""}"
TXN-90305,BNK-90305,REJECTED,299.0,INR,BATCH-20260802-15,2026-08-02 19:44:41,,R01,Settlement rejected by bank,"{""source"": ""mock_bank"", ""environment"": ""hackathon"", ""batchType"": ""standard""}"
TXN-90306,BNK-90306,SETTLED,799.0,INR,BATCH-20260802-01,2026-08-02 19:49:40,2026-08-02 20:01:40,00,Settlement completed,"{""source"": ""mock_bank"", ""environment"": ""hackathon"", ""batchType"": ""standard""}"
TXN-90307,BNK-90307,SETTLED,2899.0,INR,BATCH-20260802-20,2026-08-02 20:02:17,2026-08-02 20:20:17,00,Settlement completed,"{""source"": ""mock_bank"", ""environment"": ""hackathon"", ""batchType"": ""standard""}"
TXN-90308,BNK-90308,PENDING,2499.0,INR,BATCH-20260802-09,2026-08-02 20:02:52,,P01,Settlement pending with acquiring bank,"{""source"": ""mock_bank"", ""environment"": ""hackathon"", ""batchType"": ""standard""}"
TXN-90309,BNK-90309,SETTLED,1599.0,INR,BATCH-20260802-12,2026-08-02 20:08:39,2026-08-02 20:21:39,00,Settlement completed,"{""source"": ""mock_bank"", ""environment"": ""hackathon"", ""batchType"": ""standard""}"
TXN-90310,BNK-90310,SETTLED,2499.0,INR,BATCH-20260802-14,2026-08-02 20:18:19,2026-08-02 20:36:19,00,Settlement completed,"{""source"": ""mock_bank"", ""environment"": ""hackathon"", ""batchType"": ""standard""}"
TXN-90311,BNK-90311,SETTLED,2499.0,INR,BATCH-20260802-13,2026-08-02 20:29:09,2026-08-02 20:40:09,00,Settlement completed,"{""source"": ""mock_bank"", ""environment"": ""hackathon"", ""batchType"": ""standard""}"
TXN-90312,BNK-90312,SETTLED,299.0,INR,BATCH-20260802-10,2026-08-02 20:29:46,2026-08-02 20:43:46,00,Settlement completed,"{""source"": ""mock_bank"", ""environment"": ""hackathon"", ""batchType"": ""standard""}"
TXN-90313,BNK-90313,SETTLED,799.0,INR,BATCH-20260802-05,2026-08-02 20:36:31,2026-08-02 21:03:31,00,Settlement completed,"{""source"": ""mock_bank"", ""environment"": ""hackathon"", ""batchType"": ""standard""}"
TXN-90314,BNK-90314,SETTLED,199.0,INR,BATCH-20260802-14,2026-08-02 20:47:16,2026-08-02 21:06:16,00,Settlement completed,"{""source"": ""mock_bank"", ""environment"": ""hackathon"", ""batchType"": ""standard""}"
TXN-90315,BNK-90315,SETTLED,12500.0,INR,BATCH-20260802-14,2026-08-02 20:58:31,2026-08-02 21:16:31,00,Settlement completed,"{""source"": ""mock_bank"", ""environment"": ""hackathon"", ""batchType"": ""standard""}"
TXN-90316,BNK-90316,PENDING,6750.0,INR,BATCH-20260802-07,2026-08-02 21:01:33,,P01,Settlement pending with acquiring bank,"{""source"": ""mock_bank"", ""environment"": ""hackathon"", ""batchType"": ""standard""}"
TXN-90317,BNK-90317,SETTLED,12450.0,INR,BATCH-20260802-11,2026-08-02 21:11:06,2026-08-02 21:36:06,00,Settlement completed,"{""source"": ""mock_bank"", ""environment"": ""hackathon"", ""batchType"": ""standard""}"
TXN-90318,BNK-90318,SETTLED,4999.0,INR,BATCH-20260802-11,2026-08-02 21:15:24,2026-08-02 21:39:24,00,Settlement completed,"{""source"": ""mock_bank"", ""environment"": ""hackathon"", ""batchType"": ""standard""}"
TXN-90319,BNK-90319,SETTLED,12500.0,INR,BATCH-20260802-18,2026-08-02 21:22:12,2026-08-02 21:40:12,00,Settlement completed,"{""source"": ""mock_bank"", ""environment"": ""hackathon"", ""batchType"": ""standard""}"
TXN-90320,BNK-90320,PENDING,8999.0,INR,BATCH-20260802-05,2026-08-02 21:31:35,,P01,Settlement pending with acquiring bank,"{""source"": ""mock_bank"", ""environment"": ""hackathon"", ""batchType"": ""standard""}"
TXN-90321,BNK-90321,SETTLED,1999.0,INR,BATCH-20260802-18,2026-08-02 21:34:42,2026-08-02 21:52:42,00,Settlement completed,"{""source"": ""mock_bank"", ""environment"": ""hackathon"", ""batchType"": ""standard""}"
TXN-90322,BNK-90322,SETTLED,6750.0,INR,BATCH-20260802-02,2026-08-02 21:40:23,2026-08-02 22:08:23,00,Settlement completed,"{""source"": ""mock_bank"", ""environment"": ""hackathon"", ""batchType"": ""standard""}"
TXN-90323,BNK-90323,SETTLED,199.0,INR,BATCH-20260802-01,2026-08-02 21:51:07,2026-08-02 22:16:07,00,Settlement completed,"{""source"": ""mock_bank"", ""environment"": ""hackathon"", ""batchType"": ""standard""}"
TXN-90324,BNK-90324,SETTLED,499.0,INR,BATCH-20260802-04,2026-08-02 21:59:17,2026-08-02 22:09:17,00,Settlement completed,"{""source"": ""mock_bank"", ""environment"": ""hackathon"", ""batchType"": ""standard""}"
TXN-90325,BNK-90325,SETTLED,1999.0,INR,BATCH-20260802-04,2026-08-02 21:57:52,2026-08-02 21:51:52,00,Settlement completed,"{""source"": ""mock_bank"", ""environment"": ""hackathon"", ""batchType"": ""standard""}"
TXN-90326,BNK-90326,SETTLED,3499.0,INR,BATCH-20260802-05,2026-08-02 22:10:12,2026-08-02 22:36:12,00,Settlement completed,"{""source"": ""mock_bank"", ""environment"": ""hackathon"", ""batchType"": ""standard""}"
TXN-90327,BNK-90327,SETTLED,4200.0,INR,BATCH-20260802-03,2026-08-02 22:16:14,2026-08-02 22:37:14,00,Settlement completed,"{""source"": ""mock_bank"", ""environment"": ""hackathon"", ""batchType"": ""standard""}"
TXN-90328,BNK-90328,SETTLED,199.0,INR,BATCH-20260802-16,2026-08-02 22:22:37,2026-08-02 22:48:37,00,Settlement completed,"{""source"": ""mock_bank"", ""environment"": ""hackathon"", ""batchType"": ""standard""}"
TXN-90329,BNK-90329,SETTLED,2899.0,INR,BATCH-20260802-19,2026-08-02 22:30:17,2026-08-02 22:58:17,00,Settlement completed,"{""source"": ""mock_bank"", ""environment"": ""hackathon"", ""batchType"": ""standard""}"
TXN-90330,BNK-90330,PENDING,1499.0,INR,BATCH-20260802-13,2026-08-02 22:34:33,,P01,Settlement pending with acquiring bank,"{""source"": ""mock_bank"", ""environment"": ""hackathon"", ""batchType"": ""standard""}"
TXN-90331,BNK-90331,SETTLED,1250.0,INR,BATCH-20260802-09,2026-08-02 22:43:04,2026-08-02 22:59:04,00,Settlement completed,"{""source"": ""mock_bank"", ""environment"": ""hackathon"", ""batchType"": ""standard""}"
TXN-90332,BNK-90332,PENDING,1999.0,INR,BATCH-20260802-10,2026-08-02 22:52:06,,P01,Settlement pending with acquiring bank,"{""source"": ""mock_bank"", ""environment"": ""hackathon"", ""batchType"": ""standard""}"
TXN-90333,BNK-90333,REJECTED,499.0,INR,BATCH-20260802-18,2026-08-02 22:59:36,,R01,Settlement rejected by bank,"{""source"": ""mock_bank"", ""environment"": ""hackathon"", ""batchType"": ""standard""}"
TXN-90334,BNK-90334,SETTLED,4200.0,INR,BATCH-20260802-18,2026-08-02 23:07:10,2026-08-02 23:16:10,00,Settlement completed,"{""source"": ""mock_bank"", ""environment"": ""hackathon"", ""batchType"": ""standard""}"
TXN-90335,BNK-90335,SETTLED,1499.0,INR,BATCH-20260802-05,2026-08-02 23:14:11,2026-08-02 23:31:11,00,Settlement completed,"{""source"": ""mock_bank"", ""environment"": ""hackathon"", ""batchType"": ""standard""}"
TXN-90336,BNK-90336,SETTLED,12500.0,INR,BATCH-20260802-07,2026-08-02 23:17:12,2026-08-02 23:47:12,00,Settlement completed,"{""source"": ""mock_bank"", ""environment"": ""hackathon"", ""batchType"": ""standard""}"
TXN-90338,BNK-90338,SETTLED,2899.0,INR,BATCH-20260802-18,2026-08-02 23:33:50,2026-08-02 23:41:50,00,Settlement completed,"{""source"": ""mock_bank"", ""environment"": ""hackathon"", ""batchType"": ""standard""}"
TXN-90339,BNK-90339,SETTLED,12400.0,INR,BATCH-20260802-03,2026-08-02 23:45:48,2026-08-03 00:01:48,00,Settlement completed,"{""source"": ""mock_bank"", ""environment"": ""hackathon"", ""batchType"": ""standard""}"
TXN-90340,BNK-90340,SETTLED,8999.0,INR,BATCH-20260802-20,2026-08-02 23:52:29,2026-08-03 00:17:29,00,Settlement completed,"{""source"": ""mock_bank"", ""environment"": ""hackathon"", ""batchType"": ""standard""}"
TXN-90341,BNK-90341,PENDING,4200.0,INR,BATCH-20260802-18,2026-08-02 23:51:41,,P01,Settlement pending with acquiring bank,"{""source"": ""mock_bank"", ""environment"": ""hackathon"", ""batchType"": ""standard""}"
TXN-90342,BNK-90342,REJECTED,999.0,INR,BATCH-20260802-07,2026-08-03 00:05:11,,R01,Settlement rejected by bank,"{""source"": ""mock_bank"", ""environment"": ""hackathon"", ""batchType"": ""standard""}"
TXN-90343,BNK-90343,SETTLED,1250.0,INR,BATCH-20260803-20,2026-08-03 00:09:46,2026-08-03 00:33:46,00,Settlement completed,"{""source"": ""mock_bank"", ""environment"": ""hackathon"", ""batchType"": ""standard""}"
TXN-90344,BNK-90344,SETTLED,999.0,INR,BATCH-20260803-18,2026-08-03 00:18:22,2026-08-03 00:36:22,00,Settlement completed,"{""source"": ""mock_bank"", ""environment"": ""hackathon"", ""batchType"": ""standard""}"
TXN-90345,BNK-90345,SETTLED,799.0,INR,BATCH-20260803-04,2026-08-03 00:23:08,2026-08-03 00:51:08,00,Settlement completed,"{""source"": ""mock_bank"", ""environment"": ""hackathon"", ""batchType"": ""standard""}"
TXN-90346,BNK-90346,SETTLED,1599.0,INR,BATCH-20260803-12,2026-08-03 00:31:33,2026-08-03 00:55:33,00,Settlement completed,"{""source"": ""mock_bank"", ""environment"": ""hackathon"", ""batchType"": ""standard""}"
TXN-90347,BNK-90347,SETTLED,8999.0,INR,BATCH-20260803-08,2026-08-03 00:41:25,2026-08-03 01:08:25,00,Settlement completed,"{""source"": ""mock_bank"", ""environment"": ""hackathon"", ""batchType"": ""standard""}"
TXN-90348,BNK-90348,SETTLED,4150.0,INR,BATCH-20260803-11,2026-08-03 00:45:52,2026-08-03 00:57:52,00,Settlement completed,"{""source"": ""mock_bank"", ""environment"": ""hackathon"", ""batchType"": ""standard""}"
TXN-90349,BNK-90349,SETTLED,2899.0,INR,BATCH-20260803-10,2026-08-03 00:53:45,2026-08-03 01:13:45,00,Settlement completed,"{""source"": ""mock_bank"", ""environment"": ""hackathon"", ""batchType"": ""standard""}"
TXN-90350,BNK-90350,SETTLED,2499.0,INR,BATCH-20260803-13,2026-08-03 00:55:45,2026-08-03 01:22:45,00,Settlement completed,"{""source"": ""mock_bank"", ""environment"": ""hackathon"", ""batchType"": ""standard""}"
TXN-90351,BNK-90351,PENDING,799.0,INR,BATCH-20260803-02,2026-08-03 01:04:05,,P01,Settlement pending with acquiring bank,"{""source"": ""mock_bank"", ""environment"": ""hackathon"", ""batchType"": ""standard""}"
TXN-90352,BNK-90352,SETTLED,199.0,INR,BATCH-20260803-03,2026-08-03 01:12:27,2026-08-03 01:39:27,00,Settlement completed,"{""source"": ""mock_bank"", ""environment"": ""hackathon"", ""batchType"": ""standard""}"
TXN-90353,BNK-90353,PENDING,3499.0,INR,BATCH-20260803-04,2026-08-03 01:17:21,,P01,Settlement pending with acquiring bank,"{""source"": ""mock_bank"", ""environment"": ""hackathon"", ""batchType"": ""standard""}"
TXN-90354,BNK-90354,SETTLED,8999.0,INR,BATCH-20260803-02,2026-08-03 01:21:35,2026-08-03 01:51:35,00,Settlement completed,"{""source"": ""mock_bank"", ""environment"": ""hackathon"", ""batchType"": ""standard""}"
TXN-90355,BNK-90355,SETTLED,1250.0,INR,BATCH-20260803-09,2026-08-03 01:33:41,2026-08-03 02:01:41,00,Settlement completed,"{""source"": ""mock_bank"", ""environment"": ""hackathon"", ""batchType"": ""standard""}"
TXN-90356,BNK-90356,SETTLED,1499.0,INR,BATCH-20260803-13,2026-08-03 01:40:30,2026-08-03 01:52:30,00,Settlement completed,"{""source"": ""mock_bank"", ""environment"": ""hackathon"", ""batchType"": ""standard""}"
TXN-90357,BNK-90357,SETTLED,12500.0,INR,BATCH-20260803-09,2026-08-03 01:44:04,2026-08-03 01:57:04,00,Settlement completed,"{""source"": ""mock_bank"", ""environment"": ""hackathon"", ""batchType"": ""standard""}"
TXN-90358,BNK-90358,SETTLED,199.0,INR,BATCH-20260803-11,2026-08-03 01:52:52,2026-08-03 02:01:52,00,Settlement completed,"{""source"": ""mock_bank"", ""environment"": ""hackathon"", ""batchType"": ""standard""}"
TXN-90359,BNK-90359,SETTLED,199.0,INR,BATCH-20260803-18,2026-08-03 02:01:40,2026-08-03 02:14:40,00,Settlement completed,"{""source"": ""mock_bank"", ""environment"": ""hackathon"", ""batchType"": ""standard""}"
TXN-90360,BNK-90360,SETTLED,4899.0,INR,BATCH-20260803-06,2026-08-03 02:02:35,2026-08-03 02:32:35,00,Settlement completed,"{""source"": ""mock_bank"", ""environment"": ""hackathon"", ""batchType"": ""standard""}"
TXN-90361,BNK-90361,SETTLED,1999.0,INR,BATCH-20260803-04,2026-08-03 02:11:26,2026-08-03 02:21:26,00,Settlement completed,"{""source"": ""mock_bank"", ""environment"": ""hackathon"", ""batchType"": ""standard""}"
TXN-90362,BNK-90362,SETTLED,1999.0,INR,BATCH-20260803-18,2026-08-03 02:18:35,2026-08-03 02:29:35,00,Settlement completed,"{""source"": ""mock_bank"", ""environment"": ""hackathon"", ""batchType"": ""standard""}"
TXN-90363,BNK-90363,SETTLED,899.0,INR,BATCH-20260803-10,2026-08-03 02:29:33,2026-08-03 02:57:33,00,Settlement completed,"{""source"": ""mock_bank"", ""environment"": ""hackathon"", ""batchType"": ""standard""}"
TXN-90364,BNK-90364,SETTLED,12000.0,INR,BATCH-20260803-08,2026-08-03 02:32:51,2026-08-03 02:58:51,00,Settlement completed,"{""source"": ""mock_bank"", ""environment"": ""hackathon"", ""batchType"": ""standard""}"
TXN-90365,BNK-90365,SETTLED,1499.0,INR,BATCH-20260803-13,2026-08-03 02:43:12,2026-08-03 03:10:12,00,Settlement completed,"{""source"": ""mock_bank"", ""environment"": ""hackathon"", ""batchType"": ""standard""}"
TXN-90366,BNK-90366,SETTLED,3499.0,INR,BATCH-20260803-02,2026-08-03 02:49:45,2026-08-03 03:00:45,00,Settlement completed,"{""source"": ""mock_bank"", ""environment"": ""hackathon"", ""batchType"": ""standard""}"
TXN-90367,BNK-90367,SETTLED,4999.0,INR,BATCH-20260803-14,2026-08-03 02:58:20,2026-08-03 03:14:20,00,Settlement completed,"{""source"": ""mock_bank"", ""environment"": ""hackathon"", ""batchType"": ""standard""}"
TXN-90368,BNK-90368,SETTLED,199.0,INR,BATCH-20260803-03,2026-08-03 03:05:05,2026-08-03 03:30:05,00,Settlement completed,"{""source"": ""mock_bank"", ""environment"": ""hackathon"", ""batchType"": ""standard""}"
TXN-90369,BNK-90369,SETTLED,1999.0,INR,BATCH-20260803-02,2026-08-03 03:09:56,2026-08-03 03:23:56,00,Settlement completed,"{""source"": ""mock_bank"", ""environment"": ""hackathon"", ""batchType"": ""standard""}"
TXN-90370,BNK-90370,SETTLED,199.0,INR,BATCH-20260803-19,2026-08-03 03:21:57,2026-08-03 03:36:57,00,Settlement completed,"{""source"": ""mock_bank"", ""environment"": ""hackathon"", ""batchType"": ""standard""}"
TXN-90371,BNK-90371,SETTLED,3499.0,INR,BATCH-20260803-15,2026-08-03 03:23:21,2026-08-03 03:39:21,00,Settlement completed,"{""source"": ""mock_bank"", ""environment"": ""hackathon"", ""batchType"": ""standard""}"
TXN-90373,BNK-90373,SETTLED,1499.0,INR,BATCH-20260803-14,2026-08-03 03:37:59,2026-08-03 03:46:59,00,Settlement completed,"{""source"": ""mock_bank"", ""environment"": ""hackathon"", ""batchType"": ""standard""}"
TXN-90374,BNK-90374,SETTLED,4899.0,INR,BATCH-20260803-17,2026-08-03 03:43:32,2026-08-03 04:13:32,00,Settlement completed,"{""source"": ""mock_bank"", ""environment"": ""hackathon"", ""batchType"": ""standard""}"
TXN-90375,BNK-90375,PENDING,3499.0,INR,BATCH-20260803-20,2026-08-03 03:55:29,,P01,Settlement pending with acquiring bank,"{""source"": ""mock_bank"", ""environment"": ""hackathon"", ""batchType"": ""standard""}"
TXN-90376,BNK-90376,SETTLED,12500.0,INR,BATCH-20260803-07,2026-08-03 04:02:57,2026-08-03 04:11:57,00,Settlement completed,"{""source"": ""mock_bank"", ""environment"": ""hackathon"", ""batchType"": ""standard""}"
TXN-90377,BNK-90377,SETTLED,299.0,INR,BATCH-20260803-17,2026-08-03 04:04:17,2026-08-03 04:29:17,00,Settlement completed,"{""source"": ""mock_bank"", ""environment"": ""hackathon"", ""batchType"": ""standard""}"
TXN-90378,BNK-90378,SETTLED,1599.0,INR,BATCH-20260803-15,2026-08-03 04:13:44,2026-08-03 04:40:44,00,Settlement completed,"{""source"": ""mock_bank"", ""environment"": ""hackathon"", ""batchType"": ""standard""}"
TXN-90379,BNK-90379,SETTLED,1250.0,INR,BATCH-20260803-10,2026-08-03 04:20:11,2026-08-03 04:43:11,00,Settlement completed,"{""source"": ""mock_bank"", ""environment"": ""hackathon"", ""batchType"": ""standard""}"
TXN-90380,BNK-90380,SETTLED,12500.0,INR,BATCH-20260803-07,2026-08-03 04:28:27,2026-08-03 04:58:27,00,Settlement completed,"{""source"": ""mock_bank"", ""environment"": ""hackathon"", ""batchType"": ""standard""}"
TXN-90381,BNK-90381,SETTLED,3499.0,INR,BATCH-20260803-12,2026-08-03 04:34:52,2026-08-03 04:14:52,00,Settlement completed,"{""source"": ""mock_bank"", ""environment"": ""hackathon"", ""batchType"": ""standard""}"
TXN-90382,BNK-90382,SETTLED,1499.0,INR,BATCH-20260803-10,2026-08-03 04:47:41,2026-08-03 05:07:41,00,Settlement completed,"{""source"": ""mock_bank"", ""environment"": ""hackathon"", ""batchType"": ""standard""}"
TXN-90383,BNK-90383,REJECTED,4999.0,INR,BATCH-20260803-06,2026-08-03 04:50:54,,R01,Settlement rejected by bank,"{""source"": ""mock_bank"", ""environment"": ""hackathon"", ""batchType"": ""standard""}"
TXN-90384,BNK-90384,SETTLED,2499.0,INR,BATCH-20260803-09,2026-08-03 04:58:03,2026-08-03 05:11:03,00,Settlement completed,"{""source"": ""mock_bank"", ""environment"": ""hackathon"", ""batchType"": ""standard""}"
TXN-90385,BNK-90385,SETTLED,299.0,INR,BATCH-20260803-13,2026-08-03 05:03:41,2026-08-03 05:18:41,00,Settlement completed,"{""source"": ""mock_bank"", ""environment"": ""hackathon"", ""batchType"": ""standard""}"
TXN-90386,BNK-90386,SETTLED,1599.0,INR,BATCH-20260803-08,2026-08-03 05:15:00,2026-08-03 05:28:00,00,Settlement completed,"{""source"": ""mock_bank"", ""environment"": ""hackathon"", ""batchType"": ""standard""}"
TXN-90387,BNK-90387,PENDING,299.0,INR,BATCH-20260803-05,2026-08-03 05:19:43,,P01,Settlement pending with acquiring bank,"{""source"": ""mock_bank"", ""environment"": ""hackathon"", ""batchType"": ""standard""}"
TXN-90388,BNK-90388,SETTLED,2899.0,INR,BATCH-20260803-17,2026-08-03 05:25:32,2026-08-03 05:45:32,00,Settlement completed,"{""source"": ""mock_bank"", ""environment"": ""hackathon"", ""batchType"": ""standard""}"
TXN-90389,BNK-90389,SETTLED,1599.0,INR,BATCH-20260803-18,2026-08-03 05:33:41,2026-08-03 06:03:41,00,Settlement completed,"{""source"": ""mock_bank"", ""environment"": ""hackathon"", ""batchType"": ""standard""}"
TXN-90390,BNK-90390,SETTLED,2899.0,INR,BATCH-20260803-13,2026-08-03 05:36:44,2026-08-03 06:00:44,00,Settlement completed,"{""source"": ""mock_bank"", ""environment"": ""hackathon"", ""batchType"": ""standard""}"
TXN-90391,BNK-90391,SETTLED,1499.0,INR,BATCH-20260803-01,2026-08-03 05:39:57,2026-08-03 05:58:57,00,Settlement completed,"{""source"": ""mock_bank"", ""environment"": ""hackathon"", ""batchType"": ""standard""}"
TXN-90392,BNK-90392,SETTLED,3499.0,INR,BATCH-20260803-17,2026-08-03 05:53:09,2026-08-03 06:07:09,00,Settlement completed,"{""source"": ""mock_bank"", ""environment"": ""hackathon"", ""batchType"": ""standard""}"
TXN-90393,BNK-90393,SETTLED,2899.0,INR,BATCH-20260803-18,2026-08-03 05:57:01,2026-08-03 06:13:01,00,Settlement completed,"{""source"": ""mock_bank"", ""environment"": ""hackathon"", ""batchType"": ""standard""}"
TXN-90394,BNK-90394,SETTLED,1999.0,INR,BATCH-20260803-03,2026-08-03 06:08:57,2026-08-03 06:37:57,00,Settlement completed,"{""source"": ""mock_bank"", ""environment"": ""hackathon"", ""batchType"": ""standard""}"
TXN-90395,BNK-90395,SETTLED,799.0,INR,BATCH-20260803-16,2026-08-03 06:16:27,2026-08-03 06:26:27,00,Settlement completed,"{""source"": ""mock_bank"", ""environment"": ""hackathon"", ""batchType"": ""standard""}"
TXN-90396,BNK-90396,SETTLED,4999.0,INR,BATCH-20260803-18,2026-08-03 06:16:07,2026-08-03 06:30:07,00,Settlement completed,"{""source"": ""mock_bank"", ""environment"": ""hackathon"", ""batchType"": ""standard""}"
TXN-90396,BNK-90396-DUP,SETTLED,4999.0,INR,BATCH-20260803-18,2026-08-03 06:16:07,2026-08-03 06:30:07,00,Settlement completed,"{""source"": ""mock_bank"", ""environment"": ""hackathon"", ""duplicateTest"": true}"
TXN-90397,BNK-90397,SETTLED,1599.0,INR,BATCH-20260803-18,2026-08-03 06:25:13,2026-08-03 06:33:13,00,Settlement completed,"{""source"": ""mock_bank"", ""environment"": ""hackathon"", ""batchType"": ""standard""}"
TXN-90398,BNK-90398,SETTLED,499.0,INR,BATCH-20260803-18,2026-08-03 06:36:16,2026-08-03 07:06:16,00,Settlement completed,"{""source"": ""mock_bank"", ""environment"": ""hackathon"", ""batchType"": ""standard""}"
TXN-90399,BNK-90399,SETTLED,6750.0,INR,BATCH-20260803-12,2026-08-03 06:42:09,2026-08-03 07:06:09,00,Settlement completed,"{""source"": ""mock_bank"", ""environment"": ""hackathon"", ""batchType"": ""standard""}"
TXN-90400,BNK-90400,SETTLED,299.0,INR,BATCH-20260803-17,2026-08-03 06:44:39,2026-08-03 07:06:39,00,Settlement completed,"{""source"": ""mock_bank"", ""environment"": ""hackathon"", ""batchType"": ""standard""}"
TXN-90401,BNK-90401,SETTLED,1499.0,INR,BATCH-20260803-11,2026-08-03 06:58:49,2026-08-03 07:25:49,00,Settlement completed,"{""source"": ""mock_bank"", ""environment"": ""hackathon"", ""batchType"": ""standard""}"
TXN-90402,BNK-90402,SETTLED,2499.0,INR,BATCH-20260803-18,2026-08-03 06:59:33,2026-08-03 07:24:33,00,Settlement completed,"{""source"": ""mock_bank"", ""environment"": ""hackathon"", ""batchType"": ""standard""}"
TXN-90403,BNK-90403,SETTLED,1499.0,INR,BATCH-20260803-15,2026-08-03 07:05:18,2026-08-03 07:32:18,00,Settlement completed,"{""source"": ""mock_bank"", ""environment"": ""hackathon"", ""batchType"": ""standard""}"
TXN-90404,BNK-90404,SETTLED,199.0,INR,BATCH-20260803-15,2026-08-03 07:15:35,2026-08-03 07:28:35,00,Settlement completed,"{""source"": ""mock_bank"", ""environment"": ""hackathon"", ""batchType"": ""standard""}"
TXN-90405,BNK-90405,SETTLED,4200.0,INR,BATCH-20260803-13,2026-08-03 07:24:20,2026-08-03 07:47:20,00,Settlement completed,"{""source"": ""mock_bank"", ""environment"": ""hackathon"", ""batchType"": ""standard""}"
TXN-90406,BNK-90406,SETTLED,2649.0,INR,BATCH-20260803-08,2026-08-03 07:29:58,2026-08-03 07:43:58,00,Settlement completed,"{""source"": ""mock_bank"", ""environment"": ""hackathon"", ""batchType"": ""standard""}"
TXN-90407,BNK-90407,REJECTED,299.0,INR,BATCH-20260803-09,2026-08-03 07:32:56,,R01,Settlement rejected by bank,"{""source"": ""mock_bank"", ""environment"": ""hackathon"", ""batchType"": ""standard""}"
TXN-90408,BNK-90408,SETTLED,1599.0,INR,BATCH-20260803-07,2026-08-03 07:39:10,2026-08-03 08:08:10,00,Settlement completed,"{""source"": ""mock_bank"", ""environment"": ""hackathon"", ""batchType"": ""standard""}"
TXN-90409,BNK-90409,PENDING,4999.0,INR,BATCH-20260803-05,2026-08-03 07:47:15,,P01,Settlement pending with acquiring bank,"{""source"": ""mock_bank"", ""environment"": ""hackathon"", ""batchType"": ""standard""}"
TXN-90410,BNK-90410,SETTLED,499.0,INR,BATCH-20260803-07,2026-08-03 07:57:58,2026-08-03 08:17:58,00,Settlement completed,"{""source"": ""mock_bank"", ""environment"": ""hackathon"", ""batchType"": ""standard""}"
TXN-90411,BNK-90411,SETTLED,199.0,INR,BATCH-20260803-10,2026-08-03 08:00:57,2026-08-03 08:13:57,00,Settlement completed,"{""source"": ""mock_bank"", ""environment"": ""hackathon"", ""batchType"": ""standard""}"
TXN-90412,BNK-90412,PENDING,499.0,INR,BATCH-20260803-09,2026-08-03 08:13:51,,P01,Settlement pending with acquiring bank,"{""source"": ""mock_bank"", ""environment"": ""hackathon"", ""batchType"": ""standard""}"
TXN-90413,BNK-90413,SETTLED,299.0,INR,BATCH-20260803-12,2026-08-03 08:19:56,2026-08-03 08:35:56,00,Settlement completed,"{""source"": ""mock_bank"", ""environment"": ""hackathon"", ""batchType"": ""standard""}"
TXN-90414,BNK-90414,SETTLED,6750.0,INR,BATCH-20260803-14,2026-08-03 08:28:21,2026-08-03 08:44:21,00,Settlement completed,"{""source"": ""mock_bank"", ""environment"": ""hackathon"", ""batchType"": ""standard""}"
TXN-90415,BNK-90415,SETTLED,3499.0,INR,BATCH-20260803-19,2026-08-03 08:36:02,2026-08-03 09:05:02,00,Settlement completed,"{""source"": ""mock_bank"", ""environment"": ""hackathon"", ""batchType"": ""standard""}"
TXN-90416,BNK-90416,SETTLED,8999.0,INR,BATCH-20260803-19,2026-08-03 08:43:56,2026-08-03 08:56:56,00,Settlement completed,"{""source"": ""mock_bank"", ""environment"": ""hackathon"", ""batchType"": ""standard""}"
TXN-90417,BNK-90417,SETTLED,199.0,INR,BATCH-20260803-09,2026-08-03 08:45:49,2026-08-03 08:58:49,00,Settlement completed,"{""source"": ""mock_bank"", ""environment"": ""hackathon"", ""batchType"": ""standard""}"
TXN-90418,BNK-90418,SETTLED,499.0,INR,BATCH-20260803-04,2026-08-03 08:59:40,2026-08-03 09:24:40,00,Settlement completed,"{""source"": ""mock_bank"", ""environment"": ""hackathon"", ""batchType"": ""standard""}"
TXN-90419,BNK-90419,SETTLED,12500.0,INR,BATCH-20260803-11,2026-08-03 09:02:25,2026-08-03 08:47:25,00,Settlement completed,"{""source"": ""mock_bank"", ""environment"": ""hackathon"", ""batchType"": ""standard""}"
TXN-90420,BNK-90420,SETTLED,1999.0,INR,BATCH-20260803-09,2026-08-03 09:09:26,2026-08-03 09:31:26,00,Settlement completed,"{""source"": ""mock_bank"", ""environment"": ""hackathon"", ""batchType"": ""standard""}"
TXN-90421,BNK-90421,SETTLED,2899.0,INR,BATCH-20260803-08,2026-08-03 09:12:46,2026-08-03 09:40:46,00,Settlement completed,"{""source"": ""mock_bank"", ""environment"": ""hackathon"", ""batchType"": ""standard""}"
TXN-90422,BNK-90422,SETTLED,1999.0,INR,BATCH-20260803-02,2026-08-03 09:23:26,2026-08-03 09:36:26,00,Settlement completed,"{""source"": ""mock_bank"", ""environment"": ""hackathon"", ""batchType"": ""standard""}"
TXN-90423,BNK-90423,SETTLED,4200.0,INR,BATCH-20260803-17,2026-08-03 09:30:44,2026-08-03 09:45:44,00,Settlement completed,"{""source"": ""mock_bank"", ""environment"": ""hackathon"", ""batchType"": ""standard""}"
TXN-90424,BNK-90424,SETTLED,4200.0,INR,BATCH-20260803-10,2026-08-03 09:34:17,2026-08-03 09:50:17,00,Settlement completed,"{""source"": ""mock_bank"", ""environment"": ""hackathon"", ""batchType"": ""standard""}"
TXN-90425,BNK-90425,SETTLED,499.0,INR,BATCH-20260803-13,2026-08-03 09:45:35,2026-08-03 10:09:35,00,Settlement completed,"{""source"": ""mock_bank"", ""environment"": ""hackathon"", ""batchType"": ""standard""}"
TXN-90426,BNK-90426,SETTLED,2499.0,INR,BATCH-20260803-16,2026-08-03 09:53:25,2026-08-03 10:02:25,00,Settlement completed,"{""source"": ""mock_bank"", ""environment"": ""hackathon"", ""batchType"": ""standard""}"
TXN-90428,BNK-90428,SETTLED,1250.0,INR,BATCH-20260803-13,2026-08-03 10:05:27,2026-08-03 10:23:27,00,Settlement completed,"{""source"": ""mock_bank"", ""environment"": ""hackathon"", ""batchType"": ""standard""}"
TXN-90429,BNK-90429,SETTLED,299.0,INR,BATCH-20260803-06,2026-08-03 10:11:56,2026-08-03 10:29:56,00,Settlement completed,"{""source"": ""mock_bank"", ""environment"": ""hackathon"", ""batchType"": ""standard""}"
TXN-90430,BNK-90430,SETTLED,999.0,INR,BATCH-20260803-07,2026-08-03 10:18:21,2026-08-03 10:31:21,00,Settlement completed,"{""source"": ""mock_bank"", ""environment"": ""hackathon"", ""batchType"": ""standard""}"
TXN-90431,BNK-90431,SETTLED,8999.0,INR,BATCH-20260803-18,2026-08-03 10:27:24,2026-08-03 10:50:24,00,Settlement completed,"{""source"": ""mock_bank"", ""environment"": ""hackathon"", ""batchType"": ""standard""}"
TXN-90432,BNK-90432,SETTLED,2499.0,INR,BATCH-20260803-08,2026-08-03 10:37:50,2026-08-03 11:01:50,00,Settlement completed,"{""source"": ""mock_bank"", ""environment"": ""hackathon"", ""batchType"": ""standard""}"
TXN-90433,BNK-90433,SETTLED,899.0,INR,BATCH-20260803-15,2026-08-03 10:39:30,2026-08-03 11:02:30,00,Settlement completed,"{""source"": ""mock_bank"", ""environment"": ""hackathon"", ""batchType"": ""standard""}"
TXN-90434,BNK-90434,SETTLED,4999.0,INR,BATCH-20260803-14,2026-08-03 10:44:24,2026-08-03 10:52:24,00,Settlement completed,"{""source"": ""mock_bank"", ""environment"": ""hackathon"", ""batchType"": ""standard""}"
TXN-90435,BNK-90435,SETTLED,4999.0,INR,BATCH-20260803-12,2026-08-03 10:47:19,2026-08-03 11:14:19,00,Settlement completed,"{""source"": ""mock_bank"", ""environment"": ""hackathon"", ""batchType"": ""standard""}"
TXN-90436,BNK-90436,SETTLED,3499.0,INR,BATCH-20260803-08,2026-08-03 11:00:38,2026-08-03 11:13:38,00,Settlement completed,"{""source"": ""mock_bank"", ""environment"": ""hackathon"", ""batchType"": ""standard""}"
TXN-90437,BNK-90437,SETTLED,999.0,INR,BATCH-20260803-09,2026-08-03 11:04:39,2026-08-03 11:31:39,00,Settlement completed,"{""source"": ""mock_bank"", ""environment"": ""hackathon"", ""batchType"": ""standard""}"
TXN-90438,BNK-90438,SETTLED,1999.0,INR,BATCH-20260803-20,2026-08-03 11:15:04,2026-08-03 11:29:04,00,Settlement completed,"{""source"": ""mock_bank"", ""environment"": ""hackathon"", ""batchType"": ""standard""}"
TXN-90439,BNK-90439,SETTLED,4200.0,INR,BATCH-20260803-03,2026-08-03 11:17:08,2026-08-03 11:40:08,00,Settlement completed,"{""source"": ""mock_bank"", ""environment"": ""hackathon"", ""batchType"": ""standard""}"
TXN-90440,BNK-90440,PENDING,3499.0,INR,BATCH-20260803-07,2026-08-03 11:30:55,,P01,Settlement pending with acquiring bank,"{""source"": ""mock_bank"", ""environment"": ""hackathon"", ""batchType"": ""standard""}"
TXN-90441,BNK-90441,SETTLED,999.0,INR,BATCH-20260803-05,2026-08-03 11:31:25,2026-08-03 11:42:25,00,Settlement completed,"{""source"": ""mock_bank"", ""environment"": ""hackathon"", ""batchType"": ""standard""}"
TXN-90442,BNK-90442,SETTLED,2899.0,INR,BATCH-20260803-12,2026-08-03 11:39:32,2026-08-03 11:54:32,00,Settlement completed,"{""source"": ""mock_bank"", ""environment"": ""hackathon"", ""batchType"": ""standard""}"
TXN-90443,BNK-90443,PENDING,1250.0,INR,BATCH-20260803-06,2026-08-03 11:45:04,,P01,Settlement pending with acquiring bank,"{""source"": ""mock_bank"", ""environment"": ""hackathon"", ""batchType"": ""standard""}"
TXN-90444,BNK-90444,PENDING,1499.0,INR,BATCH-20260803-06,2026-08-03 11:56:32,,P01,Settlement pending with acquiring bank,"{""source"": ""mock_bank"", ""environment"": ""hackathon"", ""batchType"": ""standard""}"
TXN-90445,BNK-90445,SETTLED,799.0,INR,BATCH-20260803-13,2026-08-03 12:05:30,2026-08-03 12:30:30,00,Settlement completed,"{""source"": ""mock_bank"", ""environment"": ""hackathon"", ""batchType"": ""standard""}"
TXN-90446,BNK-90446,SETTLED,12500.0,INR,BATCH-20260803-02,2026-08-03 12:10:09,2026-08-03 12:33:09,00,Settlement completed,"{""source"": ""mock_bank"", ""environment"": ""hackathon"", ""batchType"": ""standard""}"
TXN-90447,BNK-90447,SETTLED,12500.0,INR,BATCH-20260803-12,2026-08-03 12:17:24,2026-08-03 12:43:24,00,Settlement completed,"{""source"": ""mock_bank"", ""environment"": ""hackathon"", ""batchType"": ""standard""}"
TXN-90448,BNK-90448,SETTLED,12500.0,INR,BATCH-20260803-20,2026-08-03 12:21:47,2026-08-03 12:45:47,00,Settlement completed,"{""source"": ""mock_bank"", ""environment"": ""hackathon"", ""batchType"": ""standard""}"
TXN-90449,BNK-90449,SETTLED,8999.0,INR,BATCH-20260803-17,2026-08-03 12:31:42,2026-08-03 12:16:42,00,Settlement completed,"{""source"": ""mock_bank"", ""environment"": ""hackathon"", ""batchType"": ""standard""}"
TXN-90450,BNK-90450,SETTLED,299.0,INR,BATCH-20260803-02,2026-08-03 12:33:18,2026-08-03 12:41:18,00,Settlement completed,"{""source"": ""mock_bank"", ""environment"": ""hackathon"", ""batchType"": ""standard""}"
TXN-90451,BNK-90451,SETTLED,2899.0,INR,BATCH-20260803-19,2026-08-03 12:43:47,2026-08-03 13:05:47,00,Settlement completed,"{""source"": ""mock_bank"", ""environment"": ""hackathon"", ""batchType"": ""standard""}"
TXN-90452,BNK-90452,SETTLED,4999.0,INR,BATCH-20260803-11,2026-08-03 12:51:09,2026-08-03 13:19:09,00,Settlement completed,"{""source"": ""mock_bank"", ""environment"": ""hackathon"", ""batchType"": ""standard""}"
TXN-90452,BNK-90452-DUP,SETTLED,4999.0,INR,BATCH-20260803-11,2026-08-03 12:51:09,2026-08-03 13:19:09,00,Settlement completed,"{""source"": ""mock_bank"", ""environment"": ""hackathon"", ""duplicateTest"": true}"
TXN-90453,BNK-90453,SETTLED,1250.0,INR,BATCH-20260803-10,2026-08-03 13:00:42,2026-08-03 13:18:42,00,Settlement completed,"{""source"": ""mock_bank"", ""environment"": ""hackathon"", ""batchType"": ""standard""}"
TXN-90454,BNK-90454,SETTLED,4200.0,INR,BATCH-20260803-11,2026-08-03 13:04:50,2026-08-03 13:12:50,00,Settlement completed,"{""source"": ""mock_bank"", ""environment"": ""hackathon"", ""batchType"": ""standard""}"
TXN-90455,BNK-90455,SETTLED,2649.0,INR,BATCH-20260803-09,2026-08-03 13:14:39,2026-08-03 13:38:39,00,Settlement completed,"{""source"": ""mock_bank"", ""environment"": ""hackathon"", ""batchType"": ""standard""}"
TXN-90456,BNK-90456,SETTLED,12500.0,INR,BATCH-20260803-08,2026-08-03 13:22:08,2026-08-03 13:32:08,00,Settlement completed,"{""source"": ""mock_bank"", ""environment"": ""hackathon"", ""batchType"": ""standard""}"
TXN-90457,BNK-90457,SETTLED,1250.0,INR,BATCH-20260803-05,2026-08-03 13:23:28,2026-08-03 13:41:28,00,Settlement completed,"{""source"": ""mock_bank"", ""environment"": ""hackathon"", ""batchType"": ""standard""}"
TXN-90458,BNK-90458,SETTLED,1999.0,INR,BATCH-20260803-11,2026-08-03 13:32:52,2026-08-03 14:00:52,00,Settlement completed,"{""source"": ""mock_bank"", ""environment"": ""hackathon"", ""batchType"": ""standard""}"
TXN-90459,BNK-90459,SETTLED,299.0,INR,BATCH-20260803-06,2026-08-03 13:43:05,2026-08-03 13:22:05,00,Settlement completed,"{""source"": ""mock_bank"", ""environment"": ""hackathon"", ""batchType"": ""standard""}"
TXN-90460,BNK-90460,REJECTED,1999.0,INR,BATCH-20260803-17,2026-08-03 13:46:07,,R01,Settlement rejected by bank,"{""source"": ""mock_bank"", ""environment"": ""hackathon"", ""batchType"": ""standard""}"
TXN-90461,BNK-90461,SETTLED,1250.0,INR,BATCH-20260803-11,2026-08-03 13:54:34,2026-08-03 14:12:34,00,Settlement completed,"{""source"": ""mock_bank"", ""environment"": ""hackathon"", ""batchType"": ""standard""}"
TXN-90462,BNK-90462,SETTLED,1499.0,INR,BATCH-20260803-12,2026-08-03 13:57:00,2026-08-03 14:07:00,00,Settlement completed,"{""source"": ""mock_bank"", ""environment"": ""hackathon"", ""batchType"": ""standard""}"
TXN-90463,BNK-90463,SETTLED,299.0,INR,BATCH-20260803-04,2026-08-03 14:09:02,2026-08-03 14:20:02,00,Settlement completed,"{""source"": ""mock_bank"", ""environment"": ""hackathon"", ""batchType"": ""standard""}"
TXN-90464,BNK-90464,SETTLED,1599.0,INR,BATCH-20260803-09,2026-08-03 14:16:01,2026-08-03 14:39:01,00,Settlement completed,"{""source"": ""mock_bank"", ""environment"": ""hackathon"", ""batchType"": ""standard""}"
TXN-90465,BNK-90465,PENDING,1999.0,INR,BATCH-20260803-08,2026-08-03 14:26:48,,P01,Settlement pending with acquiring bank,"{""source"": ""mock_bank"", ""environment"": ""hackathon"", ""batchType"": ""standard""}"
TXN-90466,BNK-90466,SETTLED,199.0,INR,BATCH-20260803-09,2026-08-03 14:30:16,2026-08-03 14:55:16,00,Settlement completed,"{""source"": ""mock_bank"", ""environment"": ""hackathon"", ""batchType"": ""standard""}"
TXN-90467,BNK-90467,PENDING,2899.0,INR,BATCH-20260803-13,2026-08-03 14:38:14,,P01,Settlement pending with acquiring bank,"{""source"": ""mock_bank"", ""environment"": ""hackathon"", ""batchType"": ""standard""}"
TXN-90468,BNK-90468,SETTLED,3950.0,INR,BATCH-20260803-18,2026-08-03 14:40:43,2026-08-03 15:08:43,00,Settlement completed,"{""source"": ""mock_bank"", ""environment"": ""hackathon"", ""batchType"": ""standard""}"
TXN-90469,BNK-90469,SETTLED,299.0,INR,BATCH-20260803-10,2026-08-03 14:47:49,2026-08-03 15:10:49,00,Settlement completed,"{""source"": ""mock_bank"", ""environment"": ""hackathon"", ""batchType"": ""standard""}"
TXN-90470,BNK-90470,PENDING,1499.0,INR,BATCH-20260803-18,2026-08-03 15:00:51,,P01,Settlement pending with acquiring bank,"{""source"": ""mock_bank"", ""environment"": ""hackathon"", ""batchType"": ""standard""}"
TXN-90471,BNK-90471,SETTLED,4999.0,INR,BATCH-20260803-15,2026-08-03 15:03:17,2026-08-03 15:17:17,00,Settlement completed,"{""source"": ""mock_bank"", ""environment"": ""hackathon"", ""batchType"": ""standard""}"
TXN-90472,BNK-90472,REJECTED,1499.0,INR,BATCH-20260803-16,2026-08-03 15:08:09,,R01,Settlement rejected by bank,"{""source"": ""mock_bank"", ""environment"": ""hackathon"", ""batchType"": ""standard""}"
TXN-90473,BNK-90473,SETTLED,4999.0,INR,BATCH-20260803-01,2026-08-03 15:22:26,2026-08-03 15:49:26,00,Settlement completed,"{""source"": ""mock_bank"", ""environment"": ""hackathon"", ""batchType"": ""standard""}"
TXN-90474,BNK-90474,PENDING,1999.0,INR,BATCH-20260803-10,2026-08-03 15:26:34,,P01,Settlement pending with acquiring bank,"{""source"": ""mock_bank"", ""environment"": ""hackathon"", ""batchType"": ""standard""}"
TXN-90475,BNK-90475,SETTLED,3499.0,INR,BATCH-20260803-04,2026-08-03 15:36:33,2026-08-03 15:52:33,00,Settlement completed,"{""source"": ""mock_bank"", ""environment"": ""hackathon"", ""batchType"": ""standard""}"
TXN-90476,BNK-90476,SETTLED,6750.0,INR,BATCH-20260803-18,2026-08-03 15:38:32,2026-08-03 16:02:32,00,Settlement completed,"{""source"": ""mock_bank"", ""environment"": ""hackathon"", ""batchType"": ""standard""}"
TXN-90477,BNK-90477,SETTLED,3499.0,INR,BATCH-20260803-05,2026-08-03 15:47:42,2026-08-03 16:07:42,00,Settlement completed,"{""source"": ""mock_bank"", ""environment"": ""hackathon"", ""batchType"": ""standard""}"
TXN-90478,BNK-90478,SETTLED,2899.0,INR,BATCH-20260803-04,2026-08-03 15:57:25,2026-08-03 16:12:25,00,Settlement completed,"{""source"": ""mock_bank"", ""environment"": ""hackathon"", ""batchType"": ""standard""}"
TXN-90479,BNK-90479,SETTLED,2899.0,INR,BATCH-20260803-04,2026-08-03 16:00:27,2026-08-03 16:20:27,00,Settlement completed,"{""source"": ""mock_bank"", ""environment"": ""hackathon"", ""batchType"": ""standard""}"
TXN-90480,BNK-90480,SETTLED,1250.0,INR,BATCH-20260803-11,2026-08-03 16:04:52,2026-08-03 16:25:52,00,Settlement completed,"{""source"": ""mock_bank"", ""environment"": ""hackathon"", ""batchType"": ""standard""}"
TXN-90481,BNK-90481,SETTLED,799.0,INR,BATCH-20260803-16,2026-08-03 16:19:46,2026-08-03 16:47:46,00,Settlement completed,"{""source"": ""mock_bank"", ""environment"": ""hackathon"", ""batchType"": ""standard""}"
TXN-90482,BNK-90482,SETTLED,499.0,INR,BATCH-20260803-11,2026-08-03 16:22:02,2026-08-03 16:07:02,00,Settlement completed,"{""source"": ""mock_bank"", ""environment"": ""hackathon"", ""batchType"": ""standard""}"
TXN-90483,BNK-90483,SETTLED,1999.0,INR,BATCH-20260803-09,2026-08-03 16:31:54,2026-08-03 16:55:54,00,Settlement completed,"{""source"": ""mock_bank"", ""environment"": ""hackathon"", ""batchType"": ""standard""}"
TXN-90484,BNK-90484,SETTLED,8999.0,INR,BATCH-20260803-19,2026-08-03 16:40:41,2026-08-03 16:56:41,00,Settlement completed,"{""source"": ""mock_bank"", ""environment"": ""hackathon"", ""batchType"": ""standard""}"
TXN-90485,BNK-90485,REJECTED,1499.0,INR,BATCH-20260803-13,2026-08-03 16:47:00,,R01,Settlement rejected by bank,"{""source"": ""mock_bank"", ""environment"": ""hackathon"", ""batchType"": ""standard""}"
TXN-90486,BNK-90486,SETTLED,499.0,INR,BATCH-20260803-12,2026-08-03 16:49:28,2026-08-03 17:01:28,00,Settlement completed,"{""source"": ""mock_bank"", ""environment"": ""hackathon"", ""batchType"": ""standard""}"
TXN-90487,BNK-90487,SETTLED,3499.0,INR,BATCH-20260803-14,2026-08-03 16:54:48,2026-08-03 17:22:48,00,Settlement completed,"{""source"": ""mock_bank"", ""environment"": ""hackathon"", ""batchType"": ""standard""}"
TXN-90488,BNK-90488,SETTLED,1999.0,INR,BATCH-20260803-04,2026-08-03 17:04:00,2026-08-03 17:26:00,00,Settlement completed,"{""source"": ""mock_bank"", ""environment"": ""hackathon"", ""batchType"": ""standard""}"
TXN-90489,BNK-90489,SETTLED,3499.0,INR,BATCH-20260803-17,2026-08-03 17:16:35,2026-08-03 17:24:35,00,Settlement completed,"{""source"": ""mock_bank"", ""environment"": ""hackathon"", ""batchType"": ""standard""}"
TXN-90490,BNK-90490,PENDING,1999.0,INR,BATCH-20260803-02,2026-08-03 17:15:43,,P01,Settlement pending with acquiring bank,"{""source"": ""mock_bank"", ""environment"": ""hackathon"", ""batchType"": ""standard""}"
TXN-90491,BNK-90491,SETTLED,4999.0,INR,BATCH-20260803-09,2026-08-03 17:25:37,2026-08-03 17:43:37,00,Settlement completed,"{""source"": ""mock_bank"", ""environment"": ""hackathon"", ""batchType"": ""standard""}"
TXN-90492,BNK-90492,SETTLED,1599.0,INR,BATCH-20260803-06,2026-08-03 17:29:39,2026-08-03 17:56:39,00,Settlement completed,"{""source"": ""mock_bank"", ""environment"": ""hackathon"", ""batchType"": ""standard""}"
TXN-90493,BNK-90493,SETTLED,2899.0,INR,BATCH-20260803-03,2026-08-03 17:39:16,2026-08-03 18:03:16,00,Settlement completed,"{""source"": ""mock_bank"", ""environment"": ""hackathon"", ""batchType"": ""standard""}"
TXN-90494,BNK-90494,SETTLED,1250.0,INR,BATCH-20260803-14,2026-08-03 17:48:49,2026-08-03 18:15:49,00,Settlement completed,"{""source"": ""mock_bank"", ""environment"": ""hackathon"", ""batchType"": ""standard""}"
TXN-90495,BNK-90495,SETTLED,299.0,INR,BATCH-20260803-11,2026-08-03 17:54:25,2026-08-03 18:12:25,00,Settlement completed,"{""source"": ""mock_bank"", ""environment"": ""hackathon"", ""batchType"": ""standard""}"
TXN-90496,BNK-90496,SETTLED,8999.0,INR,BATCH-20260803-17,2026-08-03 17:56:59,2026-08-03 18:08:59,00,Settlement completed,"{""source"": ""mock_bank"", ""environment"": ""hackathon"", ""batchType"": ""standard""}"
TXN-90497,BNK-90497,SETTLED,4999.0,INR,BATCH-20260803-14,2026-08-03 18:06:42,2026-08-03 18:26:42,00,Settlement completed,"{""source"": ""mock_bank"", ""environment"": ""hackathon"", ""batchType"": ""standard""}"
TXN-90498,BNK-90498,SETTLED,1.0,INR,BATCH-20260803-02,2026-08-03 18:11:59,2026-08-03 18:33:59,00,Settlement completed,"{""source"": ""mock_bank"", ""environment"": ""hackathon"", ""batchType"": ""standard""}"
TXN-90499,BNK-90499,SETTLED,12500.0,INR,BATCH-20260803-09,2026-08-03 18:16:05,2026-08-03 18:42:05,00,Settlement completed,"{""source"": ""mock_bank"", ""environment"": ""hackathon"", ""batchType"": ""standard""}"
TXN-90500,BNK-90500,SETTLED,4999.0,INR,BATCH-20260803-12,2026-08-03 18:29:15,2026-08-03 18:38:15,00,Settlement completed,"{""source"": ""mock_bank"", ""environment"": ""hackathon"", ""batchType"": ""standard""}"
TXN-90501,BNK-90501,SETTLED,4100.0,INR,BATCH-20260803-10,2026-08-03 18:32:31,2026-08-03 18:40:31,00,Settlement completed,"{""source"": ""mock_bank"", ""environment"": ""hackathon"", ""batchType"": ""standard""}"
TXN-90502,BNK-90502,SETTLED,4200.0,INR,BATCH-20260803-13,2026-08-03 18:44:20,2026-08-03 19:05:20,00,Settlement completed,"{""source"": ""mock_bank"", ""environment"": ""hackathon"", ""batchType"": ""standard""}"
TXN-90503,BNK-90503,SETTLED,4200.0,INR,BATCH-20260803-10,2026-08-03 18:46:10,2026-08-03 18:55:10,00,Settlement completed,"{""source"": ""mock_bank"", ""environment"": ""hackathon"", ""batchType"": ""standard""}"
TXN-90503,BNK-90503-DUP,SETTLED,4200.0,INR,BATCH-20260803-10,2026-08-03 18:46:10,2026-08-03 18:55:10,00,Settlement completed,"{""source"": ""mock_bank"", ""environment"": ""hackathon"", ""duplicateTest"": true}"
TXN-90504,BNK-90504,SETTLED,3499.0,INR,BATCH-20260803-20,2026-08-03 18:53:06,2026-08-03 19:05:06,00,Settlement completed,"{""source"": ""mock_bank"", ""environment"": ""hackathon"", ""batchType"": ""standard""}"
TXN-90505,BNK-90505,SETTLED,8999.0,INR,BATCH-20260803-05,2026-08-03 19:00:42,2026-08-03 19:23:42,00,Settlement completed,"{""source"": ""mock_bank"", ""environment"": ""hackathon"", ""batchType"": ""standard""}"
TXN-90506,BNK-90506,SETTLED,199.0,INR,BATCH-20260803-16,2026-08-03 19:11:21,2026-08-03 19:29:21,00,Settlement completed,"{""source"": ""mock_bank"", ""environment"": ""hackathon"", ""batchType"": ""standard""}"
TXN-90507,BNK-90507,SETTLED,1999.0,INR,BATCH-20260803-15,2026-08-03 19:19:18,2026-08-03 19:27:18,00,Settlement completed,"{""source"": ""mock_bank"", ""environment"": ""hackathon"", ""batchType"": ""standard""}"
TXN-90508,BNK-90508,SETTLED,2499.0,INR,BATCH-20260803-13,2026-08-03 19:20:13,2026-08-03 19:34:13,00,Settlement completed,"{""source"": ""mock_bank"", ""environment"": ""hackathon"", ""batchType"": ""standard""}"
TXN-90509,BNK-90509,SETTLED,299.0,INR,BATCH-20260803-10,2026-08-03 19:32:04,2026-08-03 19:50:04,00,Settlement completed,"{""source"": ""mock_bank"", ""environment"": ""hackathon"", ""batchType"": ""standard""}"
TXN-90510,BNK-90510,SETTLED,3499.0,INR,BATCH-20260803-20,2026-08-03 19:36:36,2026-08-03 19:44:36,00,Settlement completed,"{""source"": ""mock_bank"", ""environment"": ""hackathon"", ""batchType"": ""standard""}"
TXN-90511,BNK-90511,SETTLED,1250.0,INR,BATCH-20260803-17,2026-08-03 19:47:18,2026-08-03 20:03:18,00,Settlement completed,"{""source"": ""mock_bank"", ""environment"": ""hackathon"", ""batchType"": ""standard""}"
TXN-90512,BNK-90512,SETTLED,799.0,INR,BATCH-20260803-03,2026-08-03 19:53:50,2026-08-03 20:23:50,00,Settlement completed,"{""source"": ""mock_bank"", ""environment"": ""hackathon"", ""batchType"": ""standard""}"
TXN-90513,BNK-90513,SETTLED,3499.0,INR,BATCH-20260803-13,2026-08-03 19:59:14,2026-08-03 20:08:14,00,Settlement completed,"{""source"": ""mock_bank"", ""environment"": ""hackathon"", ""batchType"": ""standard""}"
TXN-90514,BNK-90514,SETTLED,299.0,INR,BATCH-20260803-13,2026-08-03 20:07:02,2026-08-03 20:30:02,00,Settlement completed,"{""source"": ""mock_bank"", ""environment"": ""hackathon"", ""batchType"": ""standard""}"
TXN-90515,BNK-90515,SETTLED,2899.0,INR,BATCH-20260803-10,2026-08-03 20:13:14,2026-08-03 20:34:14,00,Settlement completed,"{""source"": ""mock_bank"", ""environment"": ""hackathon"", ""batchType"": ""standard""}"
TXN-90516,BNK-90516,SETTLED,1499.0,INR,BATCH-20260803-20,2026-08-03 20:20:19,2026-08-03 20:49:19,00,Settlement completed,"{""source"": ""mock_bank"", ""environment"": ""hackathon"", ""batchType"": ""standard""}"
TXN-90517,BNK-90517,SETTLED,6750.0,INR,BATCH-20260803-02,2026-08-03 20:27:02,2026-08-03 20:42:02,00,Settlement completed,"{""source"": ""mock_bank"", ""environment"": ""hackathon"", ""batchType"": ""standard""}"
TXN-90518,BNK-90518,REJECTED,999.0,INR,BATCH-20260803-13,2026-08-03 20:36:16,,R01,Settlement rejected by bank,"{""source"": ""mock_bank"", ""environment"": ""hackathon"", ""batchType"": ""standard""}"
TXN-90519,BNK-90519,SETTLED,2499.0,INR,BATCH-20260803-16,2026-08-03 20:42:42,2026-08-03 20:57:42,00,Settlement completed,"{""source"": ""mock_bank"", ""environment"": ""hackathon"", ""batchType"": ""standard""}"
TXN-90520,BNK-90520,SETTLED,6750.0,INR,BATCH-20260803-01,2026-08-03 20:44:49,2026-08-03 21:11:49,00,Settlement completed,"{""source"": ""mock_bank"", ""environment"": ""hackathon"", ""batchType"": ""standard""}"
TXN-90521,BNK-90521,PENDING,299.0,INR,BATCH-20260803-04,2026-08-03 20:55:58,,P01,Settlement pending with acquiring bank,"{""source"": ""mock_bank"", ""environment"": ""hackathon"", ""batchType"": ""standard""}"
TXN-90522,BNK-90522,SETTLED,8999.0,INR,BATCH-20260803-02,2026-08-03 21:02:07,2026-08-03 21:17:07,00,Settlement completed,"{""source"": ""mock_bank"", ""environment"": ""hackathon"", ""batchType"": ""standard""}"
TXN-90523,BNK-90523,SETTLED,149.0,INR,BATCH-20260803-16,2026-08-03 21:05:03,2026-08-03 21:22:03,00,Settlement completed,"{""source"": ""mock_bank"", ""environment"": ""hackathon"", ""batchType"": ""standard""}"
TXN-90524,BNK-90524,SETTLED,199.0,INR,BATCH-20260803-20,2026-08-03 21:20:28,2026-08-03 21:34:28,00,Settlement completed,"{""source"": ""mock_bank"", ""environment"": ""hackathon"", ""batchType"": ""standard""}"
TXN-90525,BNK-90525,SETTLED,799.0,INR,BATCH-20260803-18,2026-08-03 21:20:03,2026-08-03 21:40:03,00,Settlement completed,"{""source"": ""mock_bank"", ""environment"": ""hackathon"", ""batchType"": ""standard""}"
TXN-90526,BNK-90526,SETTLED,2499.0,INR,BATCH-20260803-12,2026-08-03 21:27:14,2026-08-03 21:53:14,00,Settlement completed,"{""source"": ""mock_bank"", ""environment"": ""hackathon"", ""batchType"": ""standard""}"
TXN-90527,BNK-90527,SETTLED,499.0,INR,BATCH-20260803-12,2026-08-03 21:34:59,2026-08-03 22:04:59,00,Settlement completed,"{""source"": ""mock_bank"", ""environment"": ""hackathon"", ""batchType"": ""standard""}"
TXN-90528,BNK-90528,SETTLED,4200.0,INR,BATCH-20260803-17,2026-08-03 21:39:04,2026-08-03 21:56:04,00,Settlement completed,"{""source"": ""mock_bank"", ""environment"": ""hackathon"", ""batchType"": ""standard""}"
TXN-90529,BNK-90529,SETTLED,8999.0,INR,BATCH-20260803-04,2026-08-03 21:46:17,2026-08-03 22:15:17,00,Settlement completed,"{""source"": ""mock_bank"", ""environment"": ""hackathon"", ""batchType"": ""standard""}"
TXN-90530,BNK-90530,SETTLED,2499.0,INR,BATCH-20260803-07,2026-08-03 22:00:20,2026-08-03 22:08:20,00,Settlement completed,"{""source"": ""mock_bank"", ""environment"": ""hackathon"", ""batchType"": ""standard""}"
TXN-90531,BNK-90531,SETTLED,2899.0,INR,BATCH-20260803-11,2026-08-03 22:03:51,2026-08-03 22:21:51,00,Settlement completed,"{""source"": ""mock_bank"", ""environment"": ""hackathon"", ""batchType"": ""standard""}"
TXN-90532,BNK-90532,SETTLED,799.0,INR,BATCH-20260803-12,2026-08-03 22:12:23,2026-08-03 22:30:23,00,Settlement completed,"{""source"": ""mock_bank"", ""environment"": ""hackathon"", ""batchType"": ""standard""}"
TXN-90533,BNK-90533,SETTLED,299.0,INR,BATCH-20260803-01,2026-08-03 22:17:16,2026-08-03 22:44:16,00,Settlement completed,"{""source"": ""mock_bank"", ""environment"": ""hackathon"", ""batchType"": ""standard""}"
TXN-90534,BNK-90534,SETTLED,999.0,INR,BATCH-20260803-06,2026-08-03 22:24:56,2026-08-03 22:43:56,00,Settlement completed,"{""source"": ""mock_bank"", ""environment"": ""hackathon"", ""batchType"": ""standard""}"
TXN-90535,BNK-90535,PENDING,4999.0,INR,BATCH-20260803-10,2026-08-03 22:27:30,,P01,Settlement pending with acquiring bank,"{""source"": ""mock_bank"", ""environment"": ""hackathon"", ""batchType"": ""standard""}"
TXN-90536,BNK-90536,PENDING,6750.0,INR,BATCH-20260803-19,2026-08-03 22:36:16,,P01,Settlement pending with acquiring bank,"{""source"": ""mock_bank"", ""environment"": ""hackathon"", ""batchType"": ""standard""}"
TXN-90537,BNK-90537,SETTLED,4999.0,INR,BATCH-20260803-18,2026-08-03 22:45:16,2026-08-03 22:59:16,00,Settlement completed,"{""source"": ""mock_bank"", ""environment"": ""hackathon"", ""batchType"": ""standard""}"
TXN-90538,BNK-90538,SETTLED,199.0,INR,BATCH-20260803-02,2026-08-03 22:53:04,2026-08-03 23:06:04,00,Settlement completed,"{""source"": ""mock_bank"", ""environment"": ""hackathon"", ""batchType"": ""standard""}"
TXN-90539,BNK-90539,SETTLED,1250.0,INR,BATCH-20260803-17,2026-08-03 22:58:05,2026-08-03 23:21:05,00,Settlement completed,"{""source"": ""mock_bank"", ""environment"": ""hackathon"", ""batchType"": ""standard""}"
TXN-90540,BNK-90540,SETTLED,1499.0,INR,BATCH-20260803-03,2026-08-03 23:08:19,2026-08-03 23:27:19,00,Settlement completed,"{""source"": ""mock_bank"", ""environment"": ""hackathon"", ""batchType"": ""standard""}"
TXN-90541,BNK-90541,SETTLED,1150.0,INR,BATCH-20260803-19,2026-08-03 23:18:46,2026-08-03 23:29:46,00,Settlement completed,"{""source"": ""mock_bank"", ""environment"": ""hackathon"", ""batchType"": ""standard""}"
TXN-90542,BNK-90542,SETTLED,12500.0,INR,BATCH-20260803-10,2026-08-03 23:26:22,2026-08-03 23:42:22,00,Settlement completed,"{""source"": ""mock_bank"", ""environment"": ""hackathon"", ""batchType"": ""standard""}"
TXN-90543,BNK-90543,SETTLED,199.0,INR,BATCH-20260803-15,2026-08-03 23:32:19,2026-08-04 00:00:19,00,Settlement completed,"{""source"": ""mock_bank"", ""environment"": ""hackathon"", ""batchType"": ""standard""}"
TXN-90544,BNK-90544,REJECTED,6750.0,INR,BATCH-20260803-03,2026-08-03 23:37:53,,R01,Settlement rejected by bank,"{""source"": ""mock_bank"", ""environment"": ""hackathon"", ""batchType"": ""standard""}"
TXN-90545,BNK-90545,SETTLED,4949.0,INR,BATCH-20260803-14,2026-08-03 23:40:04,2026-08-03 23:54:04,00,Settlement completed,"{""source"": ""mock_bank"", ""environment"": ""hackathon"", ""batchType"": ""standard""}"
TXN-90546,BNK-90546,SETTLED,3499.0,INR,BATCH-20260803-20,2026-08-03 23:45:22,2026-08-03 23:58:22,00,Settlement completed,"{""source"": ""mock_bank"", ""environment"": ""hackathon"", ""batchType"": ""standard""}"
TXN-90547,BNK-90547,SETTLED,4999.0,INR,BATCH-20260803-01,2026-08-03 23:58:55,2026-08-04 00:12:55,00,Settlement completed,"{""source"": ""mock_bank"", ""environment"": ""hackathon"", ""batchType"": ""standard""}"
TXN-90548,BNK-90548,SETTLED,4999.0,INR,BATCH-20260803-09,2026-08-03 23:58:08,2026-08-04 00:06:08,00,Settlement completed,"{""source"": ""mock_bank"", ""environment"": ""hackathon"", ""batchType"": ""standard""}"
TXN-90549,BNK-90549,REJECTED,6750.0,INR,BATCH-20260804-13,2026-08-04 00:13:07,,R01,Settlement rejected by bank,"{""source"": ""mock_bank"", ""environment"": ""hackathon"", ""batchType"": ""standard""}"
TXN-90550,BNK-90550,PENDING,4999.0,INR,BATCH-20260804-13,2026-08-04 00:18:30,,P01,Settlement pending with acquiring bank,"{""source"": ""mock_bank"", ""environment"": ""hackathon"", ""batchType"": ""standard""}"
TXN-90551,BNK-90551,SETTLED,2499.0,INR,BATCH-20260804-03,2026-08-04 00:27:32,2026-08-04 00:40:32,00,Settlement completed,"{""source"": ""mock_bank"", ""environment"": ""hackathon"", ""batchType"": ""standard""}"
TXN-90552,BNK-90552,SETTLED,1999.0,INR,BATCH-20260804-17,2026-08-04 00:33:48,2026-08-04 00:54:48,00,Settlement completed,"{""source"": ""mock_bank"", ""environment"": ""hackathon"", ""batchType"": ""standard""}"
TXN-90553,BNK-90553,PENDING,1999.0,INR,BATCH-20260804-01,2026-08-04 00:39:39,,P01,Settlement pending with acquiring bank,"{""source"": ""mock_bank"", ""environment"": ""hackathon"", ""batchType"": ""standard""}"
TXN-90554,BNK-90554,SETTLED,6750.0,INR,BATCH-20260804-18,2026-08-04 00:42:46,2026-08-04 00:56:46,00,Settlement completed,"{""source"": ""mock_bank"", ""environment"": ""hackathon"", ""batchType"": ""standard""}"
TXN-90556,BNK-90556,SETTLED,1250.0,INR,BATCH-20260804-11,2026-08-04 00:54:03,2026-08-04 01:07:03,00,Settlement completed,"{""source"": ""mock_bank"", ""environment"": ""hackathon"", ""batchType"": ""standard""}"
TXN-90557,BNK-90557,SETTLED,4200.0,INR,BATCH-20260804-18,2026-08-04 01:08:15,2026-08-04 01:38:15,00,Settlement completed,"{""source"": ""mock_bank"", ""environment"": ""hackathon"", ""batchType"": ""standard""}"
TXN-90558,BNK-90558,SETTLED,4999.0,INR,BATCH-20260804-17,2026-08-04 01:15:37,2026-08-04 01:44:37,00,Settlement completed,"{""source"": ""mock_bank"", ""environment"": ""hackathon"", ""batchType"": ""standard""}"
TXN-90559,BNK-90559,SETTLED,1999.0,INR,BATCH-20260804-05,2026-08-04 01:15:17,2026-08-04 01:23:17,00,Settlement completed,"{""source"": ""mock_bank"", ""environment"": ""hackathon"", ""batchType"": ""standard""}"
TXN-90560,BNK-90560,SETTLED,199.0,INR,BATCH-20260804-04,2026-08-04 01:30:08,2026-08-04 01:38:08,00,Settlement completed,"{""source"": ""mock_bank"", ""environment"": ""hackathon"", ""batchType"": ""standard""}"
TXN-90561,BNK-90561,SETTLED,1250.0,INR,BATCH-20260804-06,2026-08-04 01:31:37,2026-08-04 02:00:37,00,Settlement completed,"{""source"": ""mock_bank"", ""environment"": ""hackathon"", ""batchType"": ""standard""}"
TXN-90562,BNK-90562,SETTLED,6750.0,INR,BATCH-20260804-16,2026-08-04 01:42:21,2026-08-04 01:55:21,00,Settlement completed,"{""source"": ""mock_bank"", ""environment"": ""hackathon"", ""batchType"": ""standard""}"
TXN-90563,BNK-90563,SETTLED,799.0,INR,BATCH-20260804-07,2026-08-04 01:50:13,2026-08-04 02:14:13,00,Settlement completed,"{""source"": ""mock_bank"", ""environment"": ""hackathon"", ""batchType"": ""standard""}"
TXN-90564,BNK-90564,SETTLED,2899.0,INR,BATCH-20260804-03,2026-08-04 01:54:38,2026-08-04 02:09:38,00,Settlement completed,"{""source"": ""mock_bank"", ""environment"": ""hackathon"", ""batchType"": ""standard""}"
TXN-90565,BNK-90565,SETTLED,4200.0,INR,BATCH-20260804-15,2026-08-04 02:03:51,2026-08-04 02:25:51,00,Settlement completed,"{""source"": ""mock_bank"", ""environment"": ""hackathon"", ""batchType"": ""standard""}"
TXN-90566,BNK-90566,SETTLED,12500.0,INR,BATCH-20260804-01,2026-08-04 02:10:19,2026-08-04 02:40:19,00,Settlement completed,"{""source"": ""mock_bank"", ""environment"": ""hackathon"", ""batchType"": ""standard""}"
TXN-90567,BNK-90567,PENDING,999.0,INR,BATCH-20260804-12,2026-08-04 02:13:02,,P01,Settlement pending with acquiring bank,"{""source"": ""mock_bank"", ""environment"": ""hackathon"", ""batchType"": ""standard""}"
TXN-90568,BNK-90568,SETTLED,12500.0,INR,BATCH-20260804-05,2026-08-04 02:27:14,2026-08-04 02:46:14,00,Settlement completed,"{""source"": ""mock_bank"", ""environment"": ""hackathon"", ""batchType"": ""standard""}"
TXN-90569,BNK-90569,SETTLED,6750.0,INR,BATCH-20260804-01,2026-08-04 02:29:48,2026-08-04 02:44:48,00,Settlement completed,"{""source"": ""mock_bank"", ""environment"": ""hackathon"", ""batchType"": ""standard""}"
TXN-90570,BNK-90570,SETTLED,1249.0,INR,BATCH-20260804-03,2026-08-04 02:43:01,2026-08-04 03:13:01,00,Settlement completed,"{""source"": ""mock_bank"", ""environment"": ""hackathon"", ""batchType"": ""standard""}"
TXN-90571,BNK-90571,PENDING,4200.0,INR,BATCH-20260804-10,2026-08-04 02:43:33,,P01,Settlement pending with acquiring bank,"{""source"": ""mock_bank"", ""environment"": ""hackathon"", ""batchType"": ""standard""}"
TXN-90572,BNK-90572,SETTLED,799.0,INR,BATCH-20260804-03,2026-08-04 02:52:26,2026-08-04 03:05:26,00,Settlement completed,"{""source"": ""mock_bank"", ""environment"": ""hackathon"", ""batchType"": ""standard""}"
TXN-90573,BNK-90573,PENDING,799.0,INR,BATCH-20260804-13,2026-08-04 03:01:46,,P01,Settlement pending with acquiring bank,"{""source"": ""mock_bank"", ""environment"": ""hackathon"", ""batchType"": ""standard""}"
TXN-90574,BNK-90574,SETTLED,4999.0,INR,BATCH-20260804-02,2026-08-04 03:03:47,2026-08-04 03:12:47,00,Settlement completed,"{""source"": ""mock_bank"", ""environment"": ""hackathon"", ""batchType"": ""standard""}"
TXN-90575,BNK-90575,SETTLED,799.0,INR,BATCH-20260804-15,2026-08-04 03:14:31,2026-08-04 03:28:31,00,Settlement completed,"{""source"": ""mock_bank"", ""environment"": ""hackathon"", ""batchType"": ""standard""}"
TXN-90576,BNK-90576,SETTLED,299.0,INR,BATCH-20260804-01,2026-08-04 03:21:33,2026-08-04 03:29:33,00,Settlement completed,"{""source"": ""mock_bank"", ""environment"": ""hackathon"", ""batchType"": ""standard""}"
TXN-90577,BNK-90577,SETTLED,1999.0,INR,BATCH-20260804-01,2026-08-04 03:28:07,2026-08-04 03:43:07,00,Settlement completed,"{""source"": ""mock_bank"", ""environment"": ""hackathon"", ""batchType"": ""standard""}"
TXN-90578,BNK-90578,SETTLED,2499.0,INR,BATCH-20260804-01,2026-08-04 03:35:21,2026-08-04 03:50:21,00,Settlement completed,"{""source"": ""mock_bank"", ""environment"": ""hackathon"", ""batchType"": ""standard""}"
TXN-90579,BNK-90579,SETTLED,2499.0,INR,BATCH-20260804-14,2026-08-04 03:41:20,2026-08-04 04:06:20,00,Settlement completed,"{""source"": ""mock_bank"", ""environment"": ""hackathon"", ""batchType"": ""standard""}"
TXN-90580,BNK-90580,SETTLED,49.0,INR,BATCH-20260804-15,2026-08-04 03:51:24,2026-08-04 04:03:24,00,Settlement completed,"{""source"": ""mock_bank"", ""environment"": ""hackathon"", ""batchType"": ""standard""}"
TXN-90581,BNK-90581,SETTLED,199.0,INR,BATCH-20260804-12,2026-08-04 03:51:01,2026-08-04 04:02:01,00,Settlement completed,"{""source"": ""mock_bank"", ""environment"": ""hackathon"", ""batchType"": ""standard""}"
TXN-90582,BNK-90582,SETTLED,8999.0,INR,BATCH-20260804-09,2026-08-04 04:03:48,2026-08-04 04:17:48,00,Settlement completed,"{""source"": ""mock_bank"", ""environment"": ""hackathon"", ""batchType"": ""standard""}"
TXN-90583,BNK-90583,SETTLED,1499.0,INR,BATCH-20260804-10,2026-08-04 04:05:35,2026-08-04 04:14:35,00,Settlement completed,"{""source"": ""mock_bank"", ""environment"": ""hackathon"", ""batchType"": ""standard""}"
TXN-90584,BNK-90584,SETTLED,1599.0,INR,BATCH-20260804-14,2026-08-04 04:17:20,2026-08-04 04:32:20,00,Settlement completed,"{""source"": ""mock_bank"", ""environment"": ""hackathon"", ""batchType"": ""standard""}"
TXN-90585,BNK-90585,SETTLED,3499.0,INR,BATCH-20260804-16,2026-08-04 04:28:03,2026-08-04 04:44:03,00,Settlement completed,"{""source"": ""mock_bank"", ""environment"": ""hackathon"", ""batchType"": ""standard""}"
TXN-90586,BNK-90586,SETTLED,1599.0,INR,BATCH-20260804-15,2026-08-04 04:33:19,2026-08-04 05:02:19,00,Settlement completed,"{""source"": ""mock_bank"", ""environment"": ""hackathon"", ""batchType"": ""standard""}"
TXN-90587,BNK-90587,SETTLED,6750.0,INR,BATCH-20260804-04,2026-08-04 04:39:18,2026-08-04 04:26:18,00,Settlement completed,"{""source"": ""mock_bank"", ""environment"": ""hackathon"", ""batchType"": ""standard""}"
TXN-90588,BNK-90588,SETTLED,8999.0,INR,BATCH-20260804-16,2026-08-04 04:44:12,2026-08-04 04:27:12,00,Settlement completed,"{""source"": ""mock_bank"", ""environment"": ""hackathon"", ""batchType"": ""standard""}"
TXN-90589,BNK-90589,SETTLED,2649.0,INR,BATCH-20260804-12,2026-08-04 04:51:12,2026-08-04 05:00:12,00,Settlement completed,"{""source"": ""mock_bank"", ""environment"": ""hackathon"", ""batchType"": ""standard""}"
TXN-90590,BNK-90590,SETTLED,6750.0,INR,BATCH-20260804-08,2026-08-04 04:56:47,2026-08-04 05:21:47,00,Settlement completed,"{""source"": ""mock_bank"", ""environment"": ""hackathon"", ""batchType"": ""standard""}"
TXN-90591,BNK-90591,SETTLED,6750.0,INR,BATCH-20260804-03,2026-08-04 05:05:50,2026-08-04 05:23:50,00,Settlement completed,"{""source"": ""mock_bank"", ""environment"": ""hackathon"", ""batchType"": ""standard""}"
TXN-90592,BNK-90592,SETTLED,1999.0,INR,BATCH-20260804-13,2026-08-04 05:11:19,2026-08-04 05:35:19,00,Settlement completed,"{""source"": ""mock_bank"", ""environment"": ""hackathon"", ""batchType"": ""standard""}"
TXN-90593,BNK-90593,SETTLED,2899.0,INR,BATCH-20260804-06,2026-08-04 05:18:52,2026-08-04 05:29:52,00,Settlement completed,"{""source"": ""mock_bank"", ""environment"": ""hackathon"", ""batchType"": ""standard""}"
TXN-90594,BNK-90594,SETTLED,299.0,INR,BATCH-20260804-12,2026-08-04 05:25:13,2026-08-04 05:37:13,00,Settlement completed,"{""source"": ""mock_bank"", ""environment"": ""hackathon"", ""batchType"": ""standard""}"
TXN-90595,BNK-90595,SETTLED,8999.0,INR,BATCH-20260804-19,2026-08-04 05:36:43,2026-08-04 05:58:43,00,Settlement completed,"{""source"": ""mock_bank"", ""environment"": ""hackathon"", ""batchType"": ""standard""}"
TXN-90596,BNK-90596,SETTLED,6750.0,INR,BATCH-20260804-20,2026-08-04 05:36:47,2026-08-04 05:53:47,00,Settlement completed,"{""source"": ""mock_bank"", ""environment"": ""hackathon"", ""batchType"": ""standard""}"
TXN-90597,BNK-90597,SETTLED,8999.0,INR,BATCH-20260804-02,2026-08-04 05:46:54,2026-08-04 06:01:54,00,Settlement completed,"{""source"": ""mock_bank"", ""environment"": ""hackathon"", ""batchType"": ""standard""}"
TXN-90598,BNK-90598,SETTLED,1250.0,INR,BATCH-20260804-01,2026-08-04 05:50:12,2026-08-04 06:13:12,00,Settlement completed,"{""source"": ""mock_bank"", ""environment"": ""hackathon"", ""batchType"": ""standard""}"
TXN-90599,BNK-90599,SETTLED,199.0,INR,BATCH-20260804-03,2026-08-04 05:55:16,2026-08-04 05:49:16,00,Settlement completed,"{""source"": ""mock_bank"", ""environment"": ""hackathon"", ""batchType"": ""standard""}"
TXN-90600,BNK-90600,SETTLED,4200.0,INR,BATCH-20260804-11,2026-08-04 06:04:33,2026-08-04 06:21:33,00,Settlement completed,"{""source"": ""mock_bank"", ""environment"": ""hackathon"", ""batchType"": ""standard""}"
TXN-90601,BNK-90601,SETTLED,799.0,INR,BATCH-20260804-04,2026-08-04 06:18:15,2026-08-04 06:43:15,00,Settlement completed,"{""source"": ""mock_bank"", ""environment"": ""hackathon"", ""batchType"": ""standard""}"
TXN-90602,BNK-90602,SETTLED,499.0,INR,BATCH-20260804-09,2026-08-04 06:17:41,2026-08-04 06:45:41,00,Settlement completed,"{""source"": ""mock_bank"", ""environment"": ""hackathon"", ""batchType"": ""standard""}"
TXN-90604,BNK-90604,SETTLED,12500.0,INR,BATCH-20260804-19,2026-08-04 06:34:16,2026-08-04 06:58:16,00,Settlement completed,"{""source"": ""mock_bank"", ""environment"": ""hackathon"", ""batchType"": ""standard""}"
TXN-90605,BNK-90605,SETTLED,3499.0,INR,BATCH-20260804-06,2026-08-04 06:43:21,2026-08-04 06:58:21,00,Settlement completed,"{""source"": ""mock_bank"", ""environment"": ""hackathon"", ""batchType"": ""standard""}"
TXN-90606,BNK-90606,REJECTED,999.0,INR,BATCH-20260804-13,2026-08-04 06:49:15,,R01,Settlement rejected by bank,"{""source"": ""mock_bank"", ""environment"": ""hackathon"", ""batchType"": ""standard""}"
TXN-90607,BNK-90607,SETTLED,2399.0,INR,BATCH-20260804-13,2026-08-04 06:59:03,2026-08-04 07:10:03,00,Settlement completed,"{""source"": ""mock_bank"", ""environment"": ""hackathon"", ""batchType"": ""standard""}"
TXN-90608,BNK-90608,PENDING,8999.0,INR,BATCH-20260804-06,2026-08-04 07:04:34,,P01,Settlement pending with acquiring bank,"{""source"": ""mock_bank"", ""environment"": ""hackathon"", ""batchType"": ""standard""}"
TXN-90609,BNK-90609,SETTLED,4200.0,INR,BATCH-20260804-11,2026-08-04 07:10:06,2026-08-04 07:18:06,00,Settlement completed,"{""source"": ""mock_bank"", ""environment"": ""hackathon"", ""batchType"": ""standard""}"
TXN-90610,BNK-90610,SETTLED,2499.0,INR,BATCH-20260804-11,2026-08-04 07:16:04,2026-08-04 07:10:04,00,Settlement completed,"{""source"": ""mock_bank"", ""environment"": ""hackathon"", ""batchType"": ""standard""}"
TXN-90611,BNK-90611,SETTLED,8999.0,INR,BATCH-20260804-18,2026-08-04 07:22:45,2026-08-04 07:37:45,00,Settlement completed,"{""source"": ""mock_bank"", ""environment"": ""hackathon"", ""batchType"": ""standard""}"
TXN-90612,BNK-90612,PENDING,4200.0,INR,BATCH-20260804-04,2026-08-04 07:33:44,,P01,Settlement pending with acquiring bank,"{""source"": ""mock_bank"", ""environment"": ""hackathon"", ""batchType"": ""standard""}"
TXN-90613,BNK-90613,SETTLED,6750.0,INR,BATCH-20260804-17,2026-08-04 07:36:29,2026-08-04 08:00:29,00,Settlement completed,"{""source"": ""mock_bank"", ""environment"": ""hackathon"", ""batchType"": ""standard""}"
TXN-90614,BNK-90614,SETTLED,2499.0,INR,BATCH-20260804-08,2026-08-04 07:45:50,2026-08-04 08:07:50,00,Settlement completed,"{""source"": ""mock_bank"", ""environment"": ""hackathon"", ""batchType"": ""standard""}"
TXN-90615,BNK-90615,SETTLED,8999.0,INR,BATCH-20260804-05,2026-08-04 07:54:30,2026-08-04 08:03:30,00,Settlement completed,"{""source"": ""mock_bank"", ""environment"": ""hackathon"", ""batchType"": ""standard""}"
TXN-90616,BNK-90616,SETTLED,4200.0,INR,BATCH-20260804-20,2026-08-04 08:02:32,2026-08-04 08:32:32,00,Settlement completed,"{""source"": ""mock_bank"", ""environment"": ""hackathon"", ""batchType"": ""standard""}"
TXN-90617,BNK-90617,SETTLED,299.0,INR,BATCH-20260804-02,2026-08-04 08:05:30,2026-08-04 08:31:30,00,Settlement completed,"{""source"": ""mock_bank"", ""environment"": ""hackathon"", ""batchType"": ""standard""}"
TXN-90618,BNK-90618,SETTLED,299.0,INR,BATCH-20260804-10,2026-08-04 08:17:02,2026-08-04 08:29:02,00,Settlement completed,"{""source"": ""mock_bank"", ""environment"": ""hackathon"", ""batchType"": ""standard""}"
TXN-90619,BNK-90619,SETTLED,1999.0,INR,BATCH-20260804-18,2026-08-04 08:21:30,2026-08-04 08:42:30,00,Settlement completed,"{""source"": ""mock_bank"", ""environment"": ""hackathon"", ""batchType"": ""standard""}"
TXN-90620,BNK-90620,REJECTED,2899.0,INR,BATCH-20260804-06,2026-08-04 08:29:26,,R01,Settlement rejected by bank,"{""source"": ""mock_bank"", ""environment"": ""hackathon"", ""batchType"": ""standard""}"
TXN-90621,BNK-90621,REJECTED,799.0,INR,BATCH-20260804-12,2026-08-04 08:37:48,,R01,Settlement rejected by bank,"{""source"": ""mock_bank"", ""environment"": ""hackathon"", ""batchType"": ""standard""}"
TXN-90622,BNK-90622,SETTLED,999.0,INR,BATCH-20260804-06,2026-08-04 08:46:04,2026-08-04 09:13:04,00,Settlement completed,"{""source"": ""mock_bank"", ""environment"": ""hackathon"", ""batchType"": ""standard""}"
TXN-90623,BNK-90623,SETTLED,4999.0,INR,BATCH-20260804-10,2026-08-04 08:52:00,2026-08-04 09:20:00,00,Settlement completed,"{""source"": ""mock_bank"", ""environment"": ""hackathon"", ""batchType"": ""standard""}"
TXN-90624,BNK-90624,SETTLED,2899.0,INR,BATCH-20260804-18,2026-08-04 08:50:43,2026-08-04 09:00:43,00,Settlement completed,"{""source"": ""mock_bank"", ""environment"": ""hackathon"", ""batchType"": ""standard""}"
TXN-90624,BNK-90624-DUP,SETTLED,2899.0,INR,BATCH-20260804-18,2026-08-04 08:50:43,2026-08-04 09:00:43,00,Settlement completed,"{""source"": ""mock_bank"", ""environment"": ""hackathon"", ""duplicateTest"": true}"
TXN-90625,BNK-90625,SETTLED,1999.0,INR,BATCH-20260804-02,2026-08-04 09:05:08,2026-08-04 08:52:08,00,Settlement completed,"{""source"": ""mock_bank"", ""environment"": ""hackathon"", ""batchType"": ""standard""}"
TXN-90626,BNK-90626,SETTLED,499.0,INR,BATCH-20260804-14,2026-08-04 09:09:14,2026-08-04 09:17:14,00,Settlement completed,"{""source"": ""mock_bank"", ""environment"": ""hackathon"", ""batchType"": ""standard""}"
TXN-90627,BNK-90627,SETTLED,499.0,INR,BATCH-20260804-10,2026-08-04 09:18:40,2026-08-04 09:29:40,00,Settlement completed,"{""source"": ""mock_bank"", ""environment"": ""hackathon"", ""batchType"": ""standard""}"
TXN-90628,BNK-90628,SETTLED,12500.0,INR,BATCH-20260804-04,2026-08-04 09:27:22,2026-08-04 09:39:22,00,Settlement completed,"{""source"": ""mock_bank"", ""environment"": ""hackathon"", ""batchType"": ""standard""}"
TXN-90629,BNK-90629,SETTLED,1250.0,INR,BATCH-20260804-17,2026-08-04 09:31:35,2026-08-04 09:56:35,00,Settlement completed,"{""source"": ""mock_bank"", ""environment"": ""hackathon"", ""batchType"": ""standard""}"
TXN-90630,BNK-90630,SETTLED,12500.0,INR,BATCH-20260804-18,2026-08-04 09:34:40,2026-08-04 09:48:40,00,Settlement completed,"{""source"": ""mock_bank"", ""environment"": ""hackathon"", ""batchType"": ""standard""}"
TXN-90631,BNK-90631,SETTLED,1250.0,INR,BATCH-20260804-04,2026-08-04 09:50:54,2026-08-04 10:08:54,00,Settlement completed,"{""source"": ""mock_bank"", ""environment"": ""hackathon"", ""batchType"": ""standard""}"
TXN-90632,BNK-90632,SETTLED,3499.0,INR,BATCH-20260804-09,2026-08-04 09:54:59,2026-08-04 10:23:59,00,Settlement completed,"{""source"": ""mock_bank"", ""environment"": ""hackathon"", ""batchType"": ""standard""}"
TXN-90633,BNK-90633,PENDING,2499.0,INR,BATCH-20260804-18,2026-08-04 09:57:11,,P01,Settlement pending with acquiring bank,"{""source"": ""mock_bank"", ""environment"": ""hackathon"", ""batchType"": ""standard""}"
TXN-90634,BNK-90634,SETTLED,99.0,INR,BATCH-20260804-05,2026-08-04 10:11:09,2026-08-04 10:39:09,00,Settlement completed,"{""source"": ""mock_bank"", ""environment"": ""hackathon"", ""batchType"": ""standard""}"
TXN-90635,BNK-90635,SETTLED,499.0,INR,BATCH-20260804-13,2026-08-04 10:18:48,2026-08-04 10:45:48,00,Settlement completed,"{""source"": ""mock_bank"", ""environment"": ""hackathon"", ""batchType"": ""standard""}"
TXN-90636,BNK-90636,SETTLED,8999.0,INR,BATCH-20260804-14,2026-08-04 10:20:10,2026-08-04 10:03:10,00,Settlement completed,"{""source"": ""mock_bank"", ""environment"": ""hackathon"", ""batchType"": ""standard""}"
TXN-90637,BNK-90637,SETTLED,2499.0,INR,BATCH-20260804-17,2026-08-04 10:27:01,2026-08-04 10:46:01,00,Settlement completed,"{""source"": ""mock_bank"", ""environment"": ""hackathon"", ""batchType"": ""standard""}"
TXN-90638,BNK-90638,SETTLED,2499.0,INR,BATCH-20260804-05,2026-08-04 10:39:45,2026-08-04 10:51:45,00,Settlement completed,"{""source"": ""mock_bank"", ""environment"": ""hackathon"", ""batchType"": ""standard""}"
TXN-90639,BNK-90639,SETTLED,1250.0,INR,BATCH-20260804-18,2026-08-04 10:43:50,2026-08-04 10:17:50,00,Settlement completed,"{""source"": ""mock_bank"", ""environment"": ""hackathon"", ""batchType"": ""standard""}"
TXN-90640,BNK-90640,PENDING,12500.0,INR,BATCH-20260804-16,2026-08-04 10:50:34,,P01,Settlement pending with acquiring bank,"{""source"": ""mock_bank"", ""environment"": ""hackathon"", ""batchType"": ""standard""}"
TXN-90641,BNK-90641,PENDING,199.0,INR,BATCH-20260804-20,2026-08-04 10:54:25,,P01,Settlement pending with acquiring bank,"{""source"": ""mock_bank"", ""environment"": ""hackathon"", ""batchType"": ""standard""}"
TXN-90642,BNK-90642,REJECTED,4200.0,INR,BATCH-20260804-16,2026-08-04 11:03:21,,R01,Settlement rejected by bank,"{""source"": ""mock_bank"", ""environment"": ""hackathon"", ""batchType"": ""standard""}"
TXN-90643,BNK-90643,SETTLED,1499.0,INR,BATCH-20260804-17,2026-08-04 11:09:54,2026-08-04 11:36:54,00,Settlement completed,"{""source"": ""mock_bank"", ""environment"": ""hackathon"", ""batchType"": ""standard""}"
TXN-90644,BNK-90644,REJECTED,299.0,INR,BATCH-20260804-02,2026-08-04 11:21:28,,R01,Settlement rejected by bank,"{""source"": ""mock_bank"", ""environment"": ""hackathon"", ""batchType"": ""standard""}"
TXN-90645,BNK-90645,PENDING,4200.0,INR,BATCH-20260804-17,2026-08-04 11:21:08,,P01,Settlement pending with acquiring bank,"{""source"": ""mock_bank"", ""environment"": ""hackathon"", ""batchType"": ""standard""}"
TXN-90646,BNK-90646,SETTLED,3499.0,INR,BATCH-20260804-19,2026-08-04 11:25:37,2026-08-04 11:49:37,00,Settlement completed,"{""source"": ""mock_bank"", ""environment"": ""hackathon"", ""batchType"": ""standard""}"
TXN-90647,BNK-90647,SETTLED,2499.0,INR,BATCH-20260804-09,2026-08-04 11:38:13,2026-08-04 11:54:13,00,Settlement completed,"{""source"": ""mock_bank"", ""environment"": ""hackathon"", ""batchType"": ""standard""}"
TXN-90648,BNK-90648,SETTLED,2849.0,INR,BATCH-20260804-18,2026-08-04 11:43:35,2026-08-04 11:52:35,00,Settlement completed,"{""source"": ""mock_bank"", ""environment"": ""hackathon"", ""batchType"": ""standard""}"
TXN-90649,BNK-90649,SETTLED,8999.0,INR,BATCH-20260804-17,2026-08-04 11:51:39,2026-08-04 12:11:39,00,Settlement completed,"{""source"": ""mock_bank"", ""environment"": ""hackathon"", ""batchType"": ""standard""}"
TXN-90650,BNK-90650,PENDING,6750.0,INR,BATCH-20260804-02,2026-08-04 12:02:22,,P01,Settlement pending with acquiring bank,"{""source"": ""mock_bank"", ""environment"": ""hackathon"", ""batchType"": ""standard""}"
TXN-90651,BNK-90651,SETTLED,12500.0,INR,BATCH-20260804-14,2026-08-04 12:04:16,2026-08-04 12:23:16,00,Settlement completed,"{""source"": ""mock_bank"", ""environment"": ""hackathon"", ""batchType"": ""standard""}"
TXN-90652,BNK-90652,SETTLED,1999.0,INR,BATCH-20260804-15,2026-08-04 12:10:48,2026-08-04 12:25:48,00,Settlement completed,"{""source"": ""mock_bank"", ""environment"": ""hackathon"", ""batchType"": ""standard""}"
TXN-90653,BNK-90653,SETTLED,999.0,INR,BATCH-20260804-11,2026-08-04 12:20:38,2026-08-04 12:47:38,00,Settlement completed,"{""source"": ""mock_bank"", ""environment"": ""hackathon"", ""batchType"": ""standard""}"
TXN-90654,BNK-90654,SETTLED,1599.0,INR,BATCH-20260804-18,2026-08-04 12:24:28,2026-08-04 12:37:28,00,Settlement completed,"{""source"": ""mock_bank"", ""environment"": ""hackathon"", ""batchType"": ""standard""}"
TXN-90655,BNK-90655,SETTLED,299.0,INR,BATCH-20260804-06,2026-08-04 12:31:26,2026-08-04 12:40:26,00,Settlement completed,"{""source"": ""mock_bank"", ""environment"": ""hackathon"", ""batchType"": ""standard""}"
TXN-90656,BNK-90656,PENDING,2899.0,INR,BATCH-20260804-12,2026-08-04 12:41:27,,P01,Settlement pending with acquiring bank,"{""source"": ""mock_bank"", ""environment"": ""hackathon"", ""batchType"": ""standard""}"
TXN-90657,BNK-90657,SETTLED,2499.0,INR,BATCH-20260804-09,2026-08-04 12:47:52,2026-08-04 12:28:52,00,Settlement completed,"{""source"": ""mock_bank"", ""environment"": ""hackathon"", ""batchType"": ""standard""}"
TXN-90658,BNK-90658,REJECTED,1250.0,INR,BATCH-20260804-09,2026-08-04 12:53:40,,R01,Settlement rejected by bank,"{""source"": ""mock_bank"", ""environment"": ""hackathon"", ""batchType"": ""standard""}"
TXN-90660,BNK-90660,SETTLED,1599.0,INR,BATCH-20260804-08,2026-08-04 13:09:02,2026-08-04 13:22:02,00,Settlement completed,"{""source"": ""mock_bank"", ""environment"": ""hackathon"", ""batchType"": ""standard""}"
TXN-90661,BNK-90661,PENDING,6750.0,INR,BATCH-20260804-16,2026-08-04 13:10:58,,P01,Settlement pending with acquiring bank,"{""source"": ""mock_bank"", ""environment"": ""hackathon"", ""batchType"": ""standard""}"
TXN-90662,BNK-90662,SETTLED,1999.0,INR,BATCH-20260804-02,2026-08-04 13:20:17,2026-08-04 13:39:17,00,Settlement completed,"{""source"": ""mock_bank"", ""environment"": ""hackathon"", ""batchType"": ""standard""}"
TXN-90663,BNK-90663,SETTLED,799.0,INR,BATCH-20260804-08,2026-08-04 13:25:10,2026-08-04 13:16:10,00,Settlement completed,"{""source"": ""mock_bank"", ""environment"": ""hackathon"", ""batchType"": ""standard""}"
TXN-90664,BNK-90664,SETTLED,1999.0,INR,BATCH-20260804-09,2026-08-04 13:35:59,2026-08-04 13:44:59,00,Settlement completed,"{""source"": ""mock_bank"", ""environment"": ""hackathon"", ""batchType"": ""standard""}"
TXN-90665,BNK-90665,REJECTED,1599.0,INR,BATCH-20260804-13,2026-08-04 13:38:07,,R01,Settlement rejected by bank,"{""source"": ""mock_bank"", ""environment"": ""hackathon"", ""batchType"": ""standard""}"
TXN-90666,BNK-90666,PENDING,299.0,INR,BATCH-20260804-01,2026-08-04 13:51:51,,P01,Settlement pending with acquiring bank,"{""source"": ""mock_bank"", ""environment"": ""hackathon"", ""batchType"": ""standard""}"
TXN-90667,BNK-90667,SETTLED,1250.0,INR,BATCH-20260804-01,2026-08-04 13:54:35,2026-08-04 14:20:35,00,Settlement completed,"{""source"": ""mock_bank"", ""environment"": ""hackathon"", ""batchType"": ""standard""}"
TXN-90668,BNK-90668,SETTLED,4999.0,INR,BATCH-20260804-15,2026-08-04 14:06:42,2026-08-04 14:29:42,00,Settlement completed,"{""source"": ""mock_bank"", ""environment"": ""hackathon"", ""batchType"": ""standard""}"
TXN-90669,BNK-90669,SETTLED,149.0,INR,BATCH-20260804-12,2026-08-04 14:13:24,2026-08-04 14:41:24,00,Settlement completed,"{""source"": ""mock_bank"", ""environment"": ""hackathon"", ""batchType"": ""standard""}"
TXN-90670,BNK-90670,SETTLED,2499.0,INR,BATCH-20260804-11,2026-08-04 14:20:11,2026-08-04 14:29:11,00,Settlement completed,"{""source"": ""mock_bank"", ""environment"": ""hackathon"", ""batchType"": ""standard""}"
TXN-90671,BNK-90671,SETTLED,12500.0,INR,BATCH-20260804-11,2026-08-04 14:23:25,2026-08-04 14:50:25,00,Settlement completed,"{""source"": ""mock_bank"", ""environment"": ""hackathon"", ""batchType"": ""standard""}"
TXN-90672,BNK-90672,SETTLED,499.0,INR,BATCH-20260804-20,2026-08-04 14:32:52,2026-08-04 14:49:52,00,Settlement completed,"{""source"": ""mock_bank"", ""environment"": ""hackathon"", ""batchType"": ""standard""}"
TXN-90673,BNK-90673,SETTLED,1499.0,INR,BATCH-20260804-18,2026-08-04 14:44:26,2026-08-04 15:10:26,00,Settlement completed,"{""source"": ""mock_bank"", ""environment"": ""hackathon"", ""batchType"": ""standard""}"
TXN-90674,BNK-90674,SETTLED,1999.0,INR,BATCH-20260804-12,2026-08-04 14:51:37,2026-08-04 15:15:37,00,Settlement completed,"{""source"": ""mock_bank"", ""environment"": ""hackathon"", ""batchType"": ""standard""}"
TXN-90675,BNK-90675,SETTLED,1250.0,INR,BATCH-20260804-01,2026-08-04 14:54:19,2026-08-04 15:14:19,00,Settlement completed,"{""source"": ""mock_bank"", ""environment"": ""hackathon"", ""batchType"": ""standard""}"
TXN-90676,BNK-90676,SETTLED,2499.0,INR,BATCH-20260804-01,2026-08-04 15:00:37,2026-08-04 15:30:37,00,Settlement completed,"{""source"": ""mock_bank"", ""environment"": ""hackathon"", ""batchType"": ""standard""}"
TXN-90677,BNK-90677,SETTLED,6750.0,INR,BATCH-20260804-16,2026-08-04 15:08:24,2026-08-04 15:38:24,00,Settlement completed,"{""source"": ""mock_bank"", ""environment"": ""hackathon"", ""batchType"": ""standard""}"
TXN-90678,BNK-90678,PENDING,1499.0,INR,BATCH-20260804-04,2026-08-04 15:12:30,,P01,Settlement pending with acquiring bank,"{""source"": ""mock_bank"", ""environment"": ""hackathon"", ""batchType"": ""standard""}"
TXN-90679,BNK-90679,PENDING,2499.0,INR,BATCH-20260804-11,2026-08-04 15:24:26,,P01,Settlement pending with acquiring bank,"{""source"": ""mock_bank"", ""environment"": ""hackathon"", ""batchType"": ""standard""}"
TXN-90680,BNK-90680,PENDING,999.0,INR,BATCH-20260804-04,2026-08-04 15:27:54,,P01,Settlement pending with acquiring bank,"{""source"": ""mock_bank"", ""environment"": ""hackathon"", ""batchType"": ""standard""}"
TXN-90681,BNK-90681,SETTLED,199.0,INR,BATCH-20260804-08,2026-08-04 15:32:38,2026-08-04 15:54:38,00,Settlement completed,"{""source"": ""mock_bank"", ""environment"": ""hackathon"", ""batchType"": ""standard""}"
TXN-90682,BNK-90682,SETTLED,499.0,INR,BATCH-20260804-09,2026-08-04 15:39:42,2026-08-04 15:57:42,00,Settlement completed,"{""source"": ""mock_bank"", ""environment"": ""hackathon"", ""batchType"": ""standard""}"
TXN-90683,BNK-90683,SETTLED,3499.0,INR,BATCH-20260804-17,2026-08-04 15:48:37,2026-08-04 16:18:37,00,Settlement completed,"{""source"": ""mock_bank"", ""environment"": ""hackathon"", ""batchType"": ""standard""}"
TXN-90684,BNK-90684,SETTLED,299.0,INR,BATCH-20260804-18,2026-08-04 15:57:40,2026-08-04 16:27:40,00,Settlement completed,"{""source"": ""mock_bank"", ""environment"": ""hackathon"", ""batchType"": ""standard""}"
TXN-90685,BNK-90685,REJECTED,499.0,INR,BATCH-20260804-19,2026-08-04 16:07:38,,R01,Settlement rejected by bank,"{""source"": ""mock_bank"", ""environment"": ""hackathon"", ""batchType"": ""standard""}"
TXN-90686,BNK-90686,SETTLED,299.0,INR,BATCH-20260804-14,2026-08-04 16:06:27,2026-08-04 16:33:27,00,Settlement completed,"{""source"": ""mock_bank"", ""environment"": ""hackathon"", ""batchType"": ""standard""}"
TXN-90687,BNK-90687,SETTLED,899.0,INR,BATCH-20260804-14,2026-08-04 16:13:20,2026-08-04 16:29:20,00,Settlement completed,"{""source"": ""mock_bank"", ""environment"": ""hackathon"", ""batchType"": ""standard""}"
TXN-90688,BNK-90688,SETTLED,12500.0,INR,BATCH-20260804-15,2026-08-04 16:26:38,2026-08-04 16:34:38,00,Settlement completed,"{""source"": ""mock_bank"", ""environment"": ""hackathon"", ""batchType"": ""standard""}"
TXN-90689,BNK-90689,SETTLED,6750.0,INR,BATCH-20260804-17,2026-08-04 16:30:16,2026-08-04 16:40:16,00,Settlement completed,"{""source"": ""mock_bank"", ""environment"": ""hackathon"", ""batchType"": ""standard""}"
TXN-90690,BNK-90690,SETTLED,4999.0,INR,BATCH-20260804-16,2026-08-04 16:40:23,2026-08-04 17:08:23,00,Settlement completed,"{""source"": ""mock_bank"", ""environment"": ""hackathon"", ""batchType"": ""standard""}"
TXN-90690,BNK-90690-DUP,SETTLED,4999.0,INR,BATCH-20260804-16,2026-08-04 16:40:23,2026-08-04 17:08:23,00,Settlement completed,"{""source"": ""mock_bank"", ""environment"": ""hackathon"", ""duplicateTest"": true}"
TXN-90691,BNK-90691,SETTLED,199.0,INR,BATCH-20260804-14,2026-08-04 16:41:14,2026-08-04 17:06:14,00,Settlement completed,"{""source"": ""mock_bank"", ""environment"": ""hackathon"", ""batchType"": ""standard""}"
TXN-90691,BNK-90691-DUP,SETTLED,199.0,INR,BATCH-20260804-14,2026-08-04 16:41:14,2026-08-04 17:06:14,00,Settlement completed,"{""source"": ""mock_bank"", ""environment"": ""hackathon"", ""duplicateTest"": true}"
TXN-90692,BNK-90692,SETTLED,6750.0,INR,BATCH-20260804-18,2026-08-04 16:53:40,2026-08-04 17:01:40,00,Settlement completed,"{""source"": ""mock_bank"", ""environment"": ""hackathon"", ""batchType"": ""standard""}"
TXN-90693,BNK-90693,SETTLED,999.0,INR,BATCH-20260804-13,2026-08-04 17:03:18,2026-08-04 17:21:18,00,Settlement completed,"{""source"": ""mock_bank"", ""environment"": ""hackathon"", ""batchType"": ""standard""}"
TXN-90694,BNK-90694,SETTLED,2899.0,INR,BATCH-20260804-03,2026-08-04 17:08:47,2026-08-04 17:21:47,00,Settlement completed,"{""source"": ""mock_bank"", ""environment"": ""hackathon"", ""batchType"": ""standard""}"
TXN-90695,BNK-90695,SETTLED,499.0,INR,BATCH-20260804-07,2026-08-04 17:09:00,2026-08-04 17:37:00,00,Settlement completed,"{""source"": ""mock_bank"", ""environment"": ""hackathon"", ""batchType"": ""standard""}"
TXN-90695,BNK-90695-DUP,SETTLED,499.0,INR,BATCH-20260804-07,2026-08-04 17:09:00,2026-08-04 17:37:00,00,Settlement completed,"{""source"": ""mock_bank"", ""environment"": ""hackathon"", ""duplicateTest"": true}"
TXN-90696,BNK-90696,SETTLED,499.0,INR,BATCH-20260804-08,2026-08-04 17:20:04,2026-08-04 17:34:04,00,Settlement completed,"{""source"": ""mock_bank"", ""environment"": ""hackathon"", ""batchType"": ""standard""}"
TXN-90697,BNK-90697,SETTLED,2899.0,INR,BATCH-20260804-19,2026-08-04 17:28:36,2026-08-04 17:45:36,00,Settlement completed,"{""source"": ""mock_bank"", ""environment"": ""hackathon"", ""batchType"": ""standard""}"
TXN-90698,BNK-90698,SETTLED,8999.0,INR,BATCH-20260804-07,2026-08-04 17:36:02,2026-08-04 18:05:02,00,Settlement completed,"{""source"": ""mock_bank"", ""environment"": ""hackathon"", ""batchType"": ""standard""}"
TXN-90699,BNK-90699,SETTLED,1499.0,INR,BATCH-20260804-08,2026-08-04 17:37:05,2026-08-04 17:49:05,00,Settlement completed,"{""source"": ""mock_bank"", ""environment"": ""hackathon"", ""batchType"": ""standard""}"
TXN-90700,BNK-90700,SETTLED,2899.0,INR,BATCH-20260804-17,2026-08-04 17:42:14,2026-08-04 18:03:14,00,Settlement completed,"{""source"": ""mock_bank"", ""environment"": ""hackathon"", ""batchType"": ""standard""}"
TXN-90701,BNK-90701,REJECTED,1599.0,INR,BATCH-20260804-12,2026-08-04 17:57:45,,R01,Settlement rejected by bank,"{""source"": ""mock_bank"", ""environment"": ""hackathon"", ""batchType"": ""standard""}"
TXN-90702,BNK-90702,SETTLED,8999.0,INR,BATCH-20260804-12,2026-08-04 17:58:56,2026-08-04 18:13:56,00,Settlement completed,"{""source"": ""mock_bank"", ""environment"": ""hackathon"", ""batchType"": ""standard""}"
TXN-90703,BNK-90703,SETTLED,1499.0,INR,BATCH-20260804-11,2026-08-04 18:13:34,2026-08-04 18:23:34,00,Settlement completed,"{""source"": ""mock_bank"", ""environment"": ""hackathon"", ""batchType"": ""standard""}"
TXN-90703,BNK-90703-DUP,SETTLED,1499.0,INR,BATCH-20260804-11,2026-08-04 18:13:34,2026-08-04 18:23:34,00,Settlement completed,"{""source"": ""mock_bank"", ""environment"": ""hackathon"", ""duplicateTest"": true}"
TXN-90704,BNK-90704,SETTLED,2899.0,INR,BATCH-20260804-04,2026-08-04 18:17:23,2026-08-04 18:27:23,00,Settlement completed,"{""source"": ""mock_bank"", ""environment"": ""hackathon"", ""batchType"": ""standard""}"
TXN-90705,BNK-90705,SETTLED,3499.0,INR,BATCH-20260804-06,2026-08-04 18:17:28,2026-08-04 18:30:28,00,Settlement completed,"{""source"": ""mock_bank"", ""environment"": ""hackathon"", ""batchType"": ""standard""}"
TXN-90706,BNK-90706,SETTLED,8999.0,INR,BATCH-20260804-15,2026-08-04 18:28:20,2026-08-04 18:09:20,00,Settlement completed,"{""source"": ""mock_bank"", ""environment"": ""hackathon"", ""batchType"": ""standard""}"
TXN-90707,BNK-90707,SETTLED,799.0,INR,BATCH-20260804-10,2026-08-04 18:36:48,2026-08-04 19:04:48,00,Settlement completed,"{""source"": ""mock_bank"", ""environment"": ""hackathon"", ""batchType"": ""standard""}"
TXN-90708,BNK-90708,SETTLED,8999.0,INR,BATCH-20260804-04,2026-08-04 18:38:58,2026-08-04 18:48:58,00,Settlement completed,"{""source"": ""mock_bank"", ""environment"": ""hackathon"", ""batchType"": ""standard""}"
TXN-90709,BNK-90709,SETTLED,6750.0,INR,BATCH-20260804-01,2026-08-04 18:48:56,2026-08-04 19:10:56,00,Settlement completed,"{""source"": ""mock_bank"", ""environment"": ""hackathon"", ""batchType"": ""standard""}"
TXN-90710,BNK-90710,SETTLED,1599.0,INR,BATCH-20260804-11,2026-08-04 18:56:45,2026-08-04 19:23:45,00,Settlement completed,"{""source"": ""mock_bank"", ""environment"": ""hackathon"", ""batchType"": ""standard""}"
TXN-90711,BNK-90711,SETTLED,2499.0,INR,BATCH-20260804-06,2026-08-04 19:03:48,2026-08-04 19:29:48,00,Settlement completed,"{""source"": ""mock_bank"", ""environment"": ""hackathon"", ""batchType"": ""standard""}"
TXN-90712,BNK-90712,SETTLED,1250.0,INR,BATCH-20260804-04,2026-08-04 19:10:57,2026-08-04 19:22:57,00,Settlement completed,"{""source"": ""mock_bank"", ""environment"": ""hackathon"", ""batchType"": ""standard""}"
TXN-90713,BNK-90713,SETTLED,2899.0,INR,BATCH-20260804-01,2026-08-04 19:19:58,2026-08-04 19:43:58,00,Settlement completed,"{""source"": ""mock_bank"", ""environment"": ""hackathon"", ""batchType"": ""standard""}"
TXN-90714,BNK-90714,REJECTED,12500.0,INR,BATCH-20260804-11,2026-08-04 19:27:00,,R01,Settlement rejected by bank,"{""source"": ""mock_bank"", ""environment"": ""hackathon"", ""batchType"": ""standard""}"
TXN-90715,BNK-90715,SETTLED,4200.0,INR,BATCH-20260804-11,2026-08-04 19:32:16,2026-08-04 19:44:16,00,Settlement completed,"{""source"": ""mock_bank"", ""environment"": ""hackathon"", ""batchType"": ""standard""}"
TXN-90716,BNK-90716,PENDING,4999.0,INR,BATCH-20260804-03,2026-08-04 19:43:23,,P01,Settlement pending with acquiring bank,"{""source"": ""mock_bank"", ""environment"": ""hackathon"", ""batchType"": ""standard""}"
TXN-90717,BNK-90717,SETTLED,4999.0,INR,BATCH-20260804-07,2026-08-04 19:48:34,2026-08-04 20:04:34,00,Settlement completed,"{""source"": ""mock_bank"", ""environment"": ""hackathon"", ""batchType"": ""standard""}"
TXN-90718,BNK-90718,SETTLED,12500.0,INR,BATCH-20260804-19,2026-08-04 19:52:16,2026-08-04 20:05:16,00,Settlement completed,"{""source"": ""mock_bank"", ""environment"": ""hackathon"", ""batchType"": ""standard""}"
TXN-90719,BNK-90719,SETTLED,8999.0,INR,BATCH-20260804-16,2026-08-04 20:01:53,2026-08-04 20:31:53,00,Settlement completed,"{""source"": ""mock_bank"", ""environment"": ""hackathon"", ""batchType"": ""standard""}"
TXN-90720,BNK-90720,PENDING,2899.0,INR,BATCH-20260804-07,2026-08-04 20:04:01,,P01,Settlement pending with acquiring bank,"{""source"": ""mock_bank"", ""environment"": ""hackathon"", ""batchType"": ""standard""}"
TXN-90721,BNK-90721,SETTLED,2899.0,INR,BATCH-20260804-03,2026-08-04 20:18:40,2026-08-04 20:26:40,00,Settlement completed,"{""source"": ""mock_bank"", ""environment"": ""hackathon"", ""batchType"": ""standard""}"
TXN-90722,BNK-90722,SETTLED,3499.0,INR,BATCH-20260804-14,2026-08-04 20:24:58,2026-08-04 20:37:58,00,Settlement completed,"{""source"": ""mock_bank"", ""environment"": ""hackathon"", ""batchType"": ""standard""}"
TXN-90723,BNK-90723,SETTLED,1599.0,INR,BATCH-20260804-18,2026-08-04 20:30:17,2026-08-04 20:39:17,00,Settlement completed,"{""source"": ""mock_bank"", ""environment"": ""hackathon"", ""batchType"": ""standard""}"
TXN-90724,BNK-90724,SETTLED,999.0,INR,BATCH-20260804-01,2026-08-04 20:37:17,2026-08-04 20:52:17,00,Settlement completed,"{""source"": ""mock_bank"", ""environment"": ""hackathon"", ""batchType"": ""standard""}"
TXN-90725,BNK-90725,SETTLED,6750.0,INR,BATCH-20260804-17,2026-08-04 20:44:34,2026-08-04 21:08:34,00,Settlement completed,"{""source"": ""mock_bank"", ""environment"": ""hackathon"", ""batchType"": ""standard""}"
TXN-90726,BNK-90726,SETTLED,199.0,INR,BATCH-20260804-15,2026-08-04 20:48:04,2026-08-04 20:59:04,00,Settlement completed,"{""source"": ""mock_bank"", ""environment"": ""hackathon"", ""batchType"": ""standard""}"
TXN-90727,BNK-90727,SETTLED,1250.0,INR,BATCH-20260804-08,2026-08-04 20:56:17,2026-08-04 21:09:17,00,Settlement completed,"{""source"": ""mock_bank"", ""environment"": ""hackathon"", ""batchType"": ""standard""}"
TXN-90728,BNK-90728,PENDING,2499.0,INR,BATCH-20260804-18,2026-08-04 21:00:37,,P01,Settlement pending with acquiring bank,"{""source"": ""mock_bank"", ""environment"": ""hackathon"", ""batchType"": ""standard""}"
TXN-90729,BNK-90729,SETTLED,12500.0,INR,BATCH-20260804-07,2026-08-04 21:14:10,2026-08-04 21:40:10,00,Settlement completed,"{""source"": ""mock_bank"", ""environment"": ""hackathon"", ""batchType"": ""standard""}"
TXN-90730,BNK-90730,SETTLED,799.0,INR,BATCH-20260804-13,2026-08-04 21:18:24,2026-08-04 21:41:24,00,Settlement completed,"{""source"": ""mock_bank"", ""environment"": ""hackathon"", ""batchType"": ""standard""}"
TXN-90731,BNK-90731,SETTLED,4999.0,INR,BATCH-20260804-05,2026-08-04 21:22:11,2026-08-04 21:51:11,00,Settlement completed,"{""source"": ""mock_bank"", ""environment"": ""hackathon"", ""batchType"": ""standard""}"
TXN-90732,BNK-90732,SETTLED,199.0,INR,BATCH-20260804-02,2026-08-04 21:31:39,2026-08-04 21:39:39,00,Settlement completed,"{""source"": ""mock_bank"", ""environment"": ""hackathon"", ""batchType"": ""standard""}"
TXN-90733,BNK-90733,SETTLED,1499.0,INR,BATCH-20260804-07,2026-08-04 21:37:28,2026-08-04 22:07:28,00,Settlement completed,"{""source"": ""mock_bank"", ""environment"": ""hackathon"", ""batchType"": ""standard""}"
TXN-90734,BNK-90734,SETTLED,999.0,INR,BATCH-20260804-15,2026-08-04 21:41:27,2026-08-04 22:08:27,00,Settlement completed,"{""source"": ""mock_bank"", ""environment"": ""hackathon"", ""batchType"": ""standard""}"
TXN-90735,BNK-90735,SETTLED,1999.0,INR,BATCH-20260804-10,2026-08-04 21:47:06,2026-08-04 22:13:06,00,Settlement completed,"{""source"": ""mock_bank"", ""environment"": ""hackathon"", ""batchType"": ""standard""}"
TXN-90736,BNK-90736,SETTLED,1999.0,INR,BATCH-20260804-02,2026-08-04 21:57:09,2026-08-04 22:19:09,00,Settlement completed,"{""source"": ""mock_bank"", ""environment"": ""hackathon"", ""batchType"": ""standard""}"
TXN-90737,BNK-90737,SETTLED,799.0,INR,BATCH-20260804-08,2026-08-04 22:03:40,2026-08-04 21:48:40,00,Settlement completed,"{""source"": ""mock_bank"", ""environment"": ""hackathon"", ""batchType"": ""standard""}"
TXN-90738,BNK-90738,SETTLED,199.0,INR,BATCH-20260804-20,2026-08-04 22:12:27,2026-08-04 22:26:27,00,Settlement completed,"{""source"": ""mock_bank"", ""environment"": ""hackathon"", ""batchType"": ""standard""}"
TXN-90739,BNK-90739,REJECTED,1499.0,INR,BATCH-20260804-19,2026-08-04 22:19:29,,R01,Settlement rejected by bank,"{""source"": ""mock_bank"", ""environment"": ""hackathon"", ""batchType"": ""standard""}"
TXN-90740,BNK-90740,SETTLED,1599.0,INR,BATCH-20260804-04,2026-08-04 22:22:18,2026-08-04 22:52:18,00,Settlement completed,"{""source"": ""mock_bank"", ""environment"": ""hackathon"", ""batchType"": ""standard""}"
TXN-90741,BNK-90741,SETTLED,799.0,INR,BATCH-20260804-02,2026-08-04 22:32:48,2026-08-04 22:41:48,00,Settlement completed,"{""source"": ""mock_bank"", ""environment"": ""hackathon"", ""batchType"": ""standard""}"
TXN-90742,BNK-90742,SETTLED,199.0,INR,BATCH-20260804-10,2026-08-04 22:42:17,2026-08-04 23:00:17,00,Settlement completed,"{""source"": ""mock_bank"", ""environment"": ""hackathon"", ""batchType"": ""standard""}"
TXN-90743,BNK-90743,SETTLED,1599.0,INR,BATCH-20260804-16,2026-08-04 22:48:44,2026-08-04 22:59:44,00,Settlement completed,"{""source"": ""mock_bank"", ""environment"": ""hackathon"", ""batchType"": ""standard""}"
TXN-90744,BNK-90744,SETTLED,12500.0,INR,BATCH-20260804-02,2026-08-04 23:01:03,2026-08-04 23:18:03,00,Settlement completed,"{""source"": ""mock_bank"", ""environment"": ""hackathon"", ""batchType"": ""standard""}"
TXN-90745,BNK-90745,SETTLED,6700.0,INR,BATCH-20260804-06,2026-08-04 23:05:46,2026-08-04 23:14:46,00,Settlement completed,"{""source"": ""mock_bank"", ""environment"": ""hackathon"", ""batchType"": ""standard""}"
TXN-90746,BNK-90746,SETTLED,6750.0,INR,BATCH-20260804-07,2026-08-04 23:09:55,2026-08-04 23:30:55,00,Settlement completed,"{""source"": ""mock_bank"", ""environment"": ""hackathon"", ""batchType"": ""standard""}"
TXN-90747,BNK-90747,SETTLED,799.0,INR,BATCH-20260804-01,2026-08-04 23:15:08,2026-08-04 23:34:08,00,Settlement completed,"{""source"": ""mock_bank"", ""environment"": ""hackathon"", ""batchType"": ""standard""}"
TXN-90748,BNK-90748,SETTLED,499.0,INR,BATCH-20260804-04,2026-08-04 23:20:18,2026-08-04 23:32:18,00,Settlement completed,"{""source"": ""mock_bank"", ""environment"": ""hackathon"", ""batchType"": ""standard""}"
TXN-90749,BNK-90749,SETTLED,4999.0,INR,BATCH-20260804-19,2026-08-04 23:28:18,2026-08-04 23:55:18,00,Settlement completed,"{""source"": ""mock_bank"", ""environment"": ""hackathon"", ""batchType"": ""standard""}"
TXN-90750,BNK-90750,REJECTED,12500.0,INR,BATCH-20260804-06,2026-08-04 23:38:47,,R01,Settlement rejected by bank,"{""source"": ""mock_bank"", ""environment"": ""hackathon"", ""batchType"": ""standard""}"
TXN-90751,BNK-90751,SETTLED,4200.0,INR,BATCH-20260804-07,2026-08-04 23:40:11,2026-08-04 23:50:11,00,Settlement completed,"{""source"": ""mock_bank"", ""environment"": ""hackathon"", ""batchType"": ""standard""}"
TXN-90752,BNK-90752,PENDING,4200.0,INR,BATCH-20260804-18,2026-08-04 23:52:18,,P01,Settlement pending with acquiring bank,"{""source"": ""mock_bank"", ""environment"": ""hackathon"", ""batchType"": ""standard""}"
TXN-90753,BNK-90753,SETTLED,999.0,INR,BATCH-20260804-02,2026-08-04 23:54:31,2026-08-05 00:04:31,00,Settlement completed,"{""source"": ""mock_bank"", ""environment"": ""hackathon"", ""batchType"": ""standard""}"
TXN-90754,BNK-90754,SETTLED,799.0,INR,BATCH-20260804-06,2026-08-05 00:00:42,2026-08-05 00:23:42,00,Settlement completed,"{""source"": ""mock_bank"", ""environment"": ""hackathon"", ""batchType"": ""standard""}"
TXN-90755,BNK-90755,REJECTED,799.0,INR,BATCH-20260805-15,2026-08-05 00:10:20,,R01,Settlement rejected by bank,"{""source"": ""mock_bank"", ""environment"": ""hackathon"", ""batchType"": ""standard""}"
TXN-90756,BNK-90756,PENDING,4200.0,INR,BATCH-20260805-01,2026-08-05 00:24:01,,P01,Settlement pending with acquiring bank,"{""source"": ""mock_bank"", ""environment"": ""hackathon"", ""batchType"": ""standard""}"
TXN-90757,BNK-90757,SETTLED,4999.0,INR,BATCH-20260805-02,2026-08-05 00:23:48,2026-08-05 00:04:48,00,Settlement completed,"{""source"": ""mock_bank"", ""environment"": ""hackathon"", ""batchType"": ""standard""}"
TXN-90758,BNK-90758,SETTLED,4999.0,INR,BATCH-20260805-08,2026-08-05 00:31:34,2026-08-05 00:47:34,00,Settlement completed,"{""source"": ""mock_bank"", ""environment"": ""hackathon"", ""batchType"": ""standard""}"
TXN-90759,BNK-90759,SETTLED,1499.0,INR,BATCH-20260805-05,2026-08-05 00:37:46,2026-08-05 00:56:46,00,Settlement completed,"{""source"": ""mock_bank"", ""environment"": ""hackathon"", ""batchType"": ""standard""}"
TXN-90760,BNK-90760,SETTLED,3499.0,INR,BATCH-20260805-11,2026-08-05 00:45:43,2026-08-05 01:02:43,00,Settlement completed,"{""source"": ""mock_bank"", ""environment"": ""hackathon"", ""batchType"": ""standard""}"
TXN-90761,BNK-90761,SETTLED,499.0,INR,BATCH-20260805-17,2026-08-05 00:57:32,2026-08-05 01:10:32,00,Settlement completed,"{""source"": ""mock_bank"", ""environment"": ""hackathon"", ""batchType"": ""standard""}"
TXN-90762,BNK-90762,SETTLED,1599.0,INR,BATCH-20260805-04,2026-08-05 01:06:11,2026-08-05 01:24:11,00,Settlement completed,"{""source"": ""mock_bank"", ""environment"": ""hackathon"", ""batchType"": ""standard""}"
TXN-90763,BNK-90763,REJECTED,1599.0,INR,BATCH-20260805-02,2026-08-05 01:11:08,,R01,Settlement rejected by bank,"{""source"": ""mock_bank"", ""environment"": ""hackathon"", ""batchType"": ""standard""}"
TXN-90764,BNK-90764,SETTLED,12500.0,INR,BATCH-20260805-05,2026-08-05 01:10:44,2026-08-05 01:19:44,00,Settlement completed,"{""source"": ""mock_bank"", ""environment"": ""hackathon"", ""batchType"": ""standard""}"
TXN-90765,BNK-90765,SETTLED,12500.0,INR,BATCH-20260805-09,2026-08-05 01:20:34,2026-08-05 01:32:34,00,Settlement completed,"{""source"": ""mock_bank"", ""environment"": ""hackathon"", ""batchType"": ""standard""}"
TXN-90766,BNK-90766,REJECTED,3499.0,INR,BATCH-20260805-04,2026-08-05 01:27:14,,R01,Settlement rejected by bank,"{""source"": ""mock_bank"", ""environment"": ""hackathon"", ""batchType"": ""standard""}"
TXN-90767,BNK-90767,SETTLED,999.0,INR,BATCH-20260805-11,2026-08-05 01:41:59,2026-08-05 02:03:59,00,Settlement completed,"{""source"": ""mock_bank"", ""environment"": ""hackathon"", ""batchType"": ""standard""}"
TXN-90768,BNK-90768,SETTLED,1999.0,INR,BATCH-20260805-18,2026-08-05 01:47:12,2026-08-05 02:01:12,00,Settlement completed,"{""source"": ""mock_bank"", ""environment"": ""hackathon"", ""batchType"": ""standard""}"
TXN-90769,BNK-90769,SETTLED,999.0,INR,BATCH-20260805-05,2026-08-05 01:53:53,2026-08-05 02:04:53,00,Settlement completed,"{""source"": ""mock_bank"", ""environment"": ""hackathon"", ""batchType"": ""standard""}"
TXN-90770,BNK-90770,SETTLED,2899.0,INR,BATCH-20260805-07,2026-08-05 01:57:33,2026-08-05 02:16:33,00,Settlement completed,"{""source"": ""mock_bank"", ""environment"": ""hackathon"", ""batchType"": ""standard""}"
TXN-90772,BNK-90772,SETTLED,499.0,INR,BATCH-20260805-09,2026-08-05 02:13:40,2026-08-05 02:31:40,00,Settlement completed,"{""source"": ""mock_bank"", ""environment"": ""hackathon"", ""batchType"": ""standard""}"
TXN-90773,BNK-90773,REJECTED,6750.0,INR,BATCH-20260805-12,2026-08-05 02:23:40,,R01,Settlement rejected by bank,"{""source"": ""mock_bank"", ""environment"": ""hackathon"", ""batchType"": ""standard""}"
TXN-90774,BNK-90774,PENDING,999.0,INR,BATCH-20260805-17,2026-08-05 02:27:22,,P01,Settlement pending with acquiring bank,"{""source"": ""mock_bank"", ""environment"": ""hackathon"", ""batchType"": ""standard""}"
TXN-90775,BNK-90775,SETTLED,199.0,INR,BATCH-20260805-10,2026-08-05 02:34:08,2026-08-05 02:56:08,00,Settlement completed,"{""source"": ""mock_bank"", ""environment"": ""hackathon"", ""batchType"": ""standard""}"
TXN-90776,BNK-90776,SETTLED,1099.0,INR,BATCH-20260805-03,2026-08-05 02:37:14,2026-08-05 03:06:14,00,Settlement completed,"{""source"": ""mock_bank"", ""environment"": ""hackathon"", ""batchType"": ""standard""}"
TXN-90777,BNK-90777,SETTLED,799.0,INR,BATCH-20260805-11,2026-08-05 02:50:34,2026-08-05 03:13:34,00,Settlement completed,"{""source"": ""mock_bank"", ""environment"": ""hackathon"", ""batchType"": ""standard""}"
TXN-90778,BNK-90778,SETTLED,1499.0,INR,BATCH-20260805-04,2026-08-05 02:56:26,2026-08-05 03:10:26,00,Settlement completed,"{""source"": ""mock_bank"", ""environment"": ""hackathon"", ""batchType"": ""standard""}"
TXN-90779,BNK-90779,SETTLED,3499.0,INR,BATCH-20260805-20,2026-08-05 02:59:22,2026-08-05 03:17:22,00,Settlement completed,"{""source"": ""mock_bank"", ""environment"": ""hackathon"", ""batchType"": ""standard""}"
TXN-90781,BNK-90781,SETTLED,2899.0,INR,BATCH-20260805-09,2026-08-05 03:15:02,2026-08-05 02:47:02,00,Settlement completed,"{""source"": ""mock_bank"", ""environment"": ""hackathon"", ""batchType"": ""standard""}"
TXN-90782,BNK-90782,PENDING,1250.0,INR,BATCH-20260805-04,2026-08-05 03:20:43,,P01,Settlement pending with acquiring bank,"{""source"": ""mock_bank"", ""environment"": ""hackathon"", ""batchType"": ""standard""}"
TXN-90783,BNK-90783,SETTLED,999.0,INR,BATCH-20260805-09,2026-08-05 03:31:08,2026-08-05 03:13:08,00,Settlement completed,"{""source"": ""mock_bank"", ""environment"": ""hackathon"", ""batchType"": ""standard""}"
TXN-90784,BNK-90784,SETTLED,299.0,INR,BATCH-20260805-15,2026-08-05 03:35:27,2026-08-05 04:02:27,00,Settlement completed,"{""source"": ""mock_bank"", ""environment"": ""hackathon"", ""batchType"": ""standard""}"
TXN-90785,BNK-90785,SETTLED,199.0,INR,BATCH-20260805-06,2026-08-05 03:40:14,2026-08-05 03:49:14,00,Settlement completed,"{""source"": ""mock_bank"", ""environment"": ""hackathon"", ""batchType"": ""standard""}"
TXN-90786,BNK-90786,SETTLED,6750.0,INR,BATCH-20260805-03,2026-08-05 03:48:45,2026-08-05 04:12:45,00,Settlement completed,"{""source"": ""mock_bank"", ""environment"": ""hackathon"", ""batchType"": ""standard""}"
TXN-90787,BNK-90787,SETTLED,799.0,INR,BATCH-20260805-03,2026-08-05 04:00:02,2026-08-05 04:20:02,00,Settlement completed,"{""source"": ""mock_bank"", ""environment"": ""hackathon"", ""batchType"": ""standard""}"
TXN-90788,BNK-90788,SETTLED,12000.0,INR,BATCH-20260805-12,2026-08-05 04:03:17,2026-08-05 04:11:17,00,Settlement completed,"{""source"": ""mock_bank"", ""environment"": ""hackathon"", ""batchType"": ""standard""}"
TXN-90789,BNK-90789,SETTLED,999.0,INR,BATCH-20260805-03,2026-08-05 04:08:42,2026-08-05 04:17:42,00,Settlement completed,"{""source"": ""mock_bank"", ""environment"": ""hackathon"", ""batchType"": ""standard""}"
TXN-90790,BNK-90790,SETTLED,4200.0,INR,BATCH-20260805-04,2026-08-05 04:18:42,2026-08-05 04:48:42,00,Settlement completed,"{""source"": ""mock_bank"", ""environment"": ""hackathon"", ""batchType"": ""standard""}"
TXN-90791,BNK-90791,SETTLED,1250.0,INR,BATCH-20260805-15,2026-08-05 04:24:51,2026-08-05 04:36:51,00,Settlement completed,"{""source"": ""mock_bank"", ""environment"": ""hackathon"", ""batchType"": ""standard""}"
TXN-90792,BNK-90792,REJECTED,199.0,INR,BATCH-20260805-05,2026-08-05 04:34:26,,R01,Settlement rejected by bank,"{""source"": ""mock_bank"", ""environment"": ""hackathon"", ""batchType"": ""standard""}"
TXN-90793,BNK-90793,SETTLED,2899.0,INR,BATCH-20260805-18,2026-08-05 04:42:06,2026-08-05 05:09:06,00,Settlement completed,"{""source"": ""mock_bank"", ""environment"": ""hackathon"", ""batchType"": ""standard""}"
TXN-90794,BNK-90794,SETTLED,12500.0,INR,BATCH-20260805-04,2026-08-05 04:41:42,2026-08-05 04:50:42,00,Settlement completed,"{""source"": ""mock_bank"", ""environment"": ""hackathon"", ""batchType"": ""standard""}"
TXN-90795,BNK-90795,SETTLED,199.0,INR,BATCH-20260805-17,2026-08-05 04:54:00,2026-08-05 05:04:00,00,Settlement completed,"{""source"": ""mock_bank"", ""environment"": ""hackathon"", ""batchType"": ""standard""}"
TXN-90796,BNK-90796,SETTLED,1999.0,INR,BATCH-20260805-05,2026-08-05 04:57:33,2026-08-05 04:47:33,00,Settlement completed,"{""source"": ""mock_bank"", ""environment"": ""hackathon"", ""batchType"": ""standard""}"
TXN-90797,BNK-90797,SETTLED,12400.0,INR,BATCH-20260805-09,2026-08-05 05:08:07,2026-08-05 05:33:07,00,Settlement completed,"{""source"": ""mock_bank"", ""environment"": ""hackathon"", ""batchType"": ""standard""}"
TXN-90798,BNK-90798,REJECTED,199.0,INR,BATCH-20260805-02,2026-08-05 05:11:40,,R01,Settlement rejected by bank,"{""source"": ""mock_bank"", ""environment"": ""hackathon"", ""batchType"": ""standard""}"
TXN-90799,BNK-90799,SETTLED,999.0,INR,BATCH-20260805-17,2026-08-05 05:18:10,2026-08-05 05:40:10,00,Settlement completed,"{""source"": ""mock_bank"", ""environment"": ""hackathon"", ""batchType"": ""standard""}"
TXN-90800,BNK-90800,SETTLED,8999.0,INR,BATCH-20260805-11,2026-08-05 05:31:06,2026-08-05 05:49:06,00,Settlement completed,"{""source"": ""mock_bank"", ""environment"": ""hackathon"", ""batchType"": ""standard""}"
TXN-90801,BNK-90801,SETTLED,8899.0,INR,BATCH-20260805-03,2026-08-05 05:31:59,2026-08-05 05:52:59,00,Settlement completed,"{""source"": ""mock_bank"", ""environment"": ""hackathon"", ""batchType"": ""standard""}"
TXN-90802,BNK-90802,SETTLED,799.0,INR,BATCH-20260805-19,2026-08-05 05:42:06,2026-08-05 06:08:06,00,Settlement completed,"{""source"": ""mock_bank"", ""environment"": ""hackathon"", ""batchType"": ""standard""}"
TXN-90803,BNK-90803,SETTLED,999.0,INR,BATCH-20260805-11,2026-08-05 05:53:08,2026-08-05 06:20:08,00,Settlement completed,"{""source"": ""mock_bank"", ""environment"": ""hackathon"", ""batchType"": ""standard""}"
TXN-90804,BNK-90804,SETTLED,2899.0,INR,BATCH-20260805-19,2026-08-05 05:54:54,2026-08-05 06:10:54,00,Settlement completed,"{""source"": ""mock_bank"", ""environment"": ""hackathon"", ""batchType"": ""standard""}"
TXN-90805,BNK-90805,SETTLED,1999.0,INR,BATCH-20260805-15,2026-08-05 06:02:02,2026-08-05 06:30:02,00,Settlement completed,"{""source"": ""mock_bank"", ""environment"": ""hackathon"", ""batchType"": ""standard""}"
TXN-90806,BNK-90806,SETTLED,12500.0,INR,BATCH-20260805-01,2026-08-05 06:08:53,2026-08-05 06:34:53,00,Settlement completed,"{""source"": ""mock_bank"", ""environment"": ""hackathon"", ""batchType"": ""standard""}"
TXN-90807,BNK-90807,SETTLED,12500.0,INR,BATCH-20260805-07,2026-08-05 06:12:48,2026-08-05 06:39:48,00,Settlement completed,"{""source"": ""mock_bank"", ""environment"": ""hackathon"", ""batchType"": ""standard""}"
TXN-90808,BNK-90808,SETTLED,6750.0,INR,BATCH-20260805-06,2026-08-05 06:22:00,2026-08-05 06:41:00,00,Settlement completed,"{""source"": ""mock_bank"", ""environment"": ""hackathon"", ""batchType"": ""standard""}"
TXN-90809,BNK-90809,SETTLED,3499.0,INR,BATCH-20260805-04,2026-08-05 06:34:46,2026-08-05 06:50:46,00,Settlement completed,"{""source"": ""mock_bank"", ""environment"": ""hackathon"", ""batchType"": ""standard""}"
TXN-90810,BNK-90810,SETTLED,499.0,INR,BATCH-20260805-08,2026-08-05 06:37:20,2026-08-05 07:03:20,00,Settlement completed,"{""source"": ""mock_bank"", ""environment"": ""hackathon"", ""batchType"": ""standard""}"
TXN-90811,BNK-90811,REJECTED,1999.0,INR,BATCH-20260805-19,2026-08-05 06:48:25,,R01,Settlement rejected by bank,"{""source"": ""mock_bank"", ""environment"": ""hackathon"", ""batchType"": ""standard""}"
TXN-90812,BNK-90812,SETTLED,2899.0,INR,BATCH-20260805-13,2026-08-05 06:50:07,2026-08-05 07:09:07,00,Settlement completed,"{""source"": ""mock_bank"", ""environment"": ""hackathon"", ""batchType"": ""standard""}"
TXN-90814,BNK-90814,PENDING,6750.0,INR,BATCH-20260805-15,2026-08-05 07:03:15,,P01,Settlement pending with acquiring bank,"{""source"": ""mock_bank"", ""environment"": ""hackathon"", ""batchType"": ""standard""}"
TXN-90815,BNK-90815,SETTLED,4200.0,INR,BATCH-20260805-01,2026-08-05 07:13:00,2026-08-05 07:23:00,00,Settlement completed,"{""source"": ""mock_bank"", ""environment"": ""hackathon"", ""batchType"": ""standard""}"
TXN-90816,BNK-90816,SETTLED,2899.0,INR,BATCH-20260805-12,2026-08-05 07:18:13,2026-08-05 07:40:13,00,Settlement completed,"{""source"": ""mock_bank"", ""environment"": ""hackathon"", ""batchType"": ""standard""}"
TXN-90817,BNK-90817,SETTLED,199.0,INR,BATCH-20260805-02,2026-08-05 07:28:49,2026-08-05 07:39:49,00,Settlement completed,"{""source"": ""mock_bank"", ""environment"": ""hackathon"", ""batchType"": ""standard""}"
TXN-90818,BNK-90818,SETTLED,799.0,INR,BATCH-20260805-08,2026-08-05 07:32:58,2026-08-05 07:47:58,00,Settlement completed,"{""source"": ""mock_bank"", ""environment"": ""hackathon"", ""batchType"": ""standard""}"
TXN-90819,BNK-90819,SETTLED,449.0,INR,BATCH-20260805-05,2026-08-05 07:43:47,2026-08-05 08:01:47,00,Settlement completed,"{""source"": ""mock_bank"", ""environment"": ""hackathon"", ""batchType"": ""standard""}"
TXN-90820,BNK-90820,SETTLED,799.0,INR,BATCH-20260805-07,2026-08-05 07:50:17,2026-08-05 08:08:17,00,Settlement completed,"{""source"": ""mock_bank"", ""environment"": ""hackathon"", ""batchType"": ""standard""}"
TXN-90821,BNK-90821,SETTLED,199.0,INR,BATCH-20260805-15,2026-08-05 07:50:17,2026-08-05 08:04:17,00,Settlement completed,"{""source"": ""mock_bank"", ""environment"": ""hackathon"", ""batchType"": ""standard""}"
TXN-90823,BNK-90823,SETTLED,6750.0,INR,BATCH-20260805-17,2026-08-05 08:08:00,2026-08-05 07:45:00,00,Settlement completed,"{""source"": ""mock_bank"", ""environment"": ""hackathon"", ""batchType"": ""standard""}"
TXN-90824,BNK-90824,SETTLED,799.0,INR,BATCH-20260805-14,2026-08-05 08:17:55,2026-08-05 08:34:55,00,Settlement completed,"{""source"": ""mock_bank"", ""environment"": ""hackathon"", ""batchType"": ""standard""}"
TXN-90825,BNK-90825,PENDING,12500.0,INR,BATCH-20260805-11,2026-08-05 08:19:47,,P01,Settlement pending with acquiring bank,"{""source"": ""mock_bank"", ""environment"": ""hackathon"", ""batchType"": ""standard""}"
TXN-90826,BNK-90826,SETTLED,1499.0,INR,BATCH-20260805-11,2026-08-05 08:25:00,2026-08-05 08:53:00,00,Settlement completed,"{""source"": ""mock_bank"", ""environment"": ""hackathon"", ""batchType"": ""standard""}"
TXN-90827,BNK-90827,SETTLED,6750.0,INR,BATCH-20260805-14,2026-08-05 08:35:50,2026-08-05 09:03:50,00,Settlement completed,"{""source"": ""mock_bank"", ""environment"": ""hackathon"", ""batchType"": ""standard""}"
TXN-90828,BNK-90828,SETTLED,6750.0,INR,BATCH-20260805-10,2026-08-05 08:42:58,2026-08-05 08:57:58,00,Settlement completed,"{""source"": ""mock_bank"", ""environment"": ""hackathon"", ""batchType"": ""standard""}"
TXN-90829,BNK-90829,SETTLED,299.0,INR,BATCH-20260805-19,2026-08-05 08:52:21,2026-08-05 09:18:21,00,Settlement completed,"{""source"": ""mock_bank"", ""environment"": ""hackathon"", ""batchType"": ""standard""}"
TXN-90830,BNK-90830,SETTLED,8999.0,INR,BATCH-20260805-12,2026-08-05 08:57:20,2026-08-05 09:27:20,00,Settlement completed,"{""source"": ""mock_bank"", ""environment"": ""hackathon"", ""batchType"": ""standard""}"
TXN-90831,BNK-90831,SETTLED,999.0,INR,BATCH-20260805-10,2026-08-05 09:07:38,2026-08-05 09:36:38,00,Settlement completed,"{""source"": ""mock_bank"", ""environment"": ""hackathon"", ""batchType"": ""standard""}"
TXN-90832,BNK-90832,SETTLED,6750.0,INR,BATCH-20260805-11,2026-08-05 09:08:12,2026-08-05 09:17:12,00,Settlement completed,"{""source"": ""mock_bank"", ""environment"": ""hackathon"", ""batchType"": ""standard""}"
TXN-90833,BNK-90833,SETTLED,8999.0,INR,BATCH-20260805-18,2026-08-05 09:15:50,2026-08-05 09:23:50,00,Settlement completed,"{""source"": ""mock_bank"", ""environment"": ""hackathon"", ""batchType"": ""standard""}"
TXN-90834,BNK-90834,SETTLED,799.0,INR,BATCH-20260805-03,2026-08-05 09:30:58,2026-08-05 09:48:58,00,Settlement completed,"{""source"": ""mock_bank"", ""environment"": ""hackathon"", ""batchType"": ""standard""}"
TXN-90835,BNK-90835,SETTLED,499.0,INR,BATCH-20260805-12,2026-08-05 09:36:26,2026-08-05 09:57:26,00,Settlement completed,"{""source"": ""mock_bank"", ""environment"": ""hackathon"", ""batchType"": ""standard""}"
TXN-90836,BNK-90836,SETTLED,2899.0,INR,BATCH-20260805-15,2026-08-05 09:36:07,2026-08-05 10:04:07,00,Settlement completed,"{""source"": ""mock_bank"", ""environment"": ""hackathon"", ""batchType"": ""standard""}"
TXN-90837,BNK-90837,SETTLED,799.0,INR,BATCH-20260805-17,2026-08-05 09:42:04,2026-08-05 09:57:04,00,Settlement completed,"{""source"": ""mock_bank"", ""environment"": ""hackathon"", ""batchType"": ""standard""}"
TXN-90838,BNK-90838,SETTLED,2899.0,INR,BATCH-20260805-20,2026-08-05 09:51:30,2026-08-05 10:06:30,00,Settlement completed,"{""source"": ""mock_bank"", ""environment"": ""hackathon"", ""batchType"": ""standard""}"
TXN-90839,BNK-90839,SETTLED,1250.0,INR,BATCH-20260805-17,2026-08-05 10:04:04,2026-08-05 10:31:04,00,Settlement completed,"{""source"": ""mock_bank"", ""environment"": ""hackathon"", ""batchType"": ""standard""}"
TXN-90840,BNK-90840,SETTLED,999.0,INR,BATCH-20260805-12,2026-08-05 10:12:20,2026-08-05 10:40:20,00,Settlement completed,"{""source"": ""mock_bank"", ""environment"": ""hackathon"", ""batchType"": ""standard""}"
TXN-90841,BNK-90841,SETTLED,1250.0,INR,BATCH-20260805-18,2026-08-05 10:13:19,2026-08-05 10:30:19,00,Settlement completed,"{""source"": ""mock_bank"", ""environment"": ""hackathon"", ""batchType"": ""standard""}"
TXN-90842,BNK-90842,SETTLED,549.0,INR,BATCH-20260805-17,2026-08-05 10:20:55,2026-08-05 10:50:55,00,Settlement completed,"{""source"": ""mock_bank"", ""environment"": ""hackathon"", ""batchType"": ""standard""}"
TXN-90843,BNK-90843,PENDING,999.0,INR,BATCH-20260805-04,2026-08-05 10:31:18,,P01,Settlement pending with acquiring bank,"{""source"": ""mock_bank"", ""environment"": ""hackathon"", ""batchType"": ""standard""}"
TXN-90844,BNK-90844,SETTLED,2499.0,INR,BATCH-20260805-02,2026-08-05 10:32:56,2026-08-05 10:45:56,00,Settlement completed,"{""source"": ""mock_bank"", ""environment"": ""hackathon"", ""batchType"": ""standard""}"
TXN-90845,BNK-90845,SETTLED,1499.0,INR,BATCH-20260805-14,2026-08-05 10:45:09,2026-08-05 11:09:09,00,Settlement completed,"{""source"": ""mock_bank"", ""environment"": ""hackathon"", ""batchType"": ""standard""}"
TXN-90846,BNK-90846,SETTLED,1599.0,INR,BATCH-20260805-11,2026-08-05 10:52:31,2026-08-05 11:05:31,00,Settlement completed,"{""source"": ""mock_bank"", ""environment"": ""hackathon"", ""batchType"": ""standard""}"
TXN-90847,BNK-90847,REJECTED,4999.0,INR,BATCH-20260805-06,2026-08-05 10:57:52,,R01,Settlement rejected by bank,"{""source"": ""mock_bank"", ""environment"": ""hackathon"", ""batchType"": ""standard""}"
TXN-90848,BNK-90848,SETTLED,299.0,INR,BATCH-20260805-20,2026-08-05 11:03:23,2026-08-05 11:16:23,00,Settlement completed,"{""source"": ""mock_bank"", ""environment"": ""hackathon"", ""batchType"": ""standard""}"
TXN-90849,BNK-90849,SETTLED,1499.0,INR,BATCH-20260805-16,2026-08-05 11:07:29,2026-08-05 11:20:29,00,Settlement completed,"{""source"": ""mock_bank"", ""environment"": ""hackathon"", ""batchType"": ""standard""}"
TXN-90850,BNK-90850,SETTLED,4999.0,INR,BATCH-20260805-05,2026-08-05 11:21:29,2026-08-05 11:42:29,00,Settlement completed,"{""source"": ""mock_bank"", ""environment"": ""hackathon"", ""batchType"": ""standard""}"
TXN-90851,BNK-90851,SETTLED,299.0,INR,BATCH-20260805-06,2026-08-05 11:25:44,2026-08-05 11:51:44,00,Settlement completed,"{""source"": ""mock_bank"", ""environment"": ""hackathon"", ""batchType"": ""standard""}"
TXN-90852,BNK-90852,SETTLED,4200.0,INR,BATCH-20260805-14,2026-08-05 11:36:48,2026-08-05 11:46:48,00,Settlement completed,"{""source"": ""mock_bank"", ""environment"": ""hackathon"", ""batchType"": ""standard""}"
TXN-90853,BNK-90853,SETTLED,4999.0,INR,BATCH-20260805-04,2026-08-05 11:39:17,2026-08-05 11:58:17,00,Settlement completed,"{""source"": ""mock_bank"", ""environment"": ""hackathon"", ""batchType"": ""standard""}"
TXN-90854,BNK-90854,PENDING,1499.0,INR,BATCH-20260805-14,2026-08-05 11:47:51,,P01,Settlement pending with acquiring bank,"{""source"": ""mock_bank"", ""environment"": ""hackathon"", ""batchType"": ""standard""}"
TXN-90855,BNK-90855,PENDING,12500.0,INR,BATCH-20260805-15,2026-08-05 11:53:24,,P01,Settlement pending with acquiring bank,"{""source"": ""mock_bank"", ""environment"": ""hackathon"", ""batchType"": ""standard""}"
TXN-90856,BNK-90856,SETTLED,1999.0,INR,BATCH-20260805-03,2026-08-05 12:03:17,2026-08-05 12:18:17,00,Settlement completed,"{""source"": ""mock_bank"", ""environment"": ""hackathon"", ""batchType"": ""standard""}"
TXN-90857,BNK-90857,SETTLED,4999.0,INR,BATCH-20260805-06,2026-08-05 12:02:22,2026-08-05 12:12:22,00,Settlement completed,"{""source"": ""mock_bank"", ""environment"": ""hackathon"", ""batchType"": ""standard""}"
TXN-90858,BNK-90858,PENDING,799.0,INR,BATCH-20260805-19,2026-08-05 12:14:30,,P01,Settlement pending with acquiring bank,"{""source"": ""mock_bank"", ""environment"": ""hackathon"", ""batchType"": ""standard""}"
TXN-90859,BNK-90859,SETTLED,2899.0,INR,BATCH-20260805-01,2026-08-05 12:21:01,2026-08-05 12:50:01,00,Settlement completed,"{""source"": ""mock_bank"", ""environment"": ""hackathon"", ""batchType"": ""standard""}"
TXN-90860,BNK-90860,SETTLED,2899.0,INR,BATCH-20260805-17,2026-08-05 12:28:01,2026-08-05 12:36:01,00,Settlement completed,"{""source"": ""mock_bank"", ""environment"": ""hackathon"", ""batchType"": ""standard""}"
TXN-90861,BNK-90861,SETTLED,4999.0,INR,BATCH-20260805-17,2026-08-05 12:34:27,2026-08-05 12:55:27,00,Settlement completed,"{""source"": ""mock_bank"", ""environment"": ""hackathon"", ""batchType"": ""standard""}"
TXN-90862,BNK-90862,SETTLED,6750.0,INR,BATCH-20260805-18,2026-08-05 12:38:21,2026-08-05 12:50:21,00,Settlement completed,"{""source"": ""mock_bank"", ""environment"": ""hackathon"", ""batchType"": ""standard""}"
TXN-90863,BNK-90863,REJECTED,1999.0,INR,BATCH-20260805-08,2026-08-05 12:47:26,,R01,Settlement rejected by bank,"{""source"": ""mock_bank"", ""environment"": ""hackathon"", ""batchType"": ""standard""}"
TXN-90864,BNK-90864,REJECTED,2899.0,INR,BATCH-20260805-11,2026-08-05 12:54:19,,R01,Settlement rejected by bank,"{""source"": ""mock_bank"", ""environment"": ""hackathon"", ""batchType"": ""standard""}"
TXN-90865,BNK-90865,SETTLED,12500.0,INR,BATCH-20260805-07,2026-08-05 12:59:08,2026-08-05 13:11:08,00,Settlement completed,"{""source"": ""mock_bank"", ""environment"": ""hackathon"", ""batchType"": ""standard""}"
TXN-90866,BNK-90866,SETTLED,3499.0,INR,BATCH-20260805-09,2026-08-05 13:11:38,2026-08-05 13:24:38,00,Settlement completed,"{""source"": ""mock_bank"", ""environment"": ""hackathon"", ""batchType"": ""standard""}"
TXN-90867,BNK-90867,SETTLED,8999.0,INR,BATCH-20260805-06,2026-08-05 13:15:29,2026-08-05 13:26:29,00,Settlement completed,"{""source"": ""mock_bank"", ""environment"": ""hackathon"", ""batchType"": ""standard""}"
TXN-90868,BNK-90868,SETTLED,1599.0,INR,BATCH-20260805-01,2026-08-05 13:29:15,2026-08-05 13:50:15,00,Settlement completed,"{""source"": ""mock_bank"", ""environment"": ""hackathon"", ""batchType"": ""standard""}"
TXN-90869,BNK-90869,PENDING,6750.0,INR,BATCH-20260805-02,2026-08-05 13:30:04,,P01,Settlement pending with acquiring bank,"{""source"": ""mock_bank"", ""environment"": ""hackathon"", ""batchType"": ""standard""}"
TXN-90870,BNK-90870,SETTLED,4999.0,INR,BATCH-20260805-03,2026-08-05 13:39:30,2026-08-05 13:56:30,00,Settlement completed,"{""source"": ""mock_bank"", ""environment"": ""hackathon"", ""batchType"": ""standard""}"
TXN-90871,BNK-90871,SETTLED,199.0,INR,BATCH-20260805-06,2026-08-05 13:44:12,2026-08-05 14:01:12,00,Settlement completed,"{""source"": ""mock_bank"", ""environment"": ""hackathon"", ""batchType"": ""standard""}"
TXN-90872,BNK-90872,SETTLED,1499.0,INR,BATCH-20260805-07,2026-08-05 13:53:14,2026-08-05 14:10:14,00,Settlement completed,"{""source"": ""mock_bank"", ""environment"": ""hackathon"", ""batchType"": ""standard""}"
TXN-90873,BNK-90873,SETTLED,12500.0,INR,BATCH-20260805-16,2026-08-05 14:02:31,2026-08-05 14:22:31,00,Settlement completed,"{""source"": ""mock_bank"", ""environment"": ""hackathon"", ""batchType"": ""standard""}"
TXN-90874,BNK-90874,SETTLED,4999.0,INR,BATCH-20260805-06,2026-08-05 14:08:26,2026-08-05 14:19:26,00,Settlement completed,"{""source"": ""mock_bank"", ""environment"": ""hackathon"", ""batchType"": ""standard""}"
TXN-90875,BNK-90875,SETTLED,4999.0,INR,BATCH-20260805-17,2026-08-05 14:09:13,2026-08-05 14:21:13,00,Settlement completed,"{""source"": ""mock_bank"", ""environment"": ""hackathon"", ""batchType"": ""standard""}"
TXN-90876,BNK-90876,SETTLED,299.0,INR,BATCH-20260805-08,2026-08-05 14:23:13,2026-08-05 14:33:13,00,Settlement completed,"{""source"": ""mock_bank"", ""environment"": ""hackathon"", ""batchType"": ""standard""}"
TXN-90877,BNK-90877,SETTLED,299.0,INR,BATCH-20260805-05,2026-08-05 14:26:40,2026-08-05 14:36:40,00,Settlement completed,"{""source"": ""mock_bank"", ""environment"": ""hackathon"", ""batchType"": ""standard""}"
TXN-90878,BNK-90878,SETTLED,299.0,INR,BATCH-20260805-06,2026-08-05 14:38:09,2026-08-05 14:52:09,00,Settlement completed,"{""source"": ""mock_bank"", ""environment"": ""hackathon"", ""batchType"": ""standard""}"
TXN-90879,BNK-90879,SETTLED,799.0,INR,BATCH-20260805-14,2026-08-05 14:44:34,2026-08-05 15:10:34,00,Settlement completed,"{""source"": ""mock_bank"", ""environment"": ""hackathon"", ""batchType"": ""standard""}"
TXN-90880,BNK-90880,SETTLED,4200.0,INR,BATCH-20260805-16,2026-08-05 14:47:49,2026-08-05 15:17:49,00,Settlement completed,"{""source"": ""mock_bank"", ""environment"": ""hackathon"", ""batchType"": ""standard""}"
TXN-90881,BNK-90881,SETTLED,299.0,INR,BATCH-20260805-16,2026-08-05 14:53:39,2026-08-05 15:15:39,00,Settlement completed,"{""source"": ""mock_bank"", ""environment"": ""hackathon"", ""batchType"": ""standard""}"
TXN-90882,BNK-90882,SETTLED,3499.0,INR,BATCH-20260805-07,2026-08-05 15:02:49,2026-08-05 15:19:49,00,Settlement completed,"{""source"": ""mock_bank"", ""environment"": ""hackathon"", ""batchType"": ""standard""}"
TXN-90883,BNK-90883,PENDING,1999.0,INR,BATCH-20260805-10,2026-08-05 15:09:55,,P01,Settlement pending with acquiring bank,"{""source"": ""mock_bank"", ""environment"": ""hackathon"", ""batchType"": ""standard""}"
TXN-90884,BNK-90884,SETTLED,299.0,INR,BATCH-20260805-07,2026-08-05 15:15:02,2026-08-05 15:44:02,00,Settlement completed,"{""source"": ""mock_bank"", ""environment"": ""hackathon"", ""batchType"": ""standard""}"
TXN-90885,BNK-90885,SETTLED,799.0,INR,BATCH-20260805-06,2026-08-05 15:28:36,2026-08-05 15:46:36,00,Settlement completed,"{""source"": ""mock_bank"", ""environment"": ""hackathon"", ""batchType"": ""standard""}"
TXN-90886,BNK-90886,SETTLED,499.0,INR,BATCH-20260805-01,2026-08-05 15:28:28,2026-08-05 15:56:28,00,Settlement completed,"{""source"": ""mock_bank"", ""environment"": ""hackathon"", ""batchType"": ""standard""}"
TXN-90887,BNK-90887,SETTLED,1599.0,INR,BATCH-20260805-02,2026-08-05 15:34:16,2026-08-05 16:01:16,00,Settlement completed,"{""source"": ""mock_bank"", ""environment"": ""hackathon"", ""batchType"": ""standard""}"
TXN-90888,BNK-90888,SETTLED,12500.0,INR,BATCH-20260805-02,2026-08-05 15:41:32,2026-08-05 15:54:32,00,Settlement completed,"{""source"": ""mock_bank"", ""environment"": ""hackathon"", ""batchType"": ""standard""}"
TXN-90889,BNK-90889,REJECTED,1999.0,INR,BATCH-20260805-03,2026-08-05 15:53:18,,R01,Settlement rejected by bank,"{""source"": ""mock_bank"", ""environment"": ""hackathon"", ""batchType"": ""standard""}"
TXN-90890,BNK-90890,SETTLED,799.0,INR,BATCH-20260805-12,2026-08-05 15:59:07,2026-08-05 16:29:07,00,Settlement completed,"{""source"": ""mock_bank"", ""environment"": ""hackathon"", ""batchType"": ""standard""}"
TXN-90891,BNK-90891,SETTLED,6750.0,INR,BATCH-20260805-14,2026-08-05 16:04:21,2026-08-05 16:29:21,00,Settlement completed,"{""source"": ""mock_bank"", ""environment"": ""hackathon"", ""batchType"": ""standard""}"
TXN-90892,BNK-90892,SETTLED,199.0,INR,BATCH-20260805-15,2026-08-05 16:12:34,2026-08-05 16:25:34,00,Settlement completed,"{""source"": ""mock_bank"", ""environment"": ""hackathon"", ""batchType"": ""standard""}"
TXN-90893,BNK-90893,SETTLED,1250.0,INR,BATCH-20260805-04,2026-08-05 16:14:14,2026-08-05 16:33:14,00,Settlement completed,"{""source"": ""mock_bank"", ""environment"": ""hackathon"", ""batchType"": ""standard""}"
TXN-90894,BNK-90894,SETTLED,4200.0,INR,BATCH-20260805-20,2026-08-05 16:26:47,2026-08-05 16:36:47,00,Settlement completed,"{""source"": ""mock_bank"", ""environment"": ""hackathon"", ""batchType"": ""standard""}"
TXN-90895,BNK-90895,SETTLED,1250.0,INR,BATCH-20260805-08,2026-08-05 16:33:33,2026-08-05 16:54:33,00,Settlement completed,"{""source"": ""mock_bank"", ""environment"": ""hackathon"", ""batchType"": ""standard""}"
TXN-90896,BNK-90896,SETTLED,2499.0,INR,BATCH-20260805-05,2026-08-05 16:44:40,2026-08-05 16:56:40,00,Settlement completed,"{""source"": ""mock_bank"", ""environment"": ""hackathon"", ""batchType"": ""standard""}"
TXN-90897,BNK-90897,SETTLED,199.0,INR,BATCH-20260805-02,2026-08-05 16:50:45,2026-08-05 16:59:45,00,Settlement completed,"{""source"": ""mock_bank"", ""environment"": ""hackathon"", ""batchType"": ""standard""}"
TXN-90898,BNK-90898,SETTLED,1599.0,INR,BATCH-20260805-13,2026-08-05 16:55:30,2026-08-05 17:04:30,00,Settlement completed,"{""source"": ""mock_bank"", ""environment"": ""hackathon"", ""batchType"": ""standard""}"
TXN-90899,BNK-90899,SETTLED,2899.0,INR,BATCH-20260805-13,2026-08-05 16:58:37,2026-08-05 17:27:37,00,Settlement completed,"{""source"": ""mock_bank"", ""environment"": ""hackathon"", ""batchType"": ""standard""}"
TXN-90900,BNK-90900,SETTLED,299.0,INR,BATCH-20260805-08,2026-08-05 17:04:33,2026-08-05 17:29:33,00,Settlement completed,"{""source"": ""mock_bank"", ""environment"": ""hackathon"", ""batchType"": ""standard""}"
TXN-90901,BNK-90901,SETTLED,1999.0,INR,BATCH-20260805-08,2026-08-05 17:18:24,2026-08-05 17:47:24,00,Settlement completed,"{""source"": ""mock_bank"", ""environment"": ""hackathon"", ""batchType"": ""standard""}"
TXN-90902,BNK-90902,SETTLED,12500.0,INR,BATCH-20260805-16,2026-08-05 17:18:12,2026-08-05 17:39:12,00,Settlement completed,"{""source"": ""mock_bank"", ""environment"": ""hackathon"", ""batchType"": ""standard""}"
TXN-90903,BNK-90903,SETTLED,2499.0,INR,BATCH-20260805-15,2026-08-05 17:29:19,2026-08-05 17:42:19,00,Settlement completed,"{""source"": ""mock_bank"", ""environment"": ""hackathon"", ""batchType"": ""standard""}"
TXN-90904,BNK-90904,PENDING,2499.0,INR,BATCH-20260805-14,2026-08-05 17:35:57,,P01,Settlement pending with acquiring bank,"{""source"": ""mock_bank"", ""environment"": ""hackathon"", ""batchType"": ""standard""}"
TXN-90905,BNK-90905,SETTLED,1499.0,INR,BATCH-20260805-12,2026-08-05 17:41:34,2026-08-05 17:56:34,00,Settlement completed,"{""source"": ""mock_bank"", ""environment"": ""hackathon"", ""batchType"": ""standard""}"
TXN-90906,BNK-90906,SETTLED,8999.0,INR,BATCH-20260805-03,2026-08-05 17:53:54,2026-08-05 18:04:54,00,Settlement completed,"{""source"": ""mock_bank"", ""environment"": ""hackathon"", ""batchType"": ""standard""}"
TXN-90907,BNK-90907,SETTLED,1999.0,INR,BATCH-20260805-17,2026-08-05 17:53:54,2026-08-05 18:23:54,00,Settlement completed,"{""source"": ""mock_bank"", ""environment"": ""hackathon"", ""batchType"": ""standard""}"
TXN-90908,BNK-90908,SETTLED,299.0,INR,BATCH-20260805-08,2026-08-05 18:02:32,2026-08-05 18:11:32,00,Settlement completed,"{""source"": ""mock_bank"", ""environment"": ""hackathon"", ""batchType"": ""standard""}"
TXN-90909,BNK-90909,SETTLED,199.0,INR,BATCH-20260805-04,2026-08-05 18:09:32,2026-08-05 18:39:32,00,Settlement completed,"{""source"": ""mock_bank"", ""environment"": ""hackathon"", ""batchType"": ""standard""}"
TXN-90910,BNK-90910,SETTLED,3499.0,INR,BATCH-20260805-02,2026-08-05 18:18:11,2026-08-05 18:36:11,00,Settlement completed,"{""source"": ""mock_bank"", ""environment"": ""hackathon"", ""batchType"": ""standard""}"
TXN-90911,BNK-90911,SETTLED,299.0,INR,BATCH-20260805-12,2026-08-05 18:22:44,2026-08-05 18:50:44,00,Settlement completed,"{""source"": ""mock_bank"", ""environment"": ""hackathon"", ""batchType"": ""standard""}"
TXN-90912,BNK-90912,SETTLED,6750.0,INR,BATCH-20260805-20,2026-08-05 18:27:59,2026-08-05 18:56:59,00,Settlement completed,"{""source"": ""mock_bank"", ""environment"": ""hackathon"", ""batchType"": ""standard""}"
TXN-90913,BNK-90913,SETTLED,1599.0,INR,BATCH-20260805-05,2026-08-05 18:38:38,2026-08-05 18:48:38,00,Settlement completed,"{""source"": ""mock_bank"", ""environment"": ""hackathon"", ""batchType"": ""standard""}"
TXN-90914,BNK-90914,SETTLED,1250.0,INR,BATCH-20260805-16,2026-08-05 18:48:31,2026-08-05 19:07:31,00,Settlement completed,"{""source"": ""mock_bank"", ""environment"": ""hackathon"", ""batchType"": ""standard""}"
TXN-90915,BNK-90915,SETTLED,4200.0,INR,BATCH-20260805-17,2026-08-05 18:53:39,2026-08-05 19:14:39,00,Settlement completed,"{""source"": ""mock_bank"", ""environment"": ""hackathon"", ""batchType"": ""standard""}"
TXN-90916,BNK-90916,SETTLED,8999.0,INR,BATCH-20260805-13,2026-08-05 19:01:15,2026-08-05 19:13:15,00,Settlement completed,"{""source"": ""mock_bank"", ""environment"": ""hackathon"", ""batchType"": ""standard""}"
TXN-90917,BNK-90917,PENDING,799.0,INR,BATCH-20260805-08,2026-08-05 19:08:31,,P01,Settlement pending with acquiring bank,"{""source"": ""mock_bank"", ""environment"": ""hackathon"", ""batchType"": ""standard""}"
TXN-90918,BNK-90918,SETTLED,2499.0,INR,BATCH-20260805-06,2026-08-05 19:14:15,2026-08-05 19:26:15,00,Settlement completed,"{""source"": ""mock_bank"", ""environment"": ""hackathon"", ""batchType"": ""standard""}"
TXN-90919,BNK-90919,SETTLED,199.0,INR,BATCH-20260805-10,2026-08-05 19:15:38,2026-08-05 19:24:38,00,Settlement completed,"{""source"": ""mock_bank"", ""environment"": ""hackathon"", ""batchType"": ""standard""}"
TXN-90920,BNK-90920,SETTLED,1250.0,INR,BATCH-20260805-02,2026-08-05 19:32:14,2026-08-05 19:40:14,00,Settlement completed,"{""source"": ""mock_bank"", ""environment"": ""hackathon"", ""batchType"": ""standard""}"
TXN-90921,BNK-90921,SETTLED,1499.0,INR,BATCH-20260805-07,2026-08-05 19:40:14,2026-08-05 20:05:14,00,Settlement completed,"{""source"": ""mock_bank"", ""environment"": ""hackathon"", ""batchType"": ""standard""}"
TXN-90922,BNK-90922,SETTLED,6750.0,INR,BATCH-20260805-10,2026-08-05 19:40:47,2026-08-05 19:48:47,00,Settlement completed,"{""source"": ""mock_bank"", ""environment"": ""hackathon"", ""batchType"": ""standard""}"
TXN-90923,BNK-90923,SETTLED,4200.0,INR,BATCH-20260805-09,2026-08-05 19:52:06,2026-08-05 20:05:06,00,Settlement completed,"{""source"": ""mock_bank"", ""environment"": ""hackathon"", ""batchType"": ""standard""}"
TXN-90924,BNK-90924,SETTLED,799.0,INR,BATCH-20260805-04,2026-08-05 19:51:55,2026-08-05 20:08:55,00,Settlement completed,"{""source"": ""mock_bank"", ""environment"": ""hackathon"", ""batchType"": ""standard""}"
TXN-90925,BNK-90925,SETTLED,8999.0,INR,BATCH-20260805-15,2026-08-05 20:02:22,2026-08-05 20:27:22,00,Settlement completed,"{""source"": ""mock_bank"", ""environment"": ""hackathon"", ""batchType"": ""standard""}"
TXN-90926,BNK-90926,SETTLED,12500.0,INR,BATCH-20260805-10,2026-08-05 20:08:39,2026-08-05 20:36:39,00,Settlement completed,"{""source"": ""mock_bank"", ""environment"": ""hackathon"", ""batchType"": ""standard""}"
TXN-90927,BNK-90927,SETTLED,8999.0,INR,BATCH-20260805-16,2026-08-05 20:22:59,2026-08-05 20:45:59,00,Settlement completed,"{""source"": ""mock_bank"", ""environment"": ""hackathon"", ""batchType"": ""standard""}"
TXN-90928,BNK-90928,SETTLED,1999.0,INR,BATCH-20260805-03,2026-08-05 20:23:44,2026-08-05 20:46:44,00,Settlement completed,"{""source"": ""mock_bank"", ""environment"": ""hackathon"", ""batchType"": ""standard""}"
TXN-90929,BNK-90929,REJECTED,12500.0,INR,BATCH-20260805-19,2026-08-05 20:29:46,,R01,Settlement rejected by bank,"{""source"": ""mock_bank"", ""environment"": ""hackathon"", ""batchType"": ""standard""}"
TXN-90930,BNK-90930,PENDING,2899.0,INR,BATCH-20260805-08,2026-08-05 20:43:17,,P01,Settlement pending with acquiring bank,"{""source"": ""mock_bank"", ""environment"": ""hackathon"", ""batchType"": ""standard""}"
TXN-90931,BNK-90931,SETTLED,999.0,INR,BATCH-20260805-16,2026-08-05 20:48:40,2026-08-05 21:04:40,00,Settlement completed,"{""source"": ""mock_bank"", ""environment"": ""hackathon"", ""batchType"": ""standard""}"
TXN-90932,BNK-90932,SETTLED,4200.0,INR,BATCH-20260805-04,2026-08-05 20:52:58,2026-08-05 21:06:58,00,Settlement completed,"{""source"": ""mock_bank"", ""environment"": ""hackathon"", ""batchType"": ""standard""}"
TXN-90933,BNK-90933,SETTLED,49.0,INR,BATCH-20260805-06,2026-08-05 20:57:10,2026-08-05 21:16:10,00,Settlement completed,"{""source"": ""mock_bank"", ""environment"": ""hackathon"", ""batchType"": ""standard""}"
TXN-90934,BNK-90934,PENDING,6750.0,INR,BATCH-20260805-11,2026-08-05 21:04:51,,P01,Settlement pending with acquiring bank,"{""source"": ""mock_bank"", ""environment"": ""hackathon"", ""batchType"": ""standard""}"
TXN-90935,BNK-90935,SETTLED,199.0,INR,BATCH-20260805-17,2026-08-05 21:12:24,2026-08-05 21:20:24,00,Settlement completed,"{""source"": ""mock_bank"", ""environment"": ""hackathon"", ""batchType"": ""standard""}"
TXN-90936,BNK-90936,SETTLED,3499.0,INR,BATCH-20260805-19,2026-08-05 21:20:39,2026-08-05 21:47:39,00,Settlement completed,"{""source"": ""mock_bank"", ""environment"": ""hackathon"", ""batchType"": ""standard""}"
TXN-90937,BNK-90937,SETTLED,1599.0,INR,BATCH-20260805-04,2026-08-05 21:28:07,2026-08-05 21:38:07,00,Settlement completed,"{""source"": ""mock_bank"", ""environment"": ""hackathon"", ""batchType"": ""standard""}"
TXN-90938,BNK-90938,SETTLED,2899.0,INR,BATCH-20260805-18,2026-08-05 21:34:48,2026-08-05 21:56:48,00,Settlement completed,"{""source"": ""mock_bank"", ""environment"": ""hackathon"", ""batchType"": ""standard""}"
TXN-90939,BNK-90939,SETTLED,6750.0,INR,BATCH-20260805-12,2026-08-05 21:40:14,2026-08-05 21:57:14,00,Settlement completed,"{""source"": ""mock_bank"", ""environment"": ""hackathon"", ""batchType"": ""standard""}"
TXN-90940,BNK-90940,SETTLED,8999.0,INR,BATCH-20260805-02,2026-08-05 21:43:04,2026-08-05 22:07:04,00,Settlement completed,"{""source"": ""mock_bank"", ""environment"": ""hackathon"", ""batchType"": ""standard""}"
TXN-90941,BNK-90941,SETTLED,6750.0,INR,BATCH-20260805-12,2026-08-05 21:58:28,2026-08-05 22:20:28,00,Settlement completed,"{""source"": ""mock_bank"", ""environment"": ""hackathon"", ""batchType"": ""standard""}"
TXN-90941,BNK-90941-DUP,SETTLED,6750.0,INR,BATCH-20260805-12,2026-08-05 21:58:28,2026-08-05 22:20:28,00,Settlement completed,"{""source"": ""mock_bank"", ""environment"": ""hackathon"", ""duplicateTest"": true}"
TXN-90942,BNK-90942,SETTLED,4999.0,INR,BATCH-20260805-03,2026-08-05 22:04:50,2026-08-05 22:14:50,00,Settlement completed,"{""source"": ""mock_bank"", ""environment"": ""hackathon"", ""batchType"": ""standard""}"
TXN-90943,BNK-90943,SETTLED,2899.0,INR,BATCH-20260805-17,2026-08-05 22:11:02,2026-08-05 22:33:02,00,Settlement completed,"{""source"": ""mock_bank"", ""environment"": ""hackathon"", ""batchType"": ""standard""}"
TXN-90944,BNK-90944,SETTLED,299.0,INR,BATCH-20260805-07,2026-08-05 22:10:32,2026-08-05 22:31:32,00,Settlement completed,"{""source"": ""mock_bank"", ""environment"": ""hackathon"", ""batchType"": ""standard""}"
TXN-90945,BNK-90945,PENDING,299.0,INR,BATCH-20260805-11,2026-08-05 22:25:14,,P01,Settlement pending with acquiring bank,"{""source"": ""mock_bank"", ""environment"": ""hackathon"", ""batchType"": ""standard""}"
TXN-90946,BNK-90946,SETTLED,2499.0,INR,BATCH-20260805-16,2026-08-05 22:35:31,2026-08-05 22:57:31,00,Settlement completed,"{""source"": ""mock_bank"", ""environment"": ""hackathon"", ""batchType"": ""standard""}"
TXN-90947,BNK-90947,SETTLED,299.0,INR,BATCH-20260805-03,2026-08-05 22:36:54,2026-08-05 23:01:54,00,Settlement completed,"{""source"": ""mock_bank"", ""environment"": ""hackathon"", ""batchType"": ""standard""}"
TXN-90948,BNK-90948,SETTLED,2899.0,INR,BATCH-20260805-04,2026-08-05 22:43:30,2026-08-05 22:54:30,00,Settlement completed,"{""source"": ""mock_bank"", ""environment"": ""hackathon"", ""batchType"": ""standard""}"
TXN-90949,BNK-90949,SETTLED,4200.0,INR,BATCH-20260805-04,2026-08-05 22:53:51,2026-08-05 23:05:51,00,Settlement completed,"{""source"": ""mock_bank"", ""environment"": ""hackathon"", ""batchType"": ""standard""}"
TXN-90950,BNK-90950,SETTLED,4200.0,INR,BATCH-20260805-07,2026-08-05 23:01:38,2026-08-05 23:22:38,00,Settlement completed,"{""source"": ""mock_bank"", ""environment"": ""hackathon"", ""batchType"": ""standard""}"
TXN-90951,BNK-90951,SETTLED,2249.0,INR,BATCH-20260805-07,2026-08-05 23:05:21,2026-08-05 23:21:21,00,Settlement completed,"{""source"": ""mock_bank"", ""environment"": ""hackathon"", ""batchType"": ""standard""}"
TXN-90952,BNK-90952,PENDING,499.0,INR,BATCH-20260805-11,2026-08-05 23:16:16,,P01,Settlement pending with acquiring bank,"{""source"": ""mock_bank"", ""environment"": ""hackathon"", ""batchType"": ""standard""}"
TXN-90953,BNK-90953,SETTLED,1499.0,INR,BATCH-20260805-01,2026-08-05 23:20:59,2026-08-05 23:31:59,00,Settlement completed,"{""source"": ""mock_bank"", ""environment"": ""hackathon"", ""batchType"": ""standard""}"
TXN-90954,BNK-90954,PENDING,2499.0,INR,BATCH-20260805-05,2026-08-05 23:30:53,,P01,Settlement pending with acquiring bank,"{""source"": ""mock_bank"", ""environment"": ""hackathon"", ""batchType"": ""standard""}"
TXN-90955,BNK-90955,SETTLED,4200.0,INR,BATCH-20260805-02,2026-08-05 23:35:39,2026-08-05 23:43:39,00,Settlement completed,"{""source"": ""mock_bank"", ""environment"": ""hackathon"", ""batchType"": ""standard""}"
TXN-90956,BNK-90956,SETTLED,1999.0,INR,BATCH-20260805-05,2026-08-05 23:38:37,2026-08-05 23:58:37,00,Settlement completed,"{""source"": ""mock_bank"", ""environment"": ""hackathon"", ""batchType"": ""standard""}"
TXN-90957,BNK-90957,SETTLED,2499.0,INR,BATCH-20260805-05,2026-08-05 23:43:28,2026-08-06 00:12:28,00,Settlement completed,"{""source"": ""mock_bank"", ""environment"": ""hackathon"", ""batchType"": ""standard""}"
TXN-90958,BNK-90958,SETTLED,1599.0,INR,BATCH-20260805-05,2026-08-05 23:58:32,2026-08-06 00:15:32,00,Settlement completed,"{""source"": ""mock_bank"", ""environment"": ""hackathon"", ""batchType"": ""standard""}"
TXN-90959,BNK-90959,SETTLED,4999.0,INR,BATCH-20260805-04,2026-08-05 23:56:16,2026-08-06 00:24:16,00,Settlement completed,"{""source"": ""mock_bank"", ""environment"": ""hackathon"", ""batchType"": ""standard""}"
TXN-90960,BNK-90960,SETTLED,12250.0,INR,BATCH-20260806-17,2026-08-06 00:10:15,2026-08-06 00:23:15,00,Settlement completed,"{""source"": ""mock_bank"", ""environment"": ""hackathon"", ""batchType"": ""standard""}"
TXN-90961,BNK-90961,SETTLED,1349.0,INR,BATCH-20260806-06,2026-08-06 00:11:48,2026-08-06 00:28:48,00,Settlement completed,"{""source"": ""mock_bank"", ""environment"": ""hackathon"", ""batchType"": ""standard""}"
TXN-90963,BNK-90963,SETTLED,2899.0,INR,BATCH-20260806-13,2026-08-06 00:26:40,2026-08-06 00:34:40,00,Settlement completed,"{""source"": ""mock_bank"", ""environment"": ""hackathon"", ""batchType"": ""standard""}"
TXN-90964,BNK-90964,SETTLED,2499.0,INR,BATCH-20260806-03,2026-08-06 00:38:13,2026-08-06 00:47:13,00,Settlement completed,"{""source"": ""mock_bank"", ""environment"": ""hackathon"", ""batchType"": ""standard""}"
TXN-90965,BNK-90965,SETTLED,1499.0,INR,BATCH-20260806-13,2026-08-06 00:42:17,2026-08-06 01:00:17,00,Settlement completed,"{""source"": ""mock_bank"", ""environment"": ""hackathon"", ""batchType"": ""standard""}"
TXN-90966,BNK-90966,SETTLED,6750.0,INR,BATCH-20260806-17,2026-08-06 00:45:32,2026-08-06 01:05:32,00,Settlement completed,"{""source"": ""mock_bank"", ""environment"": ""hackathon"", ""batchType"": ""standard""}"
TXN-90967,BNK-90967,SETTLED,6750.0,INR,BATCH-20260806-14,2026-08-06 00:56:08,2026-08-06 01:09:08,00,Settlement completed,"{""source"": ""mock_bank"", ""environment"": ""hackathon"", ""batchType"": ""standard""}"
TXN-90968,BNK-90968,SETTLED,499.0,INR,BATCH-20260806-20,2026-08-06 01:00:27,2026-08-06 01:17:27,00,Settlement completed,"{""source"": ""mock_bank"", ""environment"": ""hackathon"", ""batchType"": ""standard""}"
TXN-90969,BNK-90969,SETTLED,1999.0,INR,BATCH-20260806-06,2026-08-06 01:13:31,2026-08-06 01:26:31,00,Settlement completed,"{""source"": ""mock_bank"", ""environment"": ""hackathon"", ""batchType"": ""standard""}"
TXN-90970,BNK-90970,PENDING,8999.0,INR,BATCH-20260806-10,2026-08-06 01:18:13,,P01,Settlement pending with acquiring bank,"{""source"": ""mock_bank"", ""environment"": ""hackathon"", ""batchType"": ""standard""}"
TXN-90971,BNK-90971,SETTLED,8999.0,INR,BATCH-20260806-01,2026-08-06 01:25:20,2026-08-06 01:52:20,00,Settlement completed,"{""source"": ""mock_bank"", ""environment"": ""hackathon"", ""batchType"": ""standard""}"
TXN-90972,BNK-90972,SETTLED,2499.0,INR,BATCH-20260806-16,2026-08-06 01:32:51,2026-08-06 01:53:51,00,Settlement completed,"{""source"": ""mock_bank"", ""environment"": ""hackathon"", ""batchType"": ""standard""}"
TXN-90973,BNK-90973,SETTLED,8999.0,INR,BATCH-20260806-06,2026-08-06 01:39:33,2026-08-06 01:54:33,00,Settlement completed,"{""source"": ""mock_bank"", ""environment"": ""hackathon"", ""batchType"": ""standard""}"
TXN-90974,BNK-90974,SETTLED,1599.0,INR,BATCH-20260806-17,2026-08-06 01:43:22,2026-08-06 02:13:22,00,Settlement completed,"{""source"": ""mock_bank"", ""environment"": ""hackathon"", ""batchType"": ""standard""}"
TXN-90975,BNK-90975,PENDING,999.0,INR,BATCH-20260806-05,2026-08-06 01:48:38,,P01,Settlement pending with acquiring bank,"{""source"": ""mock_bank"", ""environment"": ""hackathon"", ""batchType"": ""standard""}"
TXN-90976,BNK-90976,SETTLED,2899.0,INR,BATCH-20260806-01,2026-08-06 02:00:25,2026-08-06 02:16:25,00,Settlement completed,"{""source"": ""mock_bank"", ""environment"": ""hackathon"", ""batchType"": ""standard""}"
TXN-90977,BNK-90977,SETTLED,1499.0,INR,BATCH-20260806-07,2026-08-06 02:05:11,2026-08-06 02:13:11,00,Settlement completed,"{""source"": ""mock_bank"", ""environment"": ""hackathon"", ""batchType"": ""standard""}"
TXN-90978,BNK-90978,SETTLED,2499.0,INR,BATCH-20260806-03,2026-08-06 02:09:29,2026-08-06 02:18:29,00,Settlement completed,"{""source"": ""mock_bank"", ""environment"": ""hackathon"", ""batchType"": ""standard""}"
TXN-90979,BNK-90979,SETTLED,1250.0,INR,BATCH-20260806-02,2026-08-06 02:24:09,2026-08-06 02:52:09,00,Settlement completed,"{""source"": ""mock_bank"", ""environment"": ""hackathon"", ""batchType"": ""standard""}"
TXN-90980,BNK-90980,REJECTED,12500.0,INR,BATCH-20260806-01,2026-08-06 02:26:21,,R01,Settlement rejected by bank,"{""source"": ""mock_bank"", ""environment"": ""hackathon"", ""batchType"": ""standard""}"
TXN-90981,BNK-90981,SETTLED,8999.0,INR,BATCH-20260806-14,2026-08-06 02:34:36,2026-08-06 02:52:36,00,Settlement completed,"{""source"": ""mock_bank"", ""environment"": ""hackathon"", ""batchType"": ""standard""}"
TXN-90982,BNK-90982,PENDING,299.0,INR,BATCH-20260806-12,2026-08-06 02:44:04,,P01,Settlement pending with acquiring bank,"{""source"": ""mock_bank"", ""environment"": ""hackathon"", ""batchType"": ""standard""}"
TXN-90983,BNK-90983,SETTLED,2499.0,INR,BATCH-20260806-10,2026-08-06 02:46:10,2026-08-06 03:10:10,00,Settlement completed,"{""source"": ""mock_bank"", ""environment"": ""hackathon"", ""batchType"": ""standard""}"
TXN-90984,BNK-90984,SETTLED,199.0,INR,BATCH-20260806-03,2026-08-06 02:56:55,2026-08-06 03:13:55,00,Settlement completed,"{""source"": ""mock_bank"", ""environment"": ""hackathon"", ""batchType"": ""standard""}"
TXN-90985,BNK-90985,SETTLED,8999.0,INR,BATCH-20260806-19,2026-08-06 03:08:03,2026-08-06 03:23:03,00,Settlement completed,"{""source"": ""mock_bank"", ""environment"": ""hackathon"", ""batchType"": ""standard""}"
TXN-90986,BNK-90986,SETTLED,199.0,INR,BATCH-20260806-19,2026-08-06 03:07:55,2026-08-06 03:26:55,00,Settlement completed,"{""source"": ""mock_bank"", ""environment"": ""hackathon"", ""batchType"": ""standard""}"
TXN-90987,BNK-90987,SETTLED,199.0,INR,BATCH-20260806-03,2026-08-06 03:14:17,2026-08-06 03:26:17,00,Settlement completed,"{""source"": ""mock_bank"", ""environment"": ""hackathon"", ""batchType"": ""standard""}"
TXN-90988,BNK-90988,SETTLED,1499.0,INR,BATCH-20260806-08,2026-08-06 03:27:36,2026-08-06 03:35:36,00,Settlement completed,"{""source"": ""mock_bank"", ""environment"": ""hackathon"", ""batchType"": ""standard""}"
TXN-90989,BNK-90989,PENDING,299.0,INR,BATCH-20260806-02,2026-08-06 03:30:01,,P01,Settlement pending with acquiring bank,"{""source"": ""mock_bank"", ""environment"": ""hackathon"", ""batchType"": ""standard""}"
TXN-90990,BNK-90990,SETTLED,2899.0,INR,BATCH-20260806-08,2026-08-06 03:35:05,2026-08-06 03:56:05,00,Settlement completed,"{""source"": ""mock_bank"", ""environment"": ""hackathon"", ""batchType"": ""standard""}"
TXN-90991,BNK-90991,SETTLED,199.0,INR,BATCH-20260806-15,2026-08-06 03:43:54,2026-08-06 04:07:54,00,Settlement completed,"{""source"": ""mock_bank"", ""environment"": ""hackathon"", ""batchType"": ""standard""}"
TXN-90992,BNK-90992,SETTLED,199.0,INR,BATCH-20260806-11,2026-08-06 03:49:41,2026-08-06 03:57:41,00,Settlement completed,"{""source"": ""mock_bank"", ""environment"": ""hackathon"", ""batchType"": ""standard""}"
TXN-90993,BNK-90993,SETTLED,8999.0,INR,BATCH-20260806-03,2026-08-06 03:57:43,2026-08-06 04:17:43,00,Settlement completed,"{""source"": ""mock_bank"", ""environment"": ""hackathon"", ""batchType"": ""standard""}"
TXN-90994,BNK-90994,SETTLED,1599.0,INR,BATCH-20260806-05,2026-08-06 04:04:36,2026-08-06 04:23:36,00,Settlement completed,"{""source"": ""mock_bank"", ""environment"": ""hackathon"", ""batchType"": ""standard""}"
TXN-90995,BNK-90995,SETTLED,299.0,INR,BATCH-20260806-18,2026-08-06 04:11:49,2026-08-06 04:25:49,00,Settlement completed,"{""source"": ""mock_bank"", ""environment"": ""hackathon"", ""batchType"": ""standard""}"
TXN-90996,BNK-90996,SETTLED,999.0,INR,BATCH-20260806-09,2026-08-06 04:21:55,2026-08-06 04:43:55,00,Settlement completed,"{""source"": ""mock_bank"", ""environment"": ""hackathon"", ""batchType"": ""standard""}"
TXN-90997,BNK-90997,SETTLED,999.0,INR,BATCH-20260806-03,2026-08-06 04:28:10,2026-08-06 04:44:10,00,Settlement completed,"{""source"": ""mock_bank"", ""environment"": ""hackathon"", ""batchType"": ""standard""}"
TXN-90998,BNK-90998,SETTLED,1999.0,INR,BATCH-20260806-15,2026-08-06 04:36:57,2026-08-06 04:50:57,00,Settlement completed,"{""source"": ""mock_bank"", ""environment"": ""hackathon"", ""batchType"": ""standard""}"
TXN-90999,BNK-90999,PENDING,6750.0,INR,BATCH-20260806-18,2026-08-06 04:41:50,,P01,Settlement pending with acquiring bank,"{""source"": ""mock_bank"", ""environment"": ""hackathon"", ""batchType"": ""standard""}"
TXN-91000,BNK-91000,SETTLED,6250.0,INR,BATCH-20260806-17,2026-08-06 04:52:50,2026-08-06 05:14:50,00,Settlement completed,"{""source"": ""mock_bank"", ""environment"": ""hackathon"", ""batchType"": ""standard""}"
TXN-91001,BNK-91001,SETTLED,3449.0,INR,BATCH-20260806-14,2026-08-06 04:53:35,2026-08-06 05:14:35,00,Settlement completed,"{""source"": ""mock_bank"", ""environment"": ""hackathon"", ""batchType"": ""standard""}"
TXN-91002,BNK-91002,SETTLED,1250.0,INR,BATCH-20260806-20,2026-08-06 05:01:40,2026-08-06 05:18:40,00,Settlement completed,"{""source"": ""mock_bank"", ""environment"": ""hackathon"", ""batchType"": ""standard""}"
TXN-91003,BNK-91003,SETTLED,999.0,INR,BATCH-20260806-11,2026-08-06 05:11:09,2026-08-06 05:28:09,00,Settlement completed,"{""source"": ""mock_bank"", ""environment"": ""hackathon"", ""batchType"": ""standard""}"
TXN-91004,BNK-91004,SETTLED,4200.0,INR,BATCH-20260806-18,2026-08-06 05:19:58,2026-08-06 05:33:58,00,Settlement completed,"{""source"": ""mock_bank"", ""environment"": ""hackathon"", ""batchType"": ""standard""}"
TXN-91005,BNK-91005,SETTLED,4999.0,INR,BATCH-20260806-17,2026-08-06 05:20:20,2026-08-06 05:48:20,00,Settlement completed,"{""source"": ""mock_bank"", ""environment"": ""hackathon"", ""batchType"": ""standard""}"
TXN-91006,BNK-91006,SETTLED,4200.0,INR,BATCH-20260806-08,2026-08-06 05:29:43,2026-08-06 05:37:43,00,Settlement completed,"{""source"": ""mock_bank"", ""environment"": ""hackathon"", ""batchType"": ""standard""}"
TXN-91007,BNK-91007,SETTLED,12500.0,INR,BATCH-20260806-04,2026-08-06 05:40:43,2026-08-06 06:06:43,00,Settlement completed,"{""source"": ""mock_bank"", ""environment"": ""hackathon"", ""batchType"": ""standard""}"
TXN-91008,BNK-91008,SETTLED,799.0,INR,BATCH-20260806-17,2026-08-06 05:47:02,2026-08-06 06:08:02,00,Settlement completed,"{""source"": ""mock_bank"", ""environment"": ""hackathon"", ""batchType"": ""standard""}"
TXN-91009,BNK-91009,SETTLED,2899.0,INR,BATCH-20260806-15,2026-08-06 05:55:40,2026-08-06 06:14:40,00,Settlement completed,"{""source"": ""mock_bank"", ""environment"": ""hackathon"", ""batchType"": ""standard""}"
TXN-91010,BNK-91010,PENDING,3499.0,INR,BATCH-20260806-17,2026-08-06 06:03:48,,P01,Settlement pending with acquiring bank,"{""source"": ""mock_bank"", ""environment"": ""hackathon"", ""batchType"": ""standard""}"
TXN-91011,BNK-91011,SETTLED,4200.0,INR,BATCH-20260806-16,2026-08-06 06:04:48,2026-08-06 05:45:48,00,Settlement completed,"{""source"": ""mock_bank"", ""environment"": ""hackathon"", ""batchType"": ""standard""}"
TXN-91012,BNK-91012,SETTLED,4999.0,INR,BATCH-20260806-11,2026-08-06 06:09:13,2026-08-06 06:17:13,00,Settlement completed,"{""source"": ""mock_bank"", ""environment"": ""hackathon"", ""batchType"": ""standard""}"
TXN-91013,BNK-91013,SETTLED,2499.0,INR,BATCH-20260806-13,2026-08-06 06:21:06,2026-08-06 06:39:06,00,Settlement completed,"{""source"": ""mock_bank"", ""environment"": ""hackathon"", ""batchType"": ""standard""}"
TXN-91014,BNK-91014,SETTLED,499.0,INR,BATCH-20260806-02,2026-08-06 06:25:54,2026-08-06 06:41:54,00,Settlement completed,"{""source"": ""mock_bank"", ""environment"": ""hackathon"", ""batchType"": ""standard""}"
TXN-91015,BNK-91015,SETTLED,299.0,INR,BATCH-20260806-16,2026-08-06 06:29:12,2026-08-06 06:37:12,00,Settlement completed,"{""source"": ""mock_bank"", ""environment"": ""hackathon"", ""batchType"": ""standard""}"
TXN-91016,BNK-91016,SETTLED,1250.0,INR,BATCH-20260806-06,2026-08-06 06:41:35,2026-08-06 06:50:35,00,Settlement completed,"{""source"": ""mock_bank"", ""environment"": ""hackathon"", ""batchType"": ""standard""}"
TXN-91017,BNK-91017,SETTLED,3499.0,INR,BATCH-20260806-04,2026-08-06 06:46:59,2026-08-06 07:16:59,00,Settlement completed,"{""source"": ""mock_bank"", ""environment"": ""hackathon"", ""batchType"": ""standard""}"
TXN-91018,BNK-91018,SETTLED,8999.0,INR,BATCH-20260806-05,2026-08-06 06:54:56,2026-08-06 07:08:56,00,Settlement completed,"{""source"": ""mock_bank"", ""environment"": ""hackathon"", ""batchType"": ""standard""}"
TXN-91019,BNK-91019,REJECTED,4999.0,INR,BATCH-20260806-09,2026-08-06 06:59:12,,R01,Settlement rejected by bank,"{""source"": ""mock_bank"", ""environment"": ""hackathon"", ""batchType"": ""standard""}"
TXN-91020,BNK-91020,SETTLED,1599.0,INR,BATCH-20260806-03,2026-08-06 07:09:49,2026-08-06 07:18:49,00,Settlement completed,"{""source"": ""mock_bank"", ""environment"": ""hackathon"", ""batchType"": ""standard""}"
TXN-91021,BNK-91021,SETTLED,499.0,INR,BATCH-20260806-05,2026-08-06 07:14:17,2026-08-06 07:27:17,00,Settlement completed,"{""source"": ""mock_bank"", ""environment"": ""hackathon"", ""batchType"": ""standard""}"
TXN-91022,BNK-91022,SETTLED,199.0,INR,BATCH-20260806-06,2026-08-06 07:21:04,2026-08-06 07:48:04,00,Settlement completed,"{""source"": ""mock_bank"", ""environment"": ""hackathon"", ""batchType"": ""standard""}"
TXN-91023,BNK-91023,SETTLED,1499.0,INR,BATCH-20260806-11,2026-08-06 07:32:48,2026-08-06 07:53:48,00,Settlement completed,"{""source"": ""mock_bank"", ""environment"": ""hackathon"", ""batchType"": ""standard""}"
TXN-91024,BNK-91024,SETTLED,799.0,INR,BATCH-20260806-10,2026-08-06 07:36:24,2026-08-06 07:51:24,00,Settlement completed,"{""source"": ""mock_bank"", ""environment"": ""hackathon"", ""batchType"": ""standard""}"
TXN-91025,BNK-91025,SETTLED,1999.0,INR,BATCH-20260806-15,2026-08-06 07:42:35,2026-08-06 08:09:35,00,Settlement completed,"{""source"": ""mock_bank"", ""environment"": ""hackathon"", ""batchType"": ""standard""}"
TXN-91026,BNK-91026,SETTLED,12500.0,INR,BATCH-20260806-02,2026-08-06 07:53:14,2026-08-06 08:23:14,00,Settlement completed,"{""source"": ""mock_bank"", ""environment"": ""hackathon"", ""batchType"": ""standard""}"
TXN-91027,BNK-91027,SETTLED,2499.0,INR,BATCH-20260806-11,2026-08-06 08:01:27,2026-08-06 08:22:27,00,Settlement completed,"{""source"": ""mock_bank"", ""environment"": ""hackathon"", ""batchType"": ""standard""}"
TXN-91028,BNK-91028,SETTLED,499.0,INR,BATCH-20260806-06,2026-08-06 08:05:29,2026-08-06 08:21:29,00,Settlement completed,"{""source"": ""mock_bank"", ""environment"": ""hackathon"", ""batchType"": ""standard""}"
TXN-91029,BNK-91029,SETTLED,8999.0,INR,BATCH-20260806-04,2026-08-06 08:12:50,2026-08-06 08:27:50,00,Settlement completed,"{""source"": ""mock_bank"", ""environment"": ""hackathon"", ""batchType"": ""standard""}"
TXN-91030,BNK-91030,SETTLED,199.0,INR,BATCH-20260806-16,2026-08-06 08:15:11,2026-08-06 08:33:11,00,Settlement completed,"{""source"": ""mock_bank"", ""environment"": ""hackathon"", ""batchType"": ""standard""}"
TXN-91031,BNK-91031,REJECTED,1250.0,INR,BATCH-20260806-09,2026-08-06 08:25:25,,R01,Settlement rejected by bank,"{""source"": ""mock_bank"", ""environment"": ""hackathon"", ""batchType"": ""standard""}"
TXN-91032,BNK-91032,SETTLED,999.0,INR,BATCH-20260806-02,2026-08-06 08:32:47,2026-08-06 08:56:47,00,Settlement completed,"{""source"": ""mock_bank"", ""environment"": ""hackathon"", ""batchType"": ""standard""}"
TXN-91033,BNK-91033,SETTLED,1499.0,INR,BATCH-20260806-02,2026-08-06 08:42:28,2026-08-06 09:07:28,00,Settlement completed,"{""source"": ""mock_bank"", ""environment"": ""hackathon"", ""batchType"": ""standard""}"
TXN-91034,BNK-91034,PENDING,199.0,INR,BATCH-20260806-09,2026-08-06 08:47:28,,P01,Settlement pending with acquiring bank,"{""source"": ""mock_bank"", ""environment"": ""hackathon"", ""batchType"": ""standard""}"
TXN-91035,BNK-91035,PENDING,2899.0,INR,BATCH-20260806-20,2026-08-06 08:57:49,,P01,Settlement pending with acquiring bank,"{""source"": ""mock_bank"", ""environment"": ""hackathon"", ""batchType"": ""standard""}"
TXN-91036,BNK-91036,PENDING,199.0,INR,BATCH-20260806-17,2026-08-06 08:59:05,,P01,Settlement pending with acquiring bank,"{""source"": ""mock_bank"", ""environment"": ""hackathon"", ""batchType"": ""standard""}"
TXN-91037,BNK-91037,SETTLED,12500.0,INR,BATCH-20260806-07,2026-08-06 09:12:46,2026-08-06 08:47:46,00,Settlement completed,"{""source"": ""mock_bank"", ""environment"": ""hackathon"", ""batchType"": ""standard""}"
TXN-91038,BNK-91038,SETTLED,12500.0,INR,BATCH-20260806-17,2026-08-06 09:13:34,2026-08-06 09:24:34,00,Settlement completed,"{""source"": ""mock_bank"", ""environment"": ""hackathon"", ""batchType"": ""standard""}"
TXN-91039,BNK-91039,SETTLED,299.0,INR,BATCH-20260806-09,2026-08-06 09:25:45,2026-08-06 09:43:45,00,Settlement completed,"{""source"": ""mock_bank"", ""environment"": ""hackathon"", ""batchType"": ""standard""}"
TXN-91040,BNK-91040,SETTLED,1249.0,INR,BATCH-20260806-05,2026-08-06 09:27:12,2026-08-06 09:36:12,00,Settlement completed,"{""source"": ""mock_bank"", ""environment"": ""hackathon"", ""batchType"": ""standard""}"
TXN-91041,BNK-91041,SETTLED,12500.0,INR,BATCH-20260806-18,2026-08-06 09:35:10,2026-08-06 09:49:10,00,Settlement completed,"{""source"": ""mock_bank"", ""environment"": ""hackathon"", ""batchType"": ""standard""}"
TXN-91042,BNK-91042,REJECTED,6750.0,INR,BATCH-20260806-14,2026-08-06 09:45:27,,R01,Settlement rejected by bank,"{""source"": ""mock_bank"", ""environment"": ""hackathon"", ""batchType"": ""standard""}"
TXN-91043,BNK-91043,SETTLED,299.0,INR,BATCH-20260806-13,2026-08-06 09:52:42,2026-08-06 10:14:42,00,Settlement completed,"{""source"": ""mock_bank"", ""environment"": ""hackathon"", ""batchType"": ""standard""}"
TXN-91044,BNK-91044,SETTLED,12500.0,INR,BATCH-20260806-14,2026-08-06 09:52:31,2026-08-06 10:07:31,00,Settlement completed,"{""source"": ""mock_bank"", ""environment"": ""hackathon"", ""batchType"": ""standard""}"
TXN-91045,BNK-91045,SETTLED,4200.0,INR,BATCH-20260806-06,2026-08-06 10:01:19,2026-08-06 10:17:19,00,Settlement completed,"{""source"": ""mock_bank"", ""environment"": ""hackathon"", ""batchType"": ""standard""}"
TXN-91046,BNK-91046,SETTLED,299.0,INR,BATCH-20260806-15,2026-08-06 10:12:53,2026-08-06 10:20:53,00,Settlement completed,"{""source"": ""mock_bank"", ""environment"": ""hackathon"", ""batchType"": ""standard""}"
TXN-91047,BNK-91047,REJECTED,4200.0,INR,BATCH-20260806-08,2026-08-06 10:12:03,,R01,Settlement rejected by bank,"{""source"": ""mock_bank"", ""environment"": ""hackathon"", ""batchType"": ""standard""}"
TXN-91048,BNK-91048,SETTLED,199.0,INR,BATCH-20260806-19,2026-08-06 10:26:42,2026-08-06 10:37:42,00,Settlement completed,"{""source"": ""mock_bank"", ""environment"": ""hackathon"", ""batchType"": ""standard""}"
TXN-91048,BNK-91048-DUP,SETTLED,199.0,INR,BATCH-20260806-19,2026-08-06 10:26:42,2026-08-06 10:37:42,00,Settlement completed,"{""source"": ""mock_bank"", ""environment"": ""hackathon"", ""duplicateTest"": true}"
TXN-91049,BNK-91049,SETTLED,299.0,INR,BATCH-20260806-01,2026-08-06 10:34:46,2026-08-06 10:59:46,00,Settlement completed,"{""source"": ""mock_bank"", ""environment"": ""hackathon"", ""batchType"": ""standard""}"
TXN-91050,BNK-91050,SETTLED,799.0,INR,BATCH-20260806-04,2026-08-06 10:37:48,2026-08-06 10:45:48,00,Settlement completed,"{""source"": ""mock_bank"", ""environment"": ""hackathon"", ""batchType"": ""standard""}"
TXN-91051,BNK-91051,SETTLED,1599.0,INR,BATCH-20260806-20,2026-08-06 10:44:24,2026-08-06 11:07:24,00,Settlement completed,"{""source"": ""mock_bank"", ""environment"": ""hackathon"", ""batchType"": ""standard""}"
TXN-91052,BNK-91052,SETTLED,12500.0,INR,BATCH-20260806-18,2026-08-06 10:52:59,2026-08-06 11:05:59,00,Settlement completed,"{""source"": ""mock_bank"", ""environment"": ""hackathon"", ""batchType"": ""standard""}"
TXN-91053,BNK-91053,SETTLED,1999.0,INR,BATCH-20260806-13,2026-08-06 11:03:57,2026-08-06 11:17:57,00,Settlement completed,"{""source"": ""mock_bank"", ""environment"": ""hackathon"", ""batchType"": ""standard""}"
TXN-91054,BNK-91054,SETTLED,8999.0,INR,BATCH-20260806-14,2026-08-06 11:06:58,2026-08-06 11:21:58,00,Settlement completed,"{""source"": ""mock_bank"", ""environment"": ""hackathon"", ""batchType"": ""standard""}"
TXN-91055,BNK-91055,SETTLED,199.0,INR,BATCH-20260806-13,2026-08-06 11:14:05,2026-08-06 11:27:05,00,Settlement completed,"{""source"": ""mock_bank"", ""environment"": ""hackathon"", ""batchType"": ""standard""}"
TXN-91056,BNK-91056,SETTLED,1499.0,INR,BATCH-20260806-18,2026-08-06 11:21:04,2026-08-06 11:34:04,00,Settlement completed,"{""source"": ""mock_bank"", ""environment"": ""hackathon"", ""batchType"": ""standard""}"
TXN-91057,BNK-91057,SETTLED,2499.0,INR,BATCH-20260806-04,2026-08-06 11:28:11,2026-08-06 11:15:11,00,Settlement completed,"{""source"": ""mock_bank"", ""environment"": ""hackathon"", ""batchType"": ""standard""}"
TXN-91058,BNK-91058,SETTLED,299.0,INR,BATCH-20260806-19,2026-08-06 11:35:05,2026-08-06 12:03:05,00,Settlement completed,"{""source"": ""mock_bank"", ""environment"": ""hackathon"", ""batchType"": ""standard""}"
TXN-91059,BNK-91059,SETTLED,2899.0,INR,BATCH-20260806-09,2026-08-06 11:40:25,2026-08-06 11:53:25,00,Settlement completed,"{""source"": ""mock_bank"", ""environment"": ""hackathon"", ""batchType"": ""standard""}"
TXN-91060,BNK-91060,SETTLED,2899.0,INR,BATCH-20260806-07,2026-08-06 11:48:47,2026-08-06 12:05:47,00,Settlement completed,"{""source"": ""mock_bank"", ""environment"": ""hackathon"", ""batchType"": ""standard""}"
TXN-91061,BNK-91061,PENDING,1599.0,INR,BATCH-20260806-09,2026-08-06 11:54:29,,P01,Settlement pending with acquiring bank,"{""source"": ""mock_bank"", ""environment"": ""hackathon"", ""batchType"": ""standard""}"
TXN-91062,BNK-91062,SETTLED,4200.0,INR,BATCH-20260806-05,2026-08-06 12:01:39,2026-08-06 12:29:39,00,Settlement completed,"{""source"": ""mock_bank"", ""environment"": ""hackathon"", ""batchType"": ""standard""}"
TXN-91063,BNK-91063,SETTLED,799.0,INR,BATCH-20260806-07,2026-08-06 12:07:20,2026-08-06 12:27:20,00,Settlement completed,"{""source"": ""mock_bank"", ""environment"": ""hackathon"", ""batchType"": ""standard""}"
TXN-91064,BNK-91064,SETTLED,6750.0,INR,BATCH-20260806-17,2026-08-06 12:20:57,2026-08-06 12:49:57,00,Settlement completed,"{""source"": ""mock_bank"", ""environment"": ""hackathon"", ""batchType"": ""standard""}"
TXN-91065,BNK-91065,SETTLED,4200.0,INR,BATCH-20260806-06,2026-08-06 12:18:27,2026-08-06 12:26:27,00,Settlement completed,"{""source"": ""mock_bank"", ""environment"": ""hackathon"", ""batchType"": ""standard""}"
TXN-91066,BNK-91066,SETTLED,1499.0,INR,BATCH-20260806-13,2026-08-06 12:29:09,2026-08-06 12:18:09,00,Settlement completed,"{""source"": ""mock_bank"", ""environment"": ""hackathon"", ""batchType"": ""standard""}"
TXN-91067,BNK-91067,SETTLED,3499.0,INR,BATCH-20260806-05,2026-08-06 12:39:23,2026-08-06 13:00:23,00,Settlement completed,"{""source"": ""mock_bank"", ""environment"": ""hackathon"", ""batchType"": ""standard""}"
TXN-91068,BNK-91068,SETTLED,199.0,INR,BATCH-20260806-20,2026-08-06 12:44:11,2026-08-06 12:58:11,00,Settlement completed,"{""source"": ""mock_bank"", ""environment"": ""hackathon"", ""batchType"": ""standard""}"
TXN-91069,BNK-91069,PENDING,799.0,INR,BATCH-20260806-05,2026-08-06 12:54:13,,P01,Settlement pending with acquiring bank,"{""source"": ""mock_bank"", ""environment"": ""hackathon"", ""batchType"": ""standard""}"
TXN-91070,BNK-91070,SETTLED,999.0,INR,BATCH-20260806-05,2026-08-06 12:57:31,2026-08-06 13:17:31,00,Settlement completed,"{""source"": ""mock_bank"", ""environment"": ""hackathon"", ""batchType"": ""standard""}"
TXN-91071,BNK-91071,SETTLED,1549.0,INR,BATCH-20260806-08,2026-08-06 13:08:11,2026-08-06 13:31:11,00,Settlement completed,"{""source"": ""mock_bank"", ""environment"": ""hackathon"", ""batchType"": ""standard""}"
TXN-91072,BNK-91072,SETTLED,1499.0,INR,BATCH-20260806-20,2026-08-06 13:12:29,2026-08-06 13:38:29,00,Settlement completed,"{""source"": ""mock_bank"", ""environment"": ""hackathon"", ""batchType"": ""standard""}"
TXN-91073,BNK-91073,SETTLED,8999.0,INR,BATCH-20260806-15,2026-08-06 13:21:05,2026-08-06 13:49:05,00,Settlement completed,"{""source"": ""mock_bank"", ""environment"": ""hackathon"", ""batchType"": ""standard""}"
TXN-91074,BNK-91074,SETTLED,1999.0,INR,BATCH-20260806-07,2026-08-06 13:28:45,2026-08-06 13:55:45,00,Settlement completed,"{""source"": ""mock_bank"", ""environment"": ""hackathon"", ""batchType"": ""standard""}"
TXN-91075,BNK-91075,SETTLED,299.0,INR,BATCH-20260806-03,2026-08-06 13:30:56,2026-08-06 13:41:56,00,Settlement completed,"{""source"": ""mock_bank"", ""environment"": ""hackathon"", ""batchType"": ""standard""}"
TXN-91076,BNK-91076,SETTLED,999.0,INR,BATCH-20260806-09,2026-08-06 13:40:49,2026-08-06 13:55:49,00,Settlement completed,"{""source"": ""mock_bank"", ""environment"": ""hackathon"", ""batchType"": ""standard""}"
TXN-91077,BNK-91077,SETTLED,499.0,INR,BATCH-20260806-20,2026-08-06 13:45:25,2026-08-06 14:07:25,00,Settlement completed,"{""source"": ""mock_bank"", ""environment"": ""hackathon"", ""batchType"": ""standard""}"
TXN-91078,BNK-91078,REJECTED,6750.0,INR,BATCH-20260806-06,2026-08-06 13:52:11,,R01,Settlement rejected by bank,"{""source"": ""mock_bank"", ""environment"": ""hackathon"", ""batchType"": ""standard""}"
TXN-91079,BNK-91079,SETTLED,299.0,INR,BATCH-20260806-06,2026-08-06 14:00:52,2026-08-06 14:27:52,00,Settlement completed,"{""source"": ""mock_bank"", ""environment"": ""hackathon"", ""batchType"": ""standard""}"
TXN-91080,BNK-91080,SETTLED,1599.0,INR,BATCH-20260806-19,2026-08-06 14:05:28,2026-08-06 14:19:28,00,Settlement completed,"{""source"": ""mock_bank"", ""environment"": ""hackathon"", ""batchType"": ""standard""}"
TXN-91081,BNK-91081,REJECTED,1999.0,INR,BATCH-20260806-14,2026-08-06 14:12:58,,R01,Settlement rejected by bank,"{""source"": ""mock_bank"", ""environment"": ""hackathon"", ""batchType"": ""standard""}"
TXN-91082,BNK-91082,REJECTED,3499.0,INR,BATCH-20260806-13,2026-08-06 14:25:38,,R01,Settlement rejected by bank,"{""source"": ""mock_bank"", ""environment"": ""hackathon"", ""batchType"": ""standard""}"
TXN-91083,BNK-91083,SETTLED,3499.0,INR,BATCH-20260806-05,2026-08-06 14:28:02,2026-08-06 14:36:02,00,Settlement completed,"{""source"": ""mock_bank"", ""environment"": ""hackathon"", ""batchType"": ""standard""}"
TXN-91084,BNK-91084,SETTLED,299.0,INR,BATCH-20260806-12,2026-08-06 14:40:40,2026-08-06 14:54:40,00,Settlement completed,"{""source"": ""mock_bank"", ""environment"": ""hackathon"", ""batchType"": ""standard""}"
TXN-91085,BNK-91085,SETTLED,4999.0,INR,BATCH-20260806-05,2026-08-06 14:42:47,2026-08-06 15:09:47,00,Settlement completed,"{""source"": ""mock_bank"", ""environment"": ""hackathon"", ""batchType"": ""standard""}"
TXN-91086,BNK-91086,SETTLED,199.0,INR,BATCH-20260806-18,2026-08-06 14:49:11,2026-08-06 14:57:11,00,Settlement completed,"{""source"": ""mock_bank"", ""environment"": ""hackathon"", ""batchType"": ""standard""}"
TXN-91087,BNK-91087,REJECTED,8999.0,INR,BATCH-20260806-08,2026-08-06 14:55:14,,R01,Settlement rejected by bank,"{""source"": ""mock_bank"", ""environment"": ""hackathon"", ""batchType"": ""standard""}"
TXN-91088,BNK-91088,SETTLED,1499.0,INR,BATCH-20260806-05,2026-08-06 15:09:41,2026-08-06 15:27:41,00,Settlement completed,"{""source"": ""mock_bank"", ""environment"": ""hackathon"", ""batchType"": ""standard""}"
TXN-91088,BNK-91088-DUP,SETTLED,1499.0,INR,BATCH-20260806-05,2026-08-06 15:09:41,2026-08-06 15:27:41,00,Settlement completed,"{""source"": ""mock_bank"", ""environment"": ""hackathon"", ""duplicateTest"": true}"
TXN-91089,BNK-91089,SETTLED,4200.0,INR,BATCH-20260806-09,2026-08-06 15:07:38,2026-08-06 15:33:38,00,Settlement completed,"{""source"": ""mock_bank"", ""environment"": ""hackathon"", ""batchType"": ""standard""}"
TXN-91090,BNK-91090,SETTLED,3499.0,INR,BATCH-20260806-20,2026-08-06 15:17:38,2026-08-06 15:45:38,00,Settlement completed,"{""source"": ""mock_bank"", ""environment"": ""hackathon"", ""batchType"": ""standard""}"
TXN-91091,BNK-91091,SETTLED,3499.0,INR,BATCH-20260806-05,2026-08-06 15:23:50,2026-08-06 15:45:50,00,Settlement completed,"{""source"": ""mock_bank"", ""environment"": ""hackathon"", ""batchType"": ""standard""}"
TXN-91092,BNK-91092,SETTLED,6750.0,INR,BATCH-20260806-02,2026-08-06 15:33:47,2026-08-06 16:00:47,00,Settlement completed,"{""source"": ""mock_bank"", ""environment"": ""hackathon"", ""batchType"": ""standard""}"
TXN-91093,BNK-91093,SETTLED,199.0,INR,BATCH-20260806-02,2026-08-06 15:43:47,2026-08-06 16:07:47,00,Settlement completed,"{""source"": ""mock_bank"", ""environment"": ""hackathon"", ""batchType"": ""standard""}"
TXN-91094,BNK-91094,SETTLED,1999.0,INR,BATCH-20260806-06,2026-08-06 15:51:07,2026-08-06 16:17:07,00,Settlement completed,"{""source"": ""mock_bank"", ""environment"": ""hackathon"", ""batchType"": ""standard""}"
TXN-91095,BNK-91095,SETTLED,12500.0,INR,BATCH-20260806-12,2026-08-06 15:52:22,2026-08-06 16:11:22,00,Settlement completed,"{""source"": ""mock_bank"", ""environment"": ""hackathon"", ""batchType"": ""standard""}"
TXN-91096,BNK-91096,SETTLED,1499.0,INR,BATCH-20260806-01,2026-08-06 15:55:01,2026-08-06 16:09:01,00,Settlement completed,"{""source"": ""mock_bank"", ""environment"": ""hackathon"", ""batchType"": ""standard""}"
TXN-91097,BNK-91097,SETTLED,12500.0,INR,BATCH-20260806-06,2026-08-06 16:09:03,2026-08-06 16:24:03,00,Settlement completed,"{""source"": ""mock_bank"", ""environment"": ""hackathon"", ""batchType"": ""standard""}"
TXN-91098,BNK-91098,REJECTED,6750.0,INR,BATCH-20260806-12,2026-08-06 16:16:49,,R01,Settlement rejected by bank,"{""source"": ""mock_bank"", ""environment"": ""hackathon"", ""batchType"": ""standard""}"
TXN-91100,BNK-91100,SETTLED,4200.0,INR,BATCH-20260806-04,2026-08-06 16:28:33,2026-08-06 16:36:33,00,Settlement completed,"{""source"": ""mock_bank"", ""environment"": ""hackathon"", ""batchType"": ""standard""}"
TXN-91101,BNK-91101,SETTLED,1599.0,INR,BATCH-20260806-03,2026-08-06 16:34:04,2026-08-06 16:54:04,00,Settlement completed,"{""source"": ""mock_bank"", ""environment"": ""hackathon"", ""batchType"": ""standard""}"
TXN-91102,BNK-91102,SETTLED,2499.0,INR,BATCH-20260806-16,2026-08-06 16:42:10,2026-08-06 17:07:10,00,Settlement completed,"{""source"": ""mock_bank"", ""environment"": ""hackathon"", ""batchType"": ""standard""}"
TXN-91103,BNK-91103,PENDING,4200.0,INR,BATCH-20260806-17,2026-08-06 16:45:14,,P01,Settlement pending with acquiring bank,"{""source"": ""mock_bank"", ""environment"": ""hackathon"", ""batchType"": ""standard""}"
TXN-91104,BNK-91104,SETTLED,8999.0,INR,BATCH-20260806-11,2026-08-06 16:56:37,2026-08-06 17:13:37,00,Settlement completed,"{""source"": ""mock_bank"", ""environment"": ""hackathon"", ""batchType"": ""standard""}"
TXN-91105,BNK-91105,SETTLED,6750.0,INR,BATCH-20260806-07,2026-08-06 17:07:31,2026-08-06 17:36:31,00,Settlement completed,"{""source"": ""mock_bank"", ""environment"": ""hackathon"", ""batchType"": ""standard""}"
TXN-91106,BNK-91106,PENDING,4200.0,INR,BATCH-20260806-11,2026-08-06 17:10:21,,P01,Settlement pending with acquiring bank,"{""source"": ""mock_bank"", ""environment"": ""hackathon"", ""batchType"": ""standard""}"
TXN-91107,BNK-91107,SETTLED,12500.0,INR,BATCH-20260806-04,2026-08-06 17:13:14,2026-08-06 17:39:14,00,Settlement completed,"{""source"": ""mock_bank"", ""environment"": ""hackathon"", ""batchType"": ""standard""}"
TXN-91108,BNK-91108,SETTLED,999.0,INR,BATCH-20260806-10,2026-08-06 17:24:22,2026-08-06 17:43:22,00,Settlement completed,"{""source"": ""mock_bank"", ""environment"": ""hackathon"", ""batchType"": ""standard""}"
TXN-91109,BNK-91109,SETTLED,4200.0,INR,BATCH-20260806-02,2026-08-06 17:33:33,2026-08-06 17:44:33,00,Settlement completed,"{""source"": ""mock_bank"", ""environment"": ""hackathon"", ""batchType"": ""standard""}"
TXN-91110,BNK-91110,SETTLED,2499.0,INR,BATCH-20260806-20,2026-08-06 17:35:56,2026-08-06 17:55:56,00,Settlement completed,"{""source"": ""mock_bank"", ""environment"": ""hackathon"", ""batchType"": ""standard""}"
TXN-91111,BNK-91111,SETTLED,2899.0,INR,BATCH-20260806-08,2026-08-06 17:45:55,2026-08-06 17:53:55,00,Settlement completed,"{""source"": ""mock_bank"", ""environment"": ""hackathon"", ""batchType"": ""standard""}"
TXN-91112,BNK-91112,SETTLED,199.0,INR,BATCH-20260806-03,2026-08-06 17:52:16,2026-08-06 18:13:16,00,Settlement completed,"{""source"": ""mock_bank"", ""environment"": ""hackathon"", ""batchType"": ""standard""}"
TXN-91113,BNK-91113,SETTLED,6750.0,INR,BATCH-20260806-05,2026-08-06 18:04:23,2026-08-06 18:31:23,00,Settlement completed,"{""source"": ""mock_bank"", ""environment"": ""hackathon"", ""batchType"": ""standard""}"
TXN-91114,BNK-91114,SETTLED,1499.0,INR,BATCH-20260806-02,2026-08-06 18:04:32,2026-08-06 18:33:32,00,Settlement completed,"{""source"": ""mock_bank"", ""environment"": ""hackathon"", ""batchType"": ""standard""}"
TXN-91115,BNK-91115,PENDING,3499.0,INR,BATCH-20260806-05,2026-08-06 18:09:18,,P01,Settlement pending with acquiring bank,"{""source"": ""mock_bank"", ""environment"": ""hackathon"", ""batchType"": ""standard""}"
TXN-91116,BNK-91116,SETTLED,2499.0,INR,BATCH-20260806-07,2026-08-06 18:19:13,2026-08-06 18:45:13,00,Settlement completed,"{""source"": ""mock_bank"", ""environment"": ""hackathon"", ""batchType"": ""standard""}"
TXN-91117,BNK-91117,SETTLED,1999.0,INR,BATCH-20260806-17,2026-08-06 18:26:11,2026-08-06 18:43:11,00,Settlement completed,"{""source"": ""mock_bank"", ""environment"": ""hackathon"", ""batchType"": ""standard""}"
TXN-91118,BNK-91118,SETTLED,8999.0,INR,BATCH-20260806-03,2026-08-06 18:35:13,2026-08-06 19:02:13,00,Settlement completed,"{""source"": ""mock_bank"", ""environment"": ""hackathon"", ""batchType"": ""standard""}"
TXN-91119,BNK-91119,SETTLED,12500.0,INR,BATCH-20260806-07,2026-08-06 18:41:08,2026-08-06 19:04:08,00,Settlement completed,"{""source"": ""mock_bank"", ""environment"": ""hackathon"", ""batchType"": ""standard""}"
TXN-91120,BNK-91120,SETTLED,2899.0,INR,BATCH-20260806-13,2026-08-06 18:45:15,2026-08-06 19:06:15,00,Settlement completed,"{""source"": ""mock_bank"", ""environment"": ""hackathon"", ""batchType"": ""standard""}"
TXN-91121,BNK-91121,SETTLED,499.0,INR,BATCH-20260806-10,2026-08-06 19:00:46,2026-08-06 19:12:46,00,Settlement completed,"{""source"": ""mock_bank"", ""environment"": ""hackathon"", ""batchType"": ""standard""}"
TXN-91121,BNK-91121-DUP,SETTLED,499.0,INR,BATCH-20260806-10,2026-08-06 19:00:46,2026-08-06 19:12:46,00,Settlement completed,"{""source"": ""mock_bank"", ""environment"": ""hackathon"", ""duplicateTest"": true}"
TXN-91122,BNK-91122,SETTLED,4200.0,INR,BATCH-20260806-04,2026-08-06 19:03:02,2026-08-06 18:37:02,00,Settlement completed,"{""source"": ""mock_bank"", ""environment"": ""hackathon"", ""batchType"": ""standard""}"
TXN-91123,BNK-91123,SETTLED,3499.0,INR,BATCH-20260806-03,2026-08-06 19:12:55,2026-08-06 19:26:55,00,Settlement completed,"{""source"": ""mock_bank"", ""environment"": ""hackathon"", ""batchType"": ""standard""}"
TXN-91124,BNK-91124,PENDING,2899.0,INR,BATCH-20260806-09,2026-08-06 19:16:43,,P01,Settlement pending with acquiring bank,"{""source"": ""mock_bank"", ""environment"": ""hackathon"", ""batchType"": ""standard""}"
TXN-91125,BNK-91125,SETTLED,1599.0,INR,BATCH-20260806-19,2026-08-06 19:21:43,2026-08-06 19:38:43,00,Settlement completed,"{""source"": ""mock_bank"", ""environment"": ""hackathon"", ""batchType"": ""standard""}"
TXN-91126,BNK-91126,SETTLED,299.0,INR,BATCH-20260806-09,2026-08-06 19:29:45,2026-08-06 19:52:45,00,Settlement completed,"{""source"": ""mock_bank"", ""environment"": ""hackathon"", ""batchType"": ""standard""}"
TXN-91127,BNK-91127,REJECTED,2499.0,INR,BATCH-20260806-07,2026-08-06 19:37:08,,R01,Settlement rejected by bank,"{""source"": ""mock_bank"", ""environment"": ""hackathon"", ""batchType"": ""standard""}"
TXN-91128,BNK-91128,SETTLED,2899.0,INR,BATCH-20260806-19,2026-08-06 19:44:56,2026-08-06 20:02:56,00,Settlement completed,"{""source"": ""mock_bank"", ""environment"": ""hackathon"", ""batchType"": ""standard""}"
TXN-91129,BNK-91129,SETTLED,1250.0,INR,BATCH-20260806-12,2026-08-06 19:52:53,2026-08-06 20:02:53,00,Settlement completed,"{""source"": ""mock_bank"", ""environment"": ""hackathon"", ""batchType"": ""standard""}"
TXN-91130,BNK-91130,SETTLED,299.0,INR,BATCH-20260806-08,2026-08-06 19:57:10,2026-08-06 20:10:10,00,Settlement completed,"{""source"": ""mock_bank"", ""environment"": ""hackathon"", ""batchType"": ""standard""}"
TXN-91131,BNK-91131,REJECTED,999.0,INR,BATCH-20260806-16,2026-08-06 20:04:31,,R01,Settlement rejected by bank,"{""source"": ""mock_bank"", ""environment"": ""hackathon"", ""batchType"": ""standard""}"
TXN-91133,BNK-91133,SETTLED,299.0,INR,BATCH-20260806-09,2026-08-06 20:22:29,2026-08-06 20:41:29,00,Settlement completed,"{""source"": ""mock_bank"", ""environment"": ""hackathon"", ""batchType"": ""standard""}"
TXN-91134,BNK-91134,SETTLED,1250.0,INR,BATCH-20260806-15,2026-08-06 20:30:07,2026-08-06 20:47:07,00,Settlement completed,"{""source"": ""mock_bank"", ""environment"": ""hackathon"", ""batchType"": ""standard""}"
TXN-91135,BNK-91135,SETTLED,1250.0,INR,BATCH-20260806-06,2026-08-06 20:38:12,2026-08-06 20:56:12,00,Settlement completed,"{""source"": ""mock_bank"", ""environment"": ""hackathon"", ""batchType"": ""standard""}"
TXN-91136,BNK-91136,SETTLED,2499.0,INR,BATCH-20260806-20,2026-08-06 20:42:17,2026-08-06 20:59:17,00,Settlement completed,"{""source"": ""mock_bank"", ""environment"": ""hackathon"", ""batchType"": ""standard""}"
TXN-91137,BNK-91137,SETTLED,8999.0,INR,BATCH-20260806-03,2026-08-06 20:47:51,2026-08-06 21:07:51,00,Settlement completed,"{""source"": ""mock_bank"", ""environment"": ""hackathon"", ""batchType"": ""standard""}"
TXN-91138,BNK-91138,SETTLED,3499.0,INR,BATCH-20260806-07,2026-08-06 20:55:42,2026-08-06 21:13:42,00,Settlement completed,"{""source"": ""mock_bank"", ""environment"": ""hackathon"", ""batchType"": ""standard""}"
TXN-91138,BNK-91138-DUP,SETTLED,3499.0,INR,BATCH-20260806-07,2026-08-06 20:55:42,2026-08-06 21:13:42,00,Settlement completed,"{""source"": ""mock_bank"", ""environment"": ""hackathon"", ""duplicateTest"": true}"
TXN-91139,BNK-91139,SETTLED,3499.0,INR,BATCH-20260806-14,2026-08-06 21:02:08,2026-08-06 21:13:08,00,Settlement completed,"{""source"": ""mock_bank"", ""environment"": ""hackathon"", ""batchType"": ""standard""}"
TXN-91140,BNK-91140,SETTLED,2899.0,INR,BATCH-20260806-03,2026-08-06 21:13:20,2026-08-06 21:22:20,00,Settlement completed,"{""source"": ""mock_bank"", ""environment"": ""hackathon"", ""batchType"": ""standard""}"
TXN-91141,BNK-91141,SETTLED,499.0,INR,BATCH-20260806-14,2026-08-06 21:09:13,2026-08-06 21:18:13,00,Settlement completed,"{""source"": ""mock_bank"", ""environment"": ""hackathon"", ""batchType"": ""standard""}"
TXN-91142,BNK-91142,PENDING,3499.0,INR,BATCH-20260806-08,2026-08-06 21:16:02,,P01,Settlement pending with acquiring bank,"{""source"": ""mock_bank"", ""environment"": ""hackathon"", ""batchType"": ""standard""}"
TXN-91143,BNK-91143,SETTLED,4200.0,INR,BATCH-20260806-01,2026-08-06 21:27:13,2026-08-06 21:37:13,00,Settlement completed,"{""source"": ""mock_bank"", ""environment"": ""hackathon"", ""batchType"": ""standard""}"
TXN-91144,BNK-91144,SETTLED,8999.0,INR,BATCH-20260806-09,2026-08-06 21:31:57,2026-08-06 21:46:57,00,Settlement completed,"{""source"": ""mock_bank"", ""environment"": ""hackathon"", ""batchType"": ""standard""}"
TXN-91145,BNK-91145,SETTLED,12500.0,INR,BATCH-20260806-02,2026-08-06 21:37:37,2026-08-06 22:07:37,00,Settlement completed,"{""source"": ""mock_bank"", ""environment"": ""hackathon"", ""batchType"": ""standard""}"
TXN-91146,BNK-91146,SETTLED,12500.0,INR,BATCH-20260806-06,2026-08-06 21:49:15,2026-08-06 22:01:15,00,Settlement completed,"{""source"": ""mock_bank"", ""environment"": ""hackathon"", ""batchType"": ""standard""}"
TXN-91147,BNK-91147,SETTLED,999.0,INR,BATCH-20260806-05,2026-08-06 21:57:31,2026-08-06 22:27:31,00,Settlement completed,"{""source"": ""mock_bank"", ""environment"": ""hackathon"", ""batchType"": ""standard""}"
TXN-91148,BNK-91148,PENDING,3499.0,INR,BATCH-20260806-18,2026-08-06 22:06:12,,P01,Settlement pending with acquiring bank,"{""source"": ""mock_bank"", ""environment"": ""hackathon"", ""batchType"": ""standard""}"
TXN-91149,BNK-91149,REJECTED,2499.0,INR,BATCH-20260806-10,2026-08-06 22:13:12,,R01,Settlement rejected by bank,"{""source"": ""mock_bank"", ""environment"": ""hackathon"", ""batchType"": ""standard""}"
TXN-91150,BNK-91150,SETTLED,2499.0,INR,BATCH-20260806-13,2026-08-06 22:13:16,2026-08-06 22:40:16,00,Settlement completed,"{""source"": ""mock_bank"", ""environment"": ""hackathon"", ""batchType"": ""standard""}"
TXN-91151,BNK-91151,SETTLED,1.0,INR,BATCH-20260806-09,2026-08-06 22:29:09,2026-08-06 22:55:09,00,Settlement completed,"{""source"": ""mock_bank"", ""environment"": ""hackathon"", ""batchType"": ""standard""}"
TXN-91152,BNK-91152,SETTLED,1599.0,INR,BATCH-20260806-17,2026-08-06 22:35:58,2026-08-06 22:17:58,00,Settlement completed,"{""source"": ""mock_bank"", ""environment"": ""hackathon"", ""batchType"": ""standard""}"
TXN-91153,BNK-91153,SETTLED,1599.0,INR,BATCH-20260806-08,2026-08-06 22:38:17,2026-08-06 23:04:17,00,Settlement completed,"{""source"": ""mock_bank"", ""environment"": ""hackathon"", ""batchType"": ""standard""}"
TXN-91154,BNK-91154,SETTLED,1250.0,INR,BATCH-20260806-10,2026-08-06 22:46:19,2026-08-06 23:04:19,00,Settlement completed,"{""source"": ""mock_bank"", ""environment"": ""hackathon"", ""batchType"": ""standard""}"
TXN-91155,BNK-91155,SETTLED,1499.0,INR,BATCH-20260806-11,2026-08-06 22:52:38,2026-08-06 23:14:38,00,Settlement completed,"{""source"": ""mock_bank"", ""environment"": ""hackathon"", ""batchType"": ""standard""}"
TXN-91156,BNK-91156,SETTLED,1250.0,INR,BATCH-20260806-03,2026-08-06 23:02:34,2026-08-06 23:17:34,00,Settlement completed,"{""source"": ""mock_bank"", ""environment"": ""hackathon"", ""batchType"": ""standard""}"
TXN-91157,BNK-91157,SETTLED,499.0,INR,BATCH-20260806-10,2026-08-06 23:05:05,2026-08-06 23:35:05,00,Settlement completed,"{""source"": ""mock_bank"", ""environment"": ""hackathon"", ""batchType"": ""standard""}"
TXN-91158,BNK-91158,SETTLED,299.0,INR,BATCH-20260806-09,2026-08-06 23:11:51,2026-08-06 23:30:51,00,Settlement completed,"{""source"": ""mock_bank"", ""environment"": ""hackathon"", ""batchType"": ""standard""}"
TXN-91159,BNK-91159,SETTLED,6250.0,INR,BATCH-20260806-05,2026-08-06 23:20:00,2026-08-06 23:32:00,00,Settlement completed,"{""source"": ""mock_bank"", ""environment"": ""hackathon"", ""batchType"": ""standard""}"
TXN-91160,BNK-91160,PENDING,2499.0,INR,BATCH-20260806-08,2026-08-06 23:30:07,,P01,Settlement pending with acquiring bank,"{""source"": ""mock_bank"", ""environment"": ""hackathon"", ""batchType"": ""standard""}"
TXN-91161,BNK-91161,SETTLED,12250.0,INR,BATCH-20260806-18,2026-08-06 23:33:43,2026-08-07 00:03:43,00,Settlement completed,"{""source"": ""mock_bank"", ""environment"": ""hackathon"", ""batchType"": ""standard""}"
TXN-91162,BNK-91162,SETTLED,2499.0,INR,BATCH-20260806-01,2026-08-06 23:38:16,2026-08-06 23:52:16,00,Settlement completed,"{""source"": ""mock_bank"", ""environment"": ""hackathon"", ""batchType"": ""standard""}"
TXN-91163,BNK-91163,SETTLED,799.0,INR,BATCH-20260806-09,2026-08-06 23:46:42,2026-08-07 00:06:42,00,Settlement completed,"{""source"": ""mock_bank"", ""environment"": ""hackathon"", ""batchType"": ""standard""}"
TXN-91164,BNK-91164,SETTLED,3499.0,INR,BATCH-20260806-13,2026-08-06 23:55:33,2026-08-07 00:13:33,00,Settlement completed,"{""source"": ""mock_bank"", ""environment"": ""hackathon"", ""batchType"": ""standard""}"
TXN-91165,BNK-91165,SETTLED,299.0,INR,BATCH-20260806-07,2026-08-07 00:03:57,2026-08-07 00:30:57,00,Settlement completed,"{""source"": ""mock_bank"", ""environment"": ""hackathon"", ""batchType"": ""standard""}"
TXN-91166,BNK-91166,SETTLED,999.0,INR,BATCH-20260807-05,2026-08-07 00:11:47,2026-08-07 00:29:47,00,Settlement completed,"{""source"": ""mock_bank"", ""environment"": ""hackathon"", ""batchType"": ""standard""}"
TXN-91167,BNK-91167,SETTLED,1999.0,INR,BATCH-20260807-14,2026-08-07 00:16:59,2026-08-07 00:37:59,00,Settlement completed,"{""source"": ""mock_bank"", ""environment"": ""hackathon"", ""batchType"": ""standard""}"
TXN-91168,BNK-91168,SETTLED,199.0,INR,BATCH-20260807-02,2026-08-07 00:23:49,2026-08-07 00:38:49,00,Settlement completed,"{""source"": ""mock_bank"", ""environment"": ""hackathon"", ""batchType"": ""standard""}"
TXN-91169,BNK-91169,SETTLED,12500.0,INR,BATCH-20260807-10,2026-08-07 00:32:57,2026-08-07 00:44:57,00,Settlement completed,"{""source"": ""mock_bank"", ""environment"": ""hackathon"", ""batchType"": ""standard""}"
TXN-91170,BNK-91170,SETTLED,4999.0,INR,BATCH-20260807-14,2026-08-07 00:36:24,2026-08-07 01:02:24,00,Settlement completed,"{""source"": ""mock_bank"", ""environment"": ""hackathon"", ""batchType"": ""standard""}"
TXN-91171,BNK-91171,SETTLED,499.0,INR,BATCH-20260807-19,2026-08-07 00:43:01,2026-08-07 01:03:01,00,Settlement completed,"{""source"": ""mock_bank"", ""environment"": ""hackathon"", ""batchType"": ""standard""}"
TXN-91172,BNK-91172,SETTLED,199.0,INR,BATCH-20260807-02,2026-08-07 00:52:41,2026-08-07 00:29:41,00,Settlement completed,"{""source"": ""mock_bank"", ""environment"": ""hackathon"", ""batchType"": ""standard""}"
TXN-91173,BNK-91173,SETTLED,2899.0,INR,BATCH-20260807-19,2026-08-07 00:57:35,2026-08-07 01:27:35,00,Settlement completed,"{""source"": ""mock_bank"", ""environment"": ""hackathon"", ""batchType"": ""standard""}"
TXN-91174,BNK-91174,REJECTED,299.0,INR,BATCH-20260807-14,2026-08-07 01:11:13,,R01,Settlement rejected by bank,"{""source"": ""mock_bank"", ""environment"": ""hackathon"", ""batchType"": ""standard""}"
TXN-91175,BNK-91175,SETTLED,4200.0,INR,BATCH-20260807-04,2026-08-07 01:11:17,2026-08-07 01:27:17,00,Settlement completed,"{""source"": ""mock_bank"", ""environment"": ""hackathon"", ""batchType"": ""standard""}"
TXN-91176,BNK-91176,SETTLED,1599.0,INR,BATCH-20260807-13,2026-08-07 01:20:12,2026-08-07 01:38:12,00,Settlement completed,"{""source"": ""mock_bank"", ""environment"": ""hackathon"", ""batchType"": ""standard""}"
TXN-91177,BNK-91177,PENDING,1250.0,INR,BATCH-20260807-03,2026-08-07 01:24:37,,P01,Settlement pending with acquiring bank,"{""source"": ""mock_bank"", ""environment"": ""hackathon"", ""batchType"": ""standard""}"
TXN-91178,BNK-91178,SETTLED,299.0,INR,BATCH-20260807-02,2026-08-07 01:38:25,2026-08-07 01:56:25,00,Settlement completed,"{""source"": ""mock_bank"", ""environment"": ""hackathon"", ""batchType"": ""standard""}"
TXN-91179,BNK-91179,SETTLED,499.0,INR,BATCH-20260807-05,2026-08-07 01:40:18,2026-08-07 01:58:18,00,Settlement completed,"{""source"": ""mock_bank"", ""environment"": ""hackathon"", ""batchType"": ""standard""}"
TXN-91180,BNK-91180,PENDING,1250.0,INR,BATCH-20260807-14,2026-08-07 01:45:40,,P01,Settlement pending with acquiring bank,"{""source"": ""mock_bank"", ""environment"": ""hackathon"", ""batchType"": ""standard""}"
TXN-91181,BNK-91181,SETTLED,499.0,INR,BATCH-20260807-03,2026-08-07 01:55:46,2026-08-07 02:23:46,00,Settlement completed,"{""source"": ""mock_bank"", ""environment"": ""hackathon"", ""batchType"": ""standard""}"
TXN-91182,BNK-91182,SETTLED,1499.0,INR,BATCH-20260807-18,2026-08-07 02:01:19,2026-08-07 02:12:19,00,Settlement completed,"{""source"": ""mock_bank"", ""environment"": ""hackathon"", ""batchType"": ""standard""}"
TXN-91183,BNK-91183,SETTLED,12500.0,INR,BATCH-20260807-12,2026-08-07 02:09:19,2026-08-07 02:17:19,00,Settlement completed,"{""source"": ""mock_bank"", ""environment"": ""hackathon"", ""batchType"": ""standard""}"
TXN-91184,BNK-91184,SETTLED,199.0,INR,BATCH-20260807-15,2026-08-07 02:21:25,2026-08-07 02:30:25,00,Settlement completed,"{""source"": ""mock_bank"", ""environment"": ""hackathon"", ""batchType"": ""standard""}"
TXN-91185,BNK-91185,SETTLED,4999.0,INR,BATCH-20260807-07,2026-08-07 02:21:37,2026-08-07 02:48:37,00,Settlement completed,"{""source"": ""mock_bank"", ""environment"": ""hackathon"", ""batchType"": ""standard""}"
TXN-91186,BNK-91186,SETTLED,2499.0,INR,BATCH-20260807-04,2026-08-07 02:30:15,2026-08-07 02:44:15,00,Settlement completed,"{""source"": ""mock_bank"", ""environment"": ""hackathon"", ""batchType"": ""standard""}"
TXN-91187,BNK-91187,SETTLED,12500.0,INR,BATCH-20260807-11,2026-08-07 02:40:33,2026-08-07 03:08:33,00,Settlement completed,"{""source"": ""mock_bank"", ""environment"": ""hackathon"", ""batchType"": ""standard""}"
TXN-91188,BNK-91188,SETTLED,3499.0,INR,BATCH-20260807-13,2026-08-07 02:43:48,2026-08-07 02:51:48,00,Settlement completed,"{""source"": ""mock_bank"", ""environment"": ""hackathon"", ""batchType"": ""standard""}"
TXN-91189,BNK-91189,SETTLED,999.0,INR,BATCH-20260807-06,2026-08-07 02:49:13,2026-08-07 03:18:13,00,Settlement completed,"{""source"": ""mock_bank"", ""environment"": ""hackathon"", ""batchType"": ""standard""}"
TXN-91190,BNK-91190,SETTLED,799.0,INR,BATCH-20260807-03,2026-08-07 02:57:03,2026-08-07 03:14:03,00,Settlement completed,"{""source"": ""mock_bank"", ""environment"": ""hackathon"", ""batchType"": ""standard""}"
TXN-91191,BNK-91191,SETTLED,2899.0,INR,BATCH-20260807-01,2026-08-07 03:01:29,2026-08-07 03:30:29,00,Settlement completed,"{""source"": ""mock_bank"", ""environment"": ""hackathon"", ""batchType"": ""standard""}"
TXN-91192,BNK-91192,SETTLED,2399.0,INR,BATCH-20260807-13,2026-08-07 03:08:23,2026-08-07 03:37:23,00,Settlement completed,"{""source"": ""mock_bank"", ""environment"": ""hackathon"", ""batchType"": ""standard""}"
TXN-91193,BNK-91193,SETTLED,299.0,INR,BATCH-20260807-03,2026-08-07 03:23:15,2026-08-07 03:37:15,00,Settlement completed,"{""source"": ""mock_bank"", ""environment"": ""hackathon"", ""batchType"": ""standard""}"
TXN-91194,BNK-91194,SETTLED,499.0,INR,BATCH-20260807-05,2026-08-07 03:21:54,2026-08-07 03:35:54,00,Settlement completed,"{""source"": ""mock_bank"", ""environment"": ""hackathon"", ""batchType"": ""standard""}"
TXN-91195,BNK-91195,SETTLED,2899.0,INR,BATCH-20260807-17,2026-08-07 03:34:16,2026-08-07 03:51:16,00,Settlement completed,"{""source"": ""mock_bank"", ""environment"": ""hackathon"", ""batchType"": ""standard""}"
TXN-91196,BNK-91196,SETTLED,1599.0,INR,BATCH-20260807-05,2026-08-07 03:44:33,2026-08-07 04:03:33,00,Settlement completed,"{""source"": ""mock_bank"", ""environment"": ""hackathon"", ""batchType"": ""standard""}"
TXN-91197,BNK-91197,SETTLED,1599.0,INR,BATCH-20260807-10,2026-08-07 03:45:51,2026-08-07 03:54:51,00,Settlement completed,"{""source"": ""mock_bank"", ""environment"": ""hackathon"", ""batchType"": ""standard""}"
TXN-91198,BNK-91198,SETTLED,1599.0,INR,BATCH-20260807-19,2026-08-07 03:54:42,2026-08-07 04:18:42,00,Settlement completed,"{""source"": ""mock_bank"", ""environment"": ""hackathon"", ""batchType"": ""standard""}"
TXN-91199,BNK-91199,SETTLED,8999.0,INR,BATCH-20260807-05,2026-08-07 04:05:23,2026-08-07 04:31:23,00,Settlement completed,"{""source"": ""mock_bank"", ""environment"": ""hackathon"", ""batchType"": ""standard""}"
TXN-DEMO-SUCCESS,BNK-DEMO-1,SETTLED,3499.0,INR,BATCH-DEMO-1,2026-08-03 08:18:00,2026-08-03 08:35:00,00,Settlement completed,"{""source"": ""mock_bank"", ""environment"": ""hackathon"", ""demoCase"": true}"
TXN-DEMO-DELAYED,BNK-DEMO-2,PENDING,5000.0,INR,BATCH-DEMO-2,2026-08-03 09:18:00,,P01,Settlement pending with acquiring bank,"{""source"": ""mock_bank"", ""environment"": ""hackathon"", ""demoCase"": true}"
TXN-DEMO-FAILED,BNK-DEMO-3,REJECTED,5000.0,INR,BATCH-DEMO-3,2026-08-03 10:18:00,,R01,Settlement rejected by bank,"{""source"": ""mock_bank"", ""environment"": ""hackathon"", ""demoCase"": true}"
TXN-DEMO-MISMATCH,BNK-DEMO-4,SETTLED,4500.0,INR,BATCH-DEMO-4,2026-08-03 11:18:00,2026-08-03 11:35:00,00,Settlement completed with amount received,"{""source"": ""mock_bank"", ""environment"": ""hackathon"", ""demoCase"": true}"
