transactionId,ledgerReference,status,amount,currency,postedAt,entryType,accountReference,metadata
TXN-90001,LED-90001,POSTED,1999.0,INR,2026-08-01 08:38:21,CREDIT,ACC-1022,"{""source"": ""mock_ledger"", ""environment"": ""hackathon"", ""accountType"": ""merchant_settlement""}"
TXN-90003,LED-90003,POSTED,3499.0,INR,2026-08-01 08:58:53,CREDIT,ACC-1057,"{""source"": ""mock_ledger"", ""environment"": ""hackathon"", ""accountType"": ""merchant_settlement""}"
TXN-90004,LED-90004,POSTED,8999.0,INR,2026-08-01 08:56:12,CREDIT,ACC-1030,"{""source"": ""mock_ledger"", ""environment"": ""hackathon"", ""accountType"": ""merchant_settlement""}"
TXN-90005,LED-90005,POSTED,499.0,INR,2026-08-01 09:16:37,CREDIT,ACC-1097,"{""source"": ""mock_ledger"", ""environment"": ""hackathon"", ""accountType"": ""merchant_settlement""}"
TXN-90006,LED-90006,POSTED,1250.0,INR,2026-08-01 09:28:13,CREDIT,ACC-1057,"{""source"": ""mock_ledger"", ""environment"": ""hackathon"", ""accountType"": ""merchant_settlement""}"
TXN-90007,LED-90007,POSTED,1250.0,INR,2026-08-01 09:16:20,CREDIT,ACC-1073,"{""source"": ""mock_ledger"", ""environment"": ""hackathon"", ""accountType"": ""merchant_settlement""}"
TXN-90009,LED-90009,POSTED,2499.0,INR,2026-08-01 09:39:08,CREDIT,ACC-1019,"{""source"": ""mock_ledger"", ""environment"": ""hackathon"", ""accountType"": ""merchant_settlement""}"
TXN-90010,LED-90010,POSTED,799.0,INR,2026-08-01 09:37:02,CREDIT,ACC-1097,"{""source"": ""mock_ledger"", ""environment"": ""hackathon"", ""accountType"": ""merchant_settlement""}"
TXN-90012,LED-90012,POSTED,4999.0,INR,2026-08-01 09:51:50,CREDIT,ACC-1092,"{""source"": ""mock_ledger"", ""environment"": ""hackathon"", ""accountType"": ""merchant_settlement""}"
TXN-90013,LED-90013,POSTED,4200.0,INR,2026-08-01 10:03:02,CREDIT,ACC-1020,"{""source"": ""mock_ledger"", ""environment"": ""hackathon"", ""accountType"": ""merchant_settlement""}"
TXN-90014,LED-90014,POSTED,4999.0,INR,2026-08-01 10:08:00,CREDIT,ACC-1020,"{""source"": ""mock_ledger"", ""environment"": ""hackathon"", ""accountType"": ""merchant_settlement""}"
TXN-90015,LED-90015,POSTED,799.0,INR,2026-08-01 10:24:22,CREDIT,ACC-1045,"{""source"": ""mock_ledger"", ""environment"": ""hackathon"", ""accountType"": ""merchant_settlement""}"
TXN-90016,LED-90016,POSTED,299.0,INR,2026-08-01 10:31:40,CREDIT,ACC-1045,"{""source"": ""mock_ledger"", ""environment"": ""hackathon"", ""accountType"": ""merchant_settlement""}"
TXN-90017,LED-90017,POSTED,499.0,INR,2026-08-01 09:53:00,CREDIT,ACC-1048,"{""source"": ""mock_ledger"", ""environment"": ""hackathon"", ""accountType"": ""merchant_settlement""}"
TXN-90018,LED-90018,POSTED,199.0,INR,2026-08-01 10:55:00,CREDIT,ACC-1076,"{""source"": ""mock_ledger"", ""environment"": ""hackathon"", ""accountType"": ""merchant_settlement""}"
TXN-90019,LED-90019,POSTED,8999.0,INR,2026-08-01 10:41:00,CREDIT,ACC-1081,"{""source"": ""mock_ledger"", ""environment"": ""hackathon"", ""accountType"": ""merchant_settlement""}"
TXN-90021,LED-90021,POSTED,499.0,INR,2026-08-01 10:55:02,CREDIT,ACC-1091,"{""source"": ""mock_ledger"", ""environment"": ""hackathon"", ""accountType"": ""merchant_settlement""}"
TXN-90022,LED-90022,POSTED,12500.0,INR,2026-08-01 11:10:02,CREDIT,ACC-1083,"{""source"": ""mock_ledger"", ""environment"": ""hackathon"", ""accountType"": ""merchant_settlement""}"
TXN-90023,LED-90023,POSTED,1999.0,INR,2026-08-01 11:26:52,CREDIT,ACC-1064,"{""source"": ""mock_ledger"", ""environment"": ""hackathon"", ""accountType"": ""merchant_settlement""}"
TXN-90024,LED-90024,POSTED,4999.0,INR,2026-08-01 11:33:14,CREDIT,ACC-1029,"{""source"": ""mock_ledger"", ""environment"": ""hackathon"", ""accountType"": ""merchant_settlement""}"
TXN-90025,LED-90025,POSTED,499.0,INR,2026-08-01 11:36:58,CREDIT,ACC-1005,"{""source"": ""mock_ledger"", ""environment"": ""hackathon"", ""accountType"": ""merchant_settlement""}"
TXN-90026,LED-90026,POSTED,199.0,INR,2026-08-01 11:42:23,CREDIT,ACC-1008,"{""source"": ""mock_ledger"", ""environment"": ""hackathon"", ""accountType"": ""merchant_settlement""}"
TXN-90027,LED-90027,POSTED,199.0,INR,2026-08-01 11:52:26,CREDIT,ACC-1021,"{""source"": ""mock_ledger"", ""environment"": ""hackathon"", ""accountType"": ""merchant_settlement""}"
TXN-90028,LED-90028,POSTED,999.0,INR,2026-08-01 11:57:49,CREDIT,ACC-1070,"{""source"": ""mock_ledger"", ""environment"": ""hackathon"", ""accountType"": ""merchant_settlement""}"
TXN-90030,LED-90030,POSTED,1599.0,INR,2026-08-01 12:08:21,CREDIT,ACC-1079,"{""source"": ""mock_ledger"", ""environment"": ""hackathon"", ""accountType"": ""merchant_settlement""}"
TXN-90031,LED-90031,POSTED,6750.0,INR,2026-08-01 12:01:50,CREDIT,ACC-1047,"{""source"": ""mock_ledger"", ""environment"": ""hackathon"", ""accountType"": ""merchant_settlement""}"
TXN-90032,LED-90032,POSTED,999.0,INR,2026-08-01 12:22:31,CREDIT,ACC-1025,"{""source"": ""mock_ledger"", ""environment"": ""hackathon"", ""accountType"": ""merchant_settlement""}"
TXN-90033,LED-90033,POSTED,4999.0,INR,2026-08-01 12:33:59,CREDIT,ACC-1015,"{""source"": ""mock_ledger"", ""environment"": ""hackathon"", ""accountType"": ""merchant_settlement""}"
TXN-90034,LED-90034,POSTED,499.0,INR,2026-08-01 12:23:49,CREDIT,ACC-1079,"{""source"": ""mock_ledger"", ""environment"": ""hackathon"", ""accountType"": ""merchant_settlement""}"
TXN-90035,LED-90035,POSTED,1599.0,INR,2026-08-01 12:50:55,CREDIT,ACC-1008,"{""source"": ""mock_ledger"", ""environment"": ""hackathon"", ""accountType"": ""merchant_settlement""}"
TXN-90036,LED-90036,POSTED,799.0,INR,2026-08-01 12:47:27,CREDIT,ACC-1024,"{""source"": ""mock_ledger"", ""environment"": ""hackathon"", ""accountType"": ""merchant_settlement""}"
TXN-90037,LED-90037,POSTED,6750.0,INR,2026-08-01 12:57:02,CREDIT,ACC-1067,"{""source"": ""mock_ledger"", ""environment"": ""hackathon"", ""accountType"": ""merchant_settlement""}"
TXN-90038,LED-90038,POSTED,299.0,INR,2026-08-01 13:02:35,CREDIT,ACC-1052,"{""source"": ""mock_ledger"", ""environment"": ""hackathon"", ""accountType"": ""merchant_settlement""}"
TXN-90040,LED-90040,POSTED,12500.0,INR,2026-08-01 13:26:52,CREDIT,ACC-1068,"{""source"": ""mock_ledger"", ""environment"": ""hackathon"", ""accountType"": ""merchant_settlement""}"
TXN-90041,LED-90041,POSTED,299.0,INR,2026-08-01 13:27:46,CREDIT,ACC-1052,"{""source"": ""mock_ledger"", ""environment"": ""hackathon"", ""accountType"": ""merchant_settlement""}"
TXN-90043,LED-90043,POSTED,1599.0,INR,2026-08-01 13:48:37,CREDIT,ACC-1087,"{""source"": ""mock_ledger"", ""environment"": ""hackathon"", ""accountType"": ""merchant_settlement""}"
TXN-90044,LED-90044,POSTED,799.0,INR,2026-08-01 13:40:25,CREDIT,ACC-1090,"{""source"": ""mock_ledger"", ""environment"": ""hackathon"", ""accountType"": ""merchant_settlement""}"
TXN-90045,LED-90045,POSTED,12500.0,INR,2026-08-01 13:57:47,CREDIT,ACC-1018,"{""source"": ""mock_ledger"", ""environment"": ""hackathon"", ""accountType"": ""merchant_settlement""}"
TXN-90046,LED-90046,POSTED,2499.0,INR,2026-08-01 13:45:59,CREDIT,ACC-1062,"{""source"": ""mock_ledger"", ""environment"": ""hackathon"", ""accountType"": ""merchant_settlement""}"
TXN-90047,LED-90047,POSTED,3499.0,INR,2026-08-01 14:00:38,CREDIT,ACC-1011,"{""source"": ""mock_ledger"", ""environment"": ""hackathon"", ""accountType"": ""merchant_settlement""}"
TXN-90048,LED-90048,POSTED,3499.0,INR,2026-08-01 14:05:12,CREDIT,ACC-1086,"{""source"": ""mock_ledger"", ""environment"": ""hackathon"", ""accountType"": ""merchant_settlement""}"
TXN-90049,LED-90049,POSTED,4999.0,INR,2026-08-01 14:19:54,CREDIT,ACC-1023,"{""source"": ""mock_ledger"", ""environment"": ""hackathon"", ""accountType"": ""merchant_settlement""}"
TXN-90051,LED-90051,POSTED,1599.0,INR,2026-08-01 14:23:24,CREDIT,ACC-1003,"{""source"": ""mock_ledger"", ""environment"": ""hackathon"", ""accountType"": ""merchant_settlement""}"
TXN-90052,LED-90052,POSTED,4999.0,INR,2026-08-01 14:24:36,CREDIT,ACC-1060,"{""source"": ""mock_ledger"", ""environment"": ""hackathon"", ""accountType"": ""merchant_settlement""}"
TXN-90053,LED-90053,POSTED,4200.0,INR,2026-08-01 14:47:10,CREDIT,ACC-1006,"{""source"": ""mock_ledger"", ""environment"": ""hackathon"", ""accountType"": ""merchant_settlement""}"
TXN-90054,LED-90054,POSTED,999.0,INR,2026-08-01 15:03:11,CREDIT,ACC-1017,"{""source"": ""mock_ledger"", ""environment"": ""hackathon"", ""accountType"": ""merchant_settlement""}"
TXN-90055,LED-90055,POSTED,4999.0,INR,2026-08-01 15:08:36,CREDIT,ACC-1085,"{""source"": ""mock_ledger"", ""environment"": ""hackathon"", ""accountType"": ""merchant_settlement""}"
TXN-90057,LED-90057,POSTED,199.0,INR,2026-08-01 15:10:30,CREDIT,ACC-1086,"{""source"": ""mock_ledger"", ""environment"": ""hackathon"", ""accountType"": ""merchant_settlement""}"
TXN-90058,LED-90058,POSTED,6750.0,INR,2026-08-01 15:18:24,CREDIT,ACC-1079,"{""source"": ""mock_ledger"", ""environment"": ""hackathon"", ""accountType"": ""merchant_settlement""}"
TXN-90059,LED-90059,POSTED,12500.0,INR,2026-08-01 15:35:18,CREDIT,ACC-1054,"{""source"": ""mock_ledger"", ""environment"": ""hackathon"", ""accountType"": ""merchant_settlement""}"
TXN-90060,LED-90060,POSTED,4999.0,INR,2026-08-01 15:30:04,CREDIT,ACC-1052,"{""source"": ""mock_ledger"", ""environment"": ""hackathon"", ""accountType"": ""merchant_settlement""}"
TXN-90062,LED-90062,POSTED,499.0,INR,2026-08-01 15:42:56,CREDIT,ACC-1076,"{""source"": ""mock_ledger"", ""environment"": ""hackathon"", ""accountType"": ""merchant_settlement""}"
TXN-90063,LED-90063,POSTED,299.0,INR,2026-08-01 16:04:12,CREDIT,ACC-1016,"{""source"": ""mock_ledger"", ""environment"": ""hackathon"", ""accountType"": ""merchant_settlement""}"
TXN-90064,LED-90064,POSTED,299.0,INR,2026-08-01 16:06:39,CREDIT,ACC-1057,"{""source"": ""mock_ledger"", ""environment"": ""hackathon"", ""accountType"": ""merchant_settlement""}"
TXN-90066,LED-90066,POSTED,199.0,INR,2026-08-01 16:29:53,CREDIT,ACC-1014,"{""source"": ""mock_ledger"", ""environment"": ""hackathon"", ""accountType"": ""merchant_settlement""}"
TXN-90067,LED-90067,POSTED,799.0,INR,2026-08-01 16:14:54,CREDIT,ACC-1044,"{""source"": ""mock_ledger"", ""environment"": ""hackathon"", ""accountType"": ""merchant_settlement""}"
TXN-90068,LED-90068,POSTED,799.0,INR,2026-08-01 16:25:39,CREDIT,ACC-1066,"{""source"": ""mock_ledger"", ""environment"": ""hackathon"", ""accountType"": ""merchant_settlement""}"
TXN-90069,LED-90069,POSTED,999.0,INR,2026-08-01 16:41:00,CREDIT,ACC-1022,"{""source"": ""mock_ledger"", ""environment"": ""hackathon"", ""accountType"": ""merchant_settlement""}"
TXN-90071,LED-90071,POSTED,12500.0,INR,2026-08-01 16:50:47,CREDIT,ACC-1024,"{""source"": ""mock_ledger"", ""environment"": ""hackathon"", ""accountType"": ""merchant_settlement""}"
TXN-90072,LED-90072,POSTED,1599.0,INR,2026-08-01 16:21:11,CREDIT,ACC-1073,"{""source"": ""mock_ledger"", ""environment"": ""hackathon"", ""accountType"": ""merchant_settlement""}"
TXN-90073,LED-90073,POSTED,2899.0,INR,2026-08-01 16:52:51,CREDIT,ACC-1016,"{""source"": ""mock_ledger"", ""environment"": ""hackathon"", ""accountType"": ""merchant_settlement""}"
TXN-90074,LED-90074,POSTED,999.0,INR,2026-08-01 16:37:12,CREDIT,ACC-1050,"{""source"": ""mock_ledger"", ""environment"": ""hackathon"", ""accountType"": ""merchant_settlement""}"
TXN-90075,LED-90075,POSTED,299.0,INR,2026-08-01 17:13:36,CREDIT,ACC-1040,"{""source"": ""mock_ledger"", ""environment"": ""hackathon"", ""accountType"": ""merchant_settlement""}"
TXN-90076,LED-90076,POSTED,799.0,INR,2026-08-01 17:27:59,CREDIT,ACC-1067,"{""source"": ""mock_ledger"", ""environment"": ""hackathon"", ""accountType"": ""merchant_settlement""}"
TXN-90077,LED-90077,POSTED,199.0,INR,2026-08-01 17:29:35,CREDIT,ACC-1011,"{""source"": ""mock_ledger"", ""environment"": ""hackathon"", ""accountType"": ""merchant_settlement""}"
TXN-90079,LED-90079,POSTED,2499.0,INR,2026-08-01 17:50:06,CREDIT,ACC-1091,"{""source"": ""mock_ledger"", ""environment"": ""hackathon"", ""accountType"": ""merchant_settlement""}"
TXN-90080,LED-90080,POSTED,6750.0,INR,2026-08-01 17:57:28,CREDIT,ACC-1048,"{""source"": ""mock_ledger"", ""environment"": ""hackathon"", ""accountType"": ""merchant_settlement""}"
TXN-90081,LED-90081,POSTED,1599.0,INR,2026-08-01 18:10:37,CREDIT,ACC-1053,"{""source"": ""mock_ledger"", ""environment"": ""hackathon"", ""accountType"": ""merchant_settlement""}"
TXN-90082,LED-90082,POSTED,1599.0,INR,2026-08-01 18:15:39,CREDIT,ACC-1066,"{""source"": ""mock_ledger"", ""environment"": ""hackathon"", ""accountType"": ""merchant_settlement""}"
TXN-90083,LED-90083,POSTED,1999.0,INR,2026-08-01 18:20:56,CREDIT,ACC-1096,"{""source"": ""mock_ledger"", ""environment"": ""hackathon"", ""accountType"": ""merchant_settlement""}"
TXN-90084,LED-90084,POSTED,2499.0,INR,2026-08-01 18:22:59,CREDIT,ACC-1008,"{""source"": ""mock_ledger"", ""environment"": ""hackathon"", ""accountType"": ""merchant_settlement""}"
TXN-90085,LED-90085,POSTED,799.0,INR,2026-08-01 18:24:40,CREDIT,ACC-1084,"{""source"": ""mock_ledger"", ""environment"": ""hackathon"", ""accountType"": ""merchant_settlement""}"
TXN-90086,LED-90086,POSTED,199.0,INR,2026-08-01 18:29:38,CREDIT,ACC-1044,"{""source"": ""mock_ledger"", ""environment"": ""hackathon"", ""accountType"": ""merchant_settlement""}"
TXN-90087,LED-90087,POSTED,1250.0,INR,2026-08-01 18:43:03,CREDIT,ACC-1097,"{""source"": ""mock_ledger"", ""environment"": ""hackathon"", ""accountType"": ""merchant_settlement""}"
TXN-90088,LED-90088,POSTED,799.0,INR,2026-08-01 18:54:26,CREDIT,ACC-1062,"{""source"": ""mock_ledger"", ""environment"": ""hackathon"", ""accountType"": ""merchant_settlement""}"
TXN-90090,LED-90090,POSTED,12500.0,INR,2026-08-01 19:14:01,CREDIT,ACC-1099,"{""source"": ""mock_ledger"", ""environment"": ""hackathon"", ""accountType"": ""merchant_settlement""}"
TXN-90091,LED-90091,POSTED,12500.0,INR,2026-08-01 19:22:47,CREDIT,ACC-1077,"{""source"": ""mock_ledger"", ""environment"": ""hackathon"", ""accountType"": ""merchant_settlement""}"
TXN-90092,LED-90092,POSTED,199.0,INR,2026-08-01 19:18:52,CREDIT,ACC-1056,"{""source"": ""mock_ledger"", ""environment"": ""hackathon"", ""accountType"": ""merchant_settlement""}"
TXN-90093,LED-90093,POSTED,1499.0,INR,2026-08-01 19:23:06,CREDIT,ACC-1036,"{""source"": ""mock_ledger"", ""environment"": ""hackathon"", ""accountType"": ""merchant_settlement""}"
TXN-90094,LED-90094,POSTED,3499.0,INR,2026-08-01 19:41:28,CREDIT,ACC-1036,"{""source"": ""mock_ledger"", ""environment"": ""hackathon"", ""accountType"": ""merchant_settlement""}"
TXN-90095,LED-90095,POSTED,1250.0,INR,2026-08-01 19:30:55,CREDIT,ACC-1045,"{""source"": ""mock_ledger"", ""environment"": ""hackathon"", ""accountType"": ""merchant_settlement""}"
TXN-90096,LED-90096,POSTED,1999.0,INR,2026-08-01 19:50:15,CREDIT,ACC-1084,"{""source"": ""mock_ledger"", ""environment"": ""hackathon"", ""accountType"": ""merchant_settlement""}"
TXN-90097,LED-90097,POSTED,4999.0,INR,2026-08-01 19:42:28,CREDIT,ACC-1078,"{""source"": ""mock_ledger"", ""environment"": ""hackathon"", ""accountType"": ""merchant_settlement""}"
TXN-90098,LED-90098,POSTED,799.0,INR,2026-08-01 20:12:24,CREDIT,ACC-1005,"{""source"": ""mock_ledger"", ""environment"": ""hackathon"", ""accountType"": ""merchant_settlement""}"
TXN-90099,LED-90099,POSTED,1999.0,INR,2026-08-01 20:09:51,CREDIT,ACC-1008,"{""source"": ""mock_ledger"", ""environment"": ""hackathon"", ""accountType"": ""merchant_settlement""}"
TXN-90100,LED-90100,POSTED,2499.0,INR,2026-08-01 20:25:12,CREDIT,ACC-1047,"{""source"": ""mock_ledger"", ""environment"": ""hackathon"", ""accountType"": ""merchant_settlement""}"
TXN-90101,LED-90101,POSTED,2899.0,INR,2026-08-01 20:11:27,CREDIT,ACC-1057,"{""source"": ""mock_ledger"", ""environment"": ""hackathon"", ""accountType"": ""merchant_settlement""}"
TXN-90102,LED-90102,POSTED,1599.0,INR,2026-08-01 20:19:12,CREDIT,ACC-1014,"{""source"": ""mock_ledger"", ""environment"": ""hackathon"", ""accountType"": ""merchant_settlement""}"
TXN-90104,LED-90104,POSTED,1599.0,INR,2026-08-01 20:36:03,CREDIT,ACC-1034,"{""source"": ""mock_ledger"", ""environment"": ""hackathon"", ""accountType"": ""merchant_settlement""}"
TXN-90105,LED-90105,POSTED,12500.0,INR,2026-08-01 20:57:09,CREDIT,ACC-1023,"{""source"": ""mock_ledger"", ""environment"": ""hackathon"", ""accountType"": ""merchant_settlement""}"
TXN-90106,LED-90106,POSTED,12500.0,INR,2026-08-01 20:54:25,CREDIT,ACC-1089,"{""source"": ""mock_ledger"", ""environment"": ""hackathon"", ""accountType"": ""merchant_settlement""}"
TXN-90107,LED-90107,POSTED,6750.0,INR,2026-08-01 21:10:22,CREDIT,ACC-1045,"{""source"": ""mock_ledger"", ""environment"": ""hackathon"", ""accountType"": ""merchant_settlement""}"
TXN-90108,LED-90108,POSTED,3499.0,INR,2026-08-01 21:18:54,CREDIT,ACC-1049,"{""source"": ""mock_ledger"", ""environment"": ""hackathon"", ""accountType"": ""merchant_settlement""}"
TXN-90109,LED-90109,POSTED,4999.0,INR,2026-08-01 21:20:44,CREDIT,ACC-1038,"{""source"": ""mock_ledger"", ""environment"": ""hackathon"", ""accountType"": ""merchant_settlement""}"
TXN-90110,LED-90110,POSTED,1250.0,INR,2026-08-01 21:10:45,CREDIT,ACC-1047,"{""source"": ""mock_ledger"", ""environment"": ""hackathon"", ""accountType"": ""merchant_settlement""}"
TXN-90111,LED-90111,POSTED,2499.0,INR,2026-08-01 21:27:46,CREDIT,ACC-1039,"{""source"": ""mock_ledger"", ""environment"": ""hackathon"", ""accountType"": ""merchant_settlement""}"
TXN-90113,LED-90113,POSTED,499.0,INR,2026-08-01 22:00:53,CREDIT,ACC-1050,"{""source"": ""mock_ledger"", ""environment"": ""hackathon"", ""accountType"": ""merchant_settlement""}"
TXN-90114,LED-90114,POSTED,2899.0,INR,2026-08-01 21:53:44,CREDIT,ACC-1087,"{""source"": ""mock_ledger"", ""environment"": ""hackathon"", ""accountType"": ""merchant_settlement""}"
TXN-90115,LED-90115,POSTED,4999.0,INR,2026-08-01 21:47:50,CREDIT,ACC-1100,"{""source"": ""mock_ledger"", ""environment"": ""hackathon"", ""accountType"": ""merchant_settlement""}"
TXN-90116,LED-90116,POSTED,8999.0,INR,2026-08-01 21:56:11,CREDIT,ACC-1054,"{""source"": ""mock_ledger"", ""environment"": ""hackathon"", ""accountType"": ""merchant_settlement""}"
TXN-90117,LED-90117,POSTED,299.0,INR,2026-08-01 22:13:44,CREDIT,ACC-1086,"{""source"": ""mock_ledger"", ""environment"": ""hackathon"", ""accountType"": ""merchant_settlement""}"
TXN-90118,LED-90118,POSTED,2499.0,INR,2026-08-01 22:17:07,CREDIT,ACC-1013,"{""source"": ""mock_ledger"", ""environment"": ""hackathon"", ""accountType"": ""merchant_settlement""}"
TXN-90119,LED-90119,POSTED,2899.0,INR,2026-08-01 22:20:33,CREDIT,ACC-1012,"{""source"": ""mock_ledger"", ""environment"": ""hackathon"", ""accountType"": ""merchant_settlement""}"
TXN-90120,LED-90120,POSTED,2499.0,INR,2026-08-01 22:47:53,CREDIT,ACC-1048,"{""source"": ""mock_ledger"", ""environment"": ""hackathon"", ""accountType"": ""merchant_settlement""}"
TXN-90121,LED-90121,POSTED,999.0,INR,2026-08-01 22:54:15,CREDIT,ACC-1030,"{""source"": ""mock_ledger"", ""environment"": ""hackathon"", ""accountType"": ""merchant_settlement""}"
TXN-90122,LED-90122,POSTED,3499.0,INR,2026-08-01 22:09:59,CREDIT,ACC-1063,"{""source"": ""mock_ledger"", ""environment"": ""hackathon"", ""accountType"": ""merchant_settlement""}"
TXN-90123,LED-90123,POSTED,4999.0,INR,2026-08-01 22:46:53,CREDIT,ACC-1019,"{""source"": ""mock_ledger"", ""environment"": ""hackathon"", ""accountType"": ""merchant_settlement""}"
TXN-90124,LED-90124,POSTED,199.0,INR,2026-08-01 23:16:07,CREDIT,ACC-1048,"{""source"": ""mock_ledger"", ""environment"": ""hackathon"", ""accountType"": ""merchant_settlement""}"
TXN-90125,LED-90125,POSTED,3499.0,INR,2026-08-01 23:15:47,CREDIT,ACC-1008,"{""source"": ""mock_ledger"", ""environment"": ""hackathon"", ""accountType"": ""merchant_settlement""}"
TXN-90126,LED-90126,POSTED,1250.0,INR,2026-08-01 23:26:56,CREDIT,ACC-1041,"{""source"": ""mock_ledger"", ""environment"": ""hackathon"", ""accountType"": ""merchant_settlement""}"
TXN-90128,LED-90128,POSTED,499.0,INR,2026-08-01 23:26:51,CREDIT,ACC-1080,"{""source"": ""mock_ledger"", ""environment"": ""hackathon"", ""accountType"": ""merchant_settlement""}"
TXN-90129,LED-90129,POSTED,4200.0,INR,2026-08-01 23:27:09,CREDIT,ACC-1072,"{""source"": ""mock_ledger"", ""environment"": ""hackathon"", ""accountType"": ""merchant_settlement""}"
TXN-90130,LED-90130,POSTED,6750.0,INR,2026-08-01 23:32:13,CREDIT,ACC-1074,"{""source"": ""mock_ledger"", ""environment"": ""hackathon"", ""accountType"": ""merchant_settlement""}"
TXN-90131,LED-90131,POSTED,12500.0,INR,2026-08-01 23:46:00,CREDIT,ACC-1073,"{""source"": ""mock_ledger"", ""environment"": ""hackathon"", ""accountType"": ""merchant_settlement""}"
TXN-90132,LED-90132,POSTED,199.0,INR,2026-08-01 23:52:57,CREDIT,ACC-1062,"{""source"": ""mock_ledger"", ""environment"": ""hackathon"", ""accountType"": ""merchant_settlement""}"
TXN-90134,LED-90134,POSTED,199.0,INR,2026-08-02 00:07:13,CREDIT,ACC-1099,"{""source"": ""mock_ledger"", ""environment"": ""hackathon"", ""accountType"": ""merchant_settlement""}"
TXN-90136,LED-90136,POSTED,999.0,INR,2026-08-02 00:40:19,CREDIT,ACC-1006,"{""source"": ""mock_ledger"", ""environment"": ""hackathon"", ""accountType"": ""merchant_settlement""}"
TXN-90137,LED-90137,POSTED,6750.0,INR,2026-08-02 00:44:34,CREDIT,ACC-1015,"{""source"": ""mock_ledger"", ""environment"": ""hackathon"", ""accountType"": ""merchant_settlement""}"
TXN-90138,LED-90138,POSTED,999.0,INR,2026-08-02 00:48:55,CREDIT,ACC-1019,"{""source"": ""mock_ledger"", ""environment"": ""hackathon"", ""accountType"": ""merchant_settlement""}"
TXN-90139,LED-90139,POSTED,499.0,INR,2026-08-02 00:38:20,CREDIT,ACC-1063,"{""source"": ""mock_ledger"", ""environment"": ""hackathon"", ""accountType"": ""merchant_settlement""}"
TXN-90140,LED-90140,POSTED,4200.0,INR,2026-08-02 00:55:21,CREDIT,ACC-1088,"{""source"": ""mock_ledger"", ""environment"": ""hackathon"", ""accountType"": ""merchant_settlement""}"
TXN-90141,LED-90141,POSTED,1250.0,INR,2026-08-02 01:12:35,CREDIT,ACC-1020,"{""source"": ""mock_ledger"", ""environment"": ""hackathon"", ""accountType"": ""merchant_settlement""}"
TXN-90142,LED-90142,POSTED,499.0,INR,2026-08-02 01:11:56,CREDIT,ACC-1074,"{""source"": ""mock_ledger"", ""environment"": ""hackathon"", ""accountType"": ""merchant_settlement""}"
TXN-90143,LED-90143,POSTED,499.0,INR,2026-08-02 01:24:27,CREDIT,ACC-1002,"{""source"": ""mock_ledger"", ""environment"": ""hackathon"", ""accountType"": ""merchant_settlement""}"
TXN-90144,LED-90144,POSTED,8999.0,INR,2026-08-02 01:24:25,CREDIT,ACC-1087,"{""source"": ""mock_ledger"", ""environment"": ""hackathon"", ""accountType"": ""merchant_settlement""}"
TXN-90145,LED-90145,POSTED,1999.0,INR,2026-08-02 01:38:45,CREDIT,ACC-1052,"{""source"": ""mock_ledger"", ""environment"": ""hackathon"", ""accountType"": ""merchant_settlement""}"
TXN-90146,LED-90146,POSTED,199.0,INR,2026-08-02 01:35:24,CREDIT,ACC-1024,"{""source"": ""mock_ledger"", ""environment"": ""hackathon"", ""accountType"": ""merchant_settlement""}"
TXN-90147,LED-90147,POSTED,6750.0,INR,2026-08-02 01:41:50,CREDIT,ACC-1069,"{""source"": ""mock_ledger"", ""environment"": ""hackathon"", ""accountType"": ""merchant_settlement""}"
TXN-90148,LED-90148,POSTED,4200.0,INR,2026-08-02 01:53:22,CREDIT,ACC-1005,"{""source"": ""mock_ledger"", ""environment"": ""hackathon"", ""accountType"": ""merchant_settlement""}"
TXN-90149,LED-90149,POSTED,1499.0,INR,2026-08-02 02:01:26,CREDIT,ACC-1056,"{""source"": ""mock_ledger"", ""environment"": ""hackathon"", ""accountType"": ""merchant_settlement""}"
TXN-90150,LED-90150,POSTED,12500.0,INR,2026-08-02 02:05:18,CREDIT,ACC-1027,"{""source"": ""mock_ledger"", ""environment"": ""hackathon"", ""accountType"": ""merchant_settlement""}"
TXN-90151,LED-90151,POSTED,299.0,INR,2026-08-02 02:17:36,CREDIT,ACC-1027,"{""source"": ""mock_ledger"", ""environment"": ""hackathon"", ""accountType"": ""merchant_settlement""}"
TXN-90152,LED-90152,POSTED,12500.0,INR,2026-08-02 02:15:25,CREDIT,ACC-1008,"{""source"": ""mock_ledger"", ""environment"": ""hackathon"", ""accountType"": ""merchant_settlement""}"
TXN-90153,LED-90153,POSTED,499.0,INR,2026-08-02 02:19:36,CREDIT,ACC-1007,"{""source"": ""mock_ledger"", ""environment"": ""hackathon"", ""accountType"": ""merchant_settlement""}"
TXN-90154,LED-90154,POSTED,999.0,INR,2026-08-02 02:25:32,CREDIT,ACC-1035,"{""source"": ""mock_ledger"", ""environment"": ""hackathon"", ""accountType"": ""merchant_settlement""}"
TXN-90155,LED-90155,POSTED,1499.0,INR,2026-08-02 02:42:20,CREDIT,ACC-1011,"{""source"": ""mock_ledger"", ""environment"": ""hackathon"", ""accountType"": ""merchant_settlement""}"
TXN-90157,LED-90157,POSTED,8999.0,INR,2026-08-02 02:55:35,CREDIT,ACC-1062,"{""source"": ""mock_ledger"", ""environment"": ""hackathon"", ""accountType"": ""merchant_settlement""}"
TXN-90158,LED-90158,POSTED,1250.0,INR,2026-08-02 03:06:26,CREDIT,ACC-1042,"{""source"": ""mock_ledger"", ""environment"": ""hackathon"", ""accountType"": ""merchant_settlement""}"
TXN-90159,LED-90159,POSTED,299.0,INR,2026-08-02 03:20:46,CREDIT,ACC-1008,"{""source"": ""mock_ledger"", ""environment"": ""hackathon"", ""accountType"": ""merchant_settlement""}"
TXN-90160,LED-90160,POSTED,2499.0,INR,2026-08-02 03:05:40,CREDIT,ACC-1016,"{""source"": ""mock_ledger"", ""environment"": ""hackathon"", ""accountType"": ""merchant_settlement""}"
TXN-90161,LED-90161,POSTED,4999.0,INR,2026-08-02 03:27:15,CREDIT,ACC-1028,"{""source"": ""mock_ledger"", ""environment"": ""hackathon"", ""accountType"": ""merchant_settlement""}"
TXN-90163,LED-90163,POSTED,3499.0,INR,2026-08-02 03:47:07,CREDIT,ACC-1020,"{""source"": ""mock_ledger"", ""environment"": ""hackathon"", ""accountType"": ""merchant_settlement""}"
TXN-90164,LED-90164,POSTED,3499.0,INR,2026-08-02 03:33:14,CREDIT,ACC-1019,"{""source"": ""mock_ledger"", ""environment"": ""hackathon"", ""accountType"": ""merchant_settlement""}"
TXN-90165,LED-90165,POSTED,8999.0,INR,2026-08-02 03:56:08,CREDIT,ACC-1044,"{""source"": ""mock_ledger"", ""environment"": ""hackathon"", ""accountType"": ""merchant_settlement""}"
TXN-90166,LED-90166,POSTED,2499.0,INR,2026-08-02 03:54:40,CREDIT,ACC-1037,"{""source"": ""mock_ledger"", ""environment"": ""hackathon"", ""accountType"": ""merchant_settlement""}"
TXN-90167,LED-90167,POSTED,4200.0,INR,2026-08-02 04:12:55,CREDIT,ACC-1084,"{""source"": ""mock_ledger"", ""environment"": ""hackathon"", ""accountType"": ""merchant_settlement""}"
TXN-90168,LED-90168,POSTED,1250.0,INR,2026-08-02 04:05:25,CREDIT,ACC-1079,"{""source"": ""mock_ledger"", ""environment"": ""hackathon"", ""accountType"": ""merchant_settlement""}"
TXN-90169,LED-90169,POSTED,1250.0,INR,2026-08-02 04:26:12,CREDIT,ACC-1037,"{""source"": ""mock_ledger"", ""environment"": ""hackathon"", ""accountType"": ""merchant_settlement""}"
TXN-90170,LED-90170,POSTED,1250.0,INR,2026-08-02 04:20:52,CREDIT,ACC-1093,"{""source"": ""mock_ledger"", ""environment"": ""hackathon"", ""accountType"": ""merchant_settlement""}"
TXN-90171,LED-90171,POSTED,1999.0,INR,2026-08-02 04:34:33,CREDIT,ACC-1059,"{""source"": ""mock_ledger"", ""environment"": ""hackathon"", ""accountType"": ""merchant_settlement""}"
TXN-90172,LED-90172,POSTED,1599.0,INR,2026-08-02 04:42:36,CREDIT,ACC-1087,"{""source"": ""mock_ledger"", ""environment"": ""hackathon"", ""accountType"": ""merchant_settlement""}"
TXN-90173,LED-90173,POSTED,4999.0,INR,2026-08-02 04:45:55,CREDIT,ACC-1080,"{""source"": ""mock_ledger"", ""environment"": ""hackathon"", ""accountType"": ""merchant_settlement""}"
TXN-90174,LED-90174,POSTED,1599.0,INR,2026-08-02 04:47:44,CREDIT,ACC-1006,"{""source"": ""mock_ledger"", ""environment"": ""hackathon"", ""accountType"": ""merchant_settlement""}"
TXN-90175,LED-90175,POSTED,1599.0,INR,2026-08-02 05:09:40,CREDIT,ACC-1060,"{""source"": ""mock_ledger"", ""environment"": ""hackathon"", ""accountType"": ""merchant_settlement""}"
TXN-90176,LED-90176,POSTED,1599.0,INR,2026-08-02 04:31:36,CREDIT,ACC-1058,"{""source"": ""mock_ledger"", ""environment"": ""hackathon"", ""accountType"": ""merchant_settlement""}"
TXN-90177,LED-90177,POSTED,1250.0,INR,2026-08-02 05:20:14,CREDIT,ACC-1035,"{""source"": ""mock_ledger"", ""environment"": ""hackathon"", ""accountType"": ""merchant_settlement""}"
TXN-90178,LED-90178,POSTED,2499.0,INR,2026-08-02 05:15:08,CREDIT,ACC-1097,"{""source"": ""mock_ledger"", ""environment"": ""hackathon"", ""accountType"": ""merchant_settlement""}"
TXN-90179,LED-90179,POSTED,1599.0,INR,2026-08-02 05:37:08,CREDIT,ACC-1080,"{""source"": ""mock_ledger"", ""environment"": ""hackathon"", ""accountType"": ""merchant_settlement""}"
TXN-90180,LED-90180,POSTED,199.0,INR,2026-08-02 05:27:27,CREDIT,ACC-1031,"{""source"": ""mock_ledger"", ""environment"": ""hackathon"", ""accountType"": ""merchant_settlement""}"
TXN-90181,LED-90181,POSTED,4999.0,INR,2026-08-02 05:34:32,CREDIT,ACC-1039,"{""source"": ""mock_ledger"", ""environment"": ""hackathon"", ""accountType"": ""merchant_settlement""}"
TXN-90182,LED-90182,POSTED,8999.0,INR,2026-08-02 05:51:51,CREDIT,ACC-1023,"{""source"": ""mock_ledger"", ""environment"": ""hackathon"", ""accountType"": ""merchant_settlement""}"
TXN-90184,LED-90184,POSTED,3499.0,INR,2026-08-02 05:51:15,CREDIT,ACC-1076,"{""source"": ""mock_ledger"", ""environment"": ""hackathon"", ""accountType"": ""merchant_settlement""}"
TXN-90186,LED-90186,POSTED,1599.0,INR,2026-08-02 06:25:54,CREDIT,ACC-1006,"{""source"": ""mock_ledger"", ""environment"": ""hackathon"", ""accountType"": ""merchant_settlement""}"
TXN-90187,LED-90187,POSTED,6750.0,INR,2026-08-02 06:35:55,CREDIT,ACC-1039,"{""source"": ""mock_ledger"", ""environment"": ""hackathon"", ""accountType"": ""merchant_settlement""}"
TXN-90188,LED-90188,POSTED,4999.0,INR,2026-08-02 06:23:48,CREDIT,ACC-1050,"{""source"": ""mock_ledger"", ""environment"": ""hackathon"", ""accountType"": ""merchant_settlement""}"
TXN-90189,LED-90189,POSTED,4999.0,INR,2026-08-02 06:28:45,CREDIT,ACC-1046,"{""source"": ""mock_ledger"", ""environment"": ""hackathon"", ""accountType"": ""merchant_settlement""}"
TXN-90190,LED-90190,POSTED,999.0,INR,2026-08-02 06:48:24,CREDIT,ACC-1033,"{""source"": ""mock_ledger"", ""environment"": ""hackathon"", ""accountType"": ""merchant_settlement""}"
TXN-90191,LED-90191,POSTED,4200.0,INR,2026-08-02 06:45:49,CREDIT,ACC-1063,"{""source"": ""mock_ledger"", ""environment"": ""hackathon"", ""accountType"": ""merchant_settlement""}"
TXN-90192,LED-90192,POSTED,1250.0,INR,2026-08-02 06:56:11,CREDIT,ACC-1019,"{""source"": ""mock_ledger"", ""environment"": ""hackathon"", ""accountType"": ""merchant_settlement""}"
TXN-90193,LED-90193,POSTED,4999.0,INR,2026-08-02 07:21:50,CREDIT,ACC-1076,"{""source"": ""mock_ledger"", ""environment"": ""hackathon"", ""accountType"": ""merchant_settlement""}"
TXN-90195,LED-90195,POSTED,4999.0,INR,2026-08-02 07:23:09,CREDIT,ACC-1096,"{""source"": ""mock_ledger"", ""environment"": ""hackathon"", ""accountType"": ""merchant_settlement""}"
TXN-90198,LED-90198,POSTED,1250.0,INR,2026-08-02 07:46:01,CREDIT,ACC-1035,"{""source"": ""mock_ledger"", ""environment"": ""hackathon"", ""accountType"": ""merchant_settlement""}"
TXN-90200,LED-90200,POSTED,999.0,INR,2026-08-02 08:00:13,CREDIT,ACC-1036,"{""source"": ""mock_ledger"", ""environment"": ""hackathon"", ""accountType"": ""merchant_settlement""}"
TXN-90201,LED-90201,POSTED,2899.0,INR,2026-08-02 07:47:12,CREDIT,ACC-1046,"{""source"": ""mock_ledger"", ""environment"": ""hackathon"", ""accountType"": ""merchant_settlement""}"
TXN-90202,LED-90202,POSTED,3499.0,INR,2026-08-02 07:58:37,CREDIT,ACC-1045,"{""source"": ""mock_ledger"", ""environment"": ""hackathon"", ""accountType"": ""merchant_settlement""}"
TXN-90203,LED-90203,POSTED,4999.0,INR,2026-08-02 08:15:45,CREDIT,ACC-1035,"{""source"": ""mock_ledger"", ""environment"": ""hackathon"", ""accountType"": ""merchant_settlement""}"
TXN-90204,LED-90204,POSTED,499.0,INR,2026-08-02 08:21:12,CREDIT,ACC-1005,"{""source"": ""mock_ledger"", ""environment"": ""hackathon"", ""accountType"": ""merchant_settlement""}"
TXN-90205,LED-90205,POSTED,799.0,INR,2026-08-02 08:20:18,CREDIT,ACC-1051,"{""source"": ""mock_ledger"", ""environment"": ""hackathon"", ""accountType"": ""merchant_settlement""}"
TXN-90206,LED-90206,POSTED,8999.0,INR,2026-08-02 08:40:22,CREDIT,ACC-1095,"{""source"": ""mock_ledger"", ""environment"": ""hackathon"", ""accountType"": ""merchant_settlement""}"
TXN-90207,LED-90207,POSTED,3499.0,INR,2026-08-02 08:45:23,CREDIT,ACC-1035,"{""source"": ""mock_ledger"", ""environment"": ""hackathon"", ""accountType"": ""merchant_settlement""}"
TXN-90208,LED-90208,POSTED,2899.0,INR,2026-08-02 08:42:38,CREDIT,ACC-1053,"{""source"": ""mock_ledger"", ""environment"": ""hackathon"", ""accountType"": ""merchant_settlement""}"
TXN-90209,LED-90209,POSTED,6750.0,INR,2026-08-02 09:04:12,CREDIT,ACC-1067,"{""source"": ""mock_ledger"", ""environment"": ""hackathon"", ""accountType"": ""merchant_settlement""}"
TXN-90210,LED-90210,POSTED,199.0,INR,2026-08-02 09:06:25,CREDIT,ACC-1078,"{""source"": ""mock_ledger"", ""environment"": ""hackathon"", ""accountType"": ""merchant_settlement""}"
TXN-90211,LED-90211,POSTED,2499.0,INR,2026-08-02 09:03:32,CREDIT,ACC-1012,"{""source"": ""mock_ledger"", ""environment"": ""hackathon"", ""accountType"": ""merchant_settlement""}"
TXN-90212,LED-90212,POSTED,1599.0,INR,2026-08-02 09:17:53,CREDIT,ACC-1051,"{""source"": ""mock_ledger"", ""environment"": ""hackathon"", ""accountType"": ""merchant_settlement""}"
TXN-90213,LED-90213,POSTED,999.0,INR,2026-08-02 09:17:19,CREDIT,ACC-1027,"{""source"": ""mock_ledger"", ""environment"": ""hackathon"", ""accountType"": ""merchant_settlement""}"
TXN-90214,LED-90214,POSTED,199.0,INR,2026-08-02 09:25:28,CREDIT,ACC-1075,"{""source"": ""mock_ledger"", ""environment"": ""hackathon"", ""accountType"": ""merchant_settlement""}"
TXN-90215,LED-90215,POSTED,2499.0,INR,2026-08-02 09:42:59,CREDIT,ACC-1023,"{""source"": ""mock_ledger"", ""environment"": ""hackathon"", ""accountType"": ""merchant_settlement""}"
TXN-90216,LED-90216,POSTED,2499.0,INR,2026-08-02 09:37:39,CREDIT,ACC-1028,"{""source"": ""mock_ledger"", ""environment"": ""hackathon"", ""accountType"": ""merchant_settlement""}"
TXN-90217,LED-90217,POSTED,1499.0,INR,2026-08-02 09:52:27,CREDIT,ACC-1086,"{""source"": ""mock_ledger"", ""environment"": ""hackathon"", ""accountType"": ""merchant_settlement""}"
TXN-90218,LED-90218,POSTED,4999.0,INR,2026-08-02 10:15:39,CREDIT,ACC-1058,"{""source"": ""mock_ledger"", ""environment"": ""hackathon"", ""accountType"": ""merchant_settlement""}"
TXN-90219,LED-90219,POSTED,1499.0,INR,2026-08-02 09:27:56,CREDIT,ACC-1068,"{""source"": ""mock_ledger"", ""environment"": ""hackathon"", ""accountType"": ""merchant_settlement""}"
TXN-90220,LED-90220,POSTED,799.0,INR,2026-08-02 10:03:26,CREDIT,ACC-1061,"{""source"": ""mock_ledger"", ""environment"": ""hackathon"", ""accountType"": ""merchant_settlement""}"
TXN-90221,LED-90221,POSTED,6750.0,INR,2026-08-02 10:09:10,CREDIT,ACC-1092,"{""source"": ""mock_ledger"", ""environment"": ""hackathon"", ""accountType"": ""merchant_settlement""}"
TXN-90222,LED-90222,POSTED,1250.0,INR,2026-08-02 10:27:56,CREDIT,ACC-1049,"{""source"": ""mock_ledger"", ""environment"": ""hackathon"", ""accountType"": ""merchant_settlement""}"
TXN-90223,LED-90223,POSTED,4200.0,INR,2026-08-02 10:43:14,CREDIT,ACC-1045,"{""source"": ""mock_ledger"", ""environment"": ""hackathon"", ""accountType"": ""merchant_settlement""}"
TXN-90224,LED-90224,POSTED,4200.0,INR,2026-08-02 10:35:13,CREDIT,ACC-1091,"{""source"": ""mock_ledger"", ""environment"": ""hackathon"", ""accountType"": ""merchant_settlement""}"
TXN-90225,LED-90225,POSTED,1599.0,INR,2026-08-02 10:41:31,CREDIT,ACC-1030,"{""source"": ""mock_ledger"", ""environment"": ""hackathon"", ""accountType"": ""merchant_settlement""}"
TXN-90226,LED-90226,POSTED,1999.0,INR,2026-08-02 10:46:43,CREDIT,ACC-1063,"{""source"": ""mock_ledger"", ""environment"": ""hackathon"", ""accountType"": ""merchant_settlement""}"
TXN-90227,LED-90227,POSTED,799.0,INR,2026-08-02 11:09:04,CREDIT,ACC-1027,"{""source"": ""mock_ledger"", ""environment"": ""hackathon"", ""accountType"": ""merchant_settlement""}"
TXN-90228,LED-90228,POSTED,4200.0,INR,2026-08-02 11:04:36,CREDIT,ACC-1055,"{""source"": ""mock_ledger"", ""environment"": ""hackathon"", ""accountType"": ""merchant_settlement""}"
TXN-90229,LED-90229,POSTED,499.0,INR,2026-08-02 11:15:54,CREDIT,ACC-1056,"{""source"": ""mock_ledger"", ""environment"": ""hackathon"", ""accountType"": ""merchant_settlement""}"
TXN-90230,LED-90230,POSTED,2899.0,INR,2026-08-02 11:22:58,CREDIT,ACC-1029,"{""source"": ""mock_ledger"", ""environment"": ""hackathon"", ""accountType"": ""merchant_settlement""}"
TXN-90231,LED-90231,POSTED,4999.0,INR,2026-08-02 11:22:44,CREDIT,ACC-1078,"{""source"": ""mock_ledger"", ""environment"": ""hackathon"", ""accountType"": ""merchant_settlement""}"
TXN-90232,LED-90232,POSTED,1599.0,INR,2026-08-02 11:35:22,CREDIT,ACC-1045,"{""source"": ""mock_ledger"", ""environment"": ""hackathon"", ""accountType"": ""merchant_settlement""}"
TXN-90233,LED-90233,POSTED,499.0,INR,2026-08-02 11:50:27,CREDIT,ACC-1043,"{""source"": ""mock_ledger"", ""environment"": ""hackathon"", ""accountType"": ""merchant_settlement""}"
TXN-90234,LED-90234,POSTED,799.0,INR,2026-08-02 11:54:36,CREDIT,ACC-1099,"{""source"": ""mock_ledger"", ""environment"": ""hackathon"", ""accountType"": ""merchant_settlement""}"
TXN-90235,LED-90235,POSTED,199.0,INR,2026-08-02 12:07:42,CREDIT,ACC-1020,"{""source"": ""mock_ledger"", ""environment"": ""hackathon"", ""accountType"": ""merchant_settlement""}"
TXN-90236,LED-90236,POSTED,12500.0,INR,2026-08-02 12:10:45,CREDIT,ACC-1035,"{""source"": ""mock_ledger"", ""environment"": ""hackathon"", ""accountType"": ""merchant_settlement""}"
TXN-90237,LED-90237,POSTED,2499.0,INR,2026-08-02 12:11:41,CREDIT,ACC-1042,"{""source"": ""mock_ledger"", ""environment"": ""hackathon"", ""accountType"": ""merchant_settlement""}"
TXN-90238,LED-90238,POSTED,6750.0,INR,2026-08-02 12:29:33,CREDIT,ACC-1097,"{""source"": ""mock_ledger"", ""environment"": ""hackathon"", ""accountType"": ""merchant_settlement""}"
TXN-90239,LED-90239,POSTED,499.0,INR,2026-08-02 12:19:45,CREDIT,ACC-1006,"{""source"": ""mock_ledger"", ""environment"": ""hackathon"", ""accountType"": ""merchant_settlement""}"
TXN-90241,LED-90241,POSTED,1499.0,INR,2026-08-02 12:46:56,CREDIT,ACC-1027,"{""source"": ""mock_ledger"", ""environment"": ""hackathon"", ""accountType"": ""merchant_settlement""}"
TXN-90244,LED-90244,POSTED,6750.0,INR,2026-08-02 13:02:37,CREDIT,ACC-1031,"{""source"": ""mock_ledger"", ""environment"": ""hackathon"", ""accountType"": ""merchant_settlement""}"
TXN-90245,LED-90245,POSTED,1250.0,INR,2026-08-02 12:56:25,CREDIT,ACC-1042,"{""source"": ""mock_ledger"", ""environment"": ""hackathon"", ""accountType"": ""merchant_settlement""}"
TXN-90246,LED-90246,POSTED,6750.0,INR,2026-08-02 13:02:32,CREDIT,ACC-1089,"{""source"": ""mock_ledger"", ""environment"": ""hackathon"", ""accountType"": ""merchant_settlement""}"
TXN-90247,LED-90247,POSTED,8999.0,INR,2026-08-02 13:36:52,CREDIT,ACC-1019,"{""source"": ""mock_ledger"", ""environment"": ""hackathon"", ""accountType"": ""merchant_settlement""}"
TXN-90248,LED-90248,POSTED,1250.0,INR,2026-08-02 13:41:10,CREDIT,ACC-1076,"{""source"": ""mock_ledger"", ""environment"": ""hackathon"", ""accountType"": ""merchant_settlement""}"
TXN-90250,LED-90250,POSTED,799.0,INR,2026-08-02 13:44:52,CREDIT,ACC-1018,"{""source"": ""mock_ledger"", ""environment"": ""hackathon"", ""accountType"": ""merchant_settlement""}"
TXN-90251,LED-90251,POSTED,6750.0,INR,2026-08-02 13:45:28,CREDIT,ACC-1055,"{""source"": ""mock_ledger"", ""environment"": ""hackathon"", ""accountType"": ""merchant_settlement""}"
TXN-90253,LED-90253,POSTED,8999.0,INR,2026-08-02 14:19:08,CREDIT,ACC-1088,"{""source"": ""mock_ledger"", ""environment"": ""hackathon"", ""accountType"": ""merchant_settlement""}"
TXN-90254,LED-90254,POSTED,1499.0,INR,2026-08-02 14:09:58,CREDIT,ACC-1072,"{""source"": ""mock_ledger"", ""environment"": ""hackathon"", ""accountType"": ""merchant_settlement""}"
TXN-90255,LED-90255,POSTED,4200.0,INR,2026-08-02 14:25:22,CREDIT,ACC-1040,"{""source"": ""mock_ledger"", ""environment"": ""hackathon"", ""accountType"": ""merchant_settlement""}"
TXN-90256,LED-90256,POSTED,799.0,INR,2026-08-02 14:17:07,CREDIT,ACC-1052,"{""source"": ""mock_ledger"", ""environment"": ""hackathon"", ""accountType"": ""merchant_settlement""}"
TXN-90257,LED-90257,POSTED,1599.0,INR,2026-08-02 14:42:16,CREDIT,ACC-1007,"{""source"": ""mock_ledger"", ""environment"": ""hackathon"", ""accountType"": ""merchant_settlement""}"
TXN-90258,LED-90258,POSTED,12500.0,INR,2026-08-02 14:38:29,CREDIT,ACC-1003,"{""source"": ""mock_ledger"", ""environment"": ""hackathon"", ""accountType"": ""merchant_settlement""}"
TXN-90259,LED-90259,POSTED,6750.0,INR,2026-08-02 14:05:07,CREDIT,ACC-1059,"{""source"": ""mock_ledger"", ""environment"": ""hackathon"", ""accountType"": ""merchant_settlement""}"
TXN-90260,LED-90260,POSTED,1499.0,INR,2026-08-02 14:49:42,CREDIT,ACC-1028,"{""source"": ""mock_ledger"", ""environment"": ""hackathon"", ""accountType"": ""merchant_settlement""}"
TXN-90261,LED-90261,POSTED,799.0,INR,2026-08-02 15:15:42,CREDIT,ACC-1010,"{""source"": ""mock_ledger"", ""environment"": ""hackathon"", ""accountType"": ""merchant_settlement""}"
TXN-90262,LED-90262,POSTED,1599.0,INR,2026-08-02 15:24:13,CREDIT,ACC-1093,"{""source"": ""mock_ledger"", ""environment"": ""hackathon"", ""accountType"": ""merchant_settlement""}"
TXN-90263,LED-90263,POSTED,4999.0,INR,2026-08-02 15:11:34,CREDIT,ACC-1065,"{""source"": ""mock_ledger"", ""environment"": ""hackathon"", ""accountType"": ""merchant_settlement""}"
TXN-90264,LED-90264,POSTED,2899.0,INR,2026-08-02 15:28:20,CREDIT,ACC-1020,"{""source"": ""mock_ledger"", ""environment"": ""hackathon"", ""accountType"": ""merchant_settlement""}"
TXN-90265,LED-90265,POSTED,499.0,INR,2026-08-02 15:39:04,CREDIT,ACC-1069,"{""source"": ""mock_ledger"", ""environment"": ""hackathon"", ""accountType"": ""merchant_settlement""}"
TXN-90266,LED-90266,POSTED,799.0,INR,2026-08-02 15:39:56,CREDIT,ACC-1063,"{""source"": ""mock_ledger"", ""environment"": ""hackathon"", ""accountType"": ""merchant_settlement""}"
TXN-90267,LED-90267,POSTED,12500.0,INR,2026-08-02 15:40:31,CREDIT,ACC-1019,"{""source"": ""mock_ledger"", ""environment"": ""hackathon"", ""accountType"": ""merchant_settlement""}"
TXN-90269,LED-90269,POSTED,2899.0,INR,2026-08-02 15:59:53,CREDIT,ACC-1027,"{""source"": ""mock_ledger"", ""environment"": ""hackathon"", ""accountType"": ""merchant_settlement""}"
TXN-90270,LED-90270,POSTED,2899.0,INR,2026-08-02 16:12:06,CREDIT,ACC-1084,"{""source"": ""mock_ledger"", ""environment"": ""hackathon"", ""accountType"": ""merchant_settlement""}"
TXN-90271,LED-90271,POSTED,199.0,INR,2026-08-02 16:16:56,CREDIT,ACC-1098,"{""source"": ""mock_ledger"", ""environment"": ""hackathon"", ""accountType"": ""merchant_settlement""}"
TXN-90272,LED-90272,POSTED,6750.0,INR,2026-08-02 15:33:17,CREDIT,ACC-1053,"{""source"": ""mock_ledger"", ""environment"": ""hackathon"", ""accountType"": ""merchant_settlement""}"
TXN-90273,LED-90273,POSTED,4200.0,INR,2026-08-02 16:34:10,CREDIT,ACC-1086,"{""source"": ""mock_ledger"", ""environment"": ""hackathon"", ""accountType"": ""merchant_settlement""}"
TXN-90274,LED-90274,POSTED,199.0,INR,2026-08-02 16:42:02,CREDIT,ACC-1099,"{""source"": ""mock_ledger"", ""environment"": ""hackathon"", ""accountType"": ""merchant_settlement""}"
TXN-90275,LED-90275,POSTED,999.0,INR,2026-08-02 16:48:34,CREDIT,ACC-1007,"{""source"": ""mock_ledger"", ""environment"": ""hackathon"", ""accountType"": ""merchant_settlement""}"
TXN-90276,LED-90276,POSTED,1599.0,INR,2026-08-02 16:54:32,CREDIT,ACC-1020,"{""source"": ""mock_ledger"", ""environment"": ""hackathon"", ""accountType"": ""merchant_settlement""}"
TXN-90278,LED-90278,POSTED,12500.0,INR,2026-08-02 17:11:53,CREDIT,ACC-1076,"{""source"": ""mock_ledger"", ""environment"": ""hackathon"", ""accountType"": ""merchant_settlement""}"
TXN-90279,LED-90279,POSTED,2899.0,INR,2026-08-02 17:20:43,CREDIT,ACC-1076,"{""source"": ""mock_ledger"", ""environment"": ""hackathon"", ""accountType"": ""merchant_settlement""}"
TXN-90281,LED-90281,POSTED,299.0,INR,2026-08-02 17:12:29,CREDIT,ACC-1015,"{""source"": ""mock_ledger"", ""environment"": ""hackathon"", ""accountType"": ""merchant_settlement""}"
TXN-90282,LED-90282,POSTED,1599.0,INR,2026-08-02 17:19:52,CREDIT,ACC-1031,"{""source"": ""mock_ledger"", ""environment"": ""hackathon"", ""accountType"": ""merchant_settlement""}"
TXN-90283,LED-90283,POSTED,799.0,INR,2026-08-02 17:37:29,CREDIT,ACC-1001,"{""source"": ""mock_ledger"", ""environment"": ""hackathon"", ""accountType"": ""merchant_settlement""}"
TXN-90285,LED-90285,POSTED,299.0,INR,2026-08-02 17:45:20,CREDIT,ACC-1089,"{""source"": ""mock_ledger"", ""environment"": ""hackathon"", ""accountType"": ""merchant_settlement""}"
TXN-90287,LED-90287,POSTED,1499.0,INR,2026-08-02 18:12:59,CREDIT,ACC-1006,"{""source"": ""mock_ledger"", ""environment"": ""hackathon"", ""accountType"": ""merchant_settlement""}"
TXN-90288,LED-90288,POSTED,499.0,INR,2026-08-02 17:59:55,CREDIT,ACC-1008,"{""source"": ""mock_ledger"", ""environment"": ""hackathon"", ""accountType"": ""merchant_settlement""}"
TXN-90289,LED-90289,POSTED,4999.0,INR,2026-08-02 18:09:24,CREDIT,ACC-1048,"{""source"": ""mock_ledger"", ""environment"": ""hackathon"", ""accountType"": ""merchant_settlement""}"
TXN-90290,LED-90290,POSTED,1250.0,INR,2026-08-02 18:34:43,CREDIT,ACC-1067,"{""source"": ""mock_ledger"", ""environment"": ""hackathon"", ""accountType"": ""merchant_settlement""}"
TXN-90291,LED-90291,POSTED,1250.0,INR,2026-08-02 18:23:29,CREDIT,ACC-1039,"{""source"": ""mock_ledger"", ""environment"": ""hackathon"", ""accountType"": ""merchant_settlement""}"
TXN-90292,LED-90292,POSTED,2899.0,INR,2026-08-02 18:39:56,CREDIT,ACC-1090,"{""source"": ""mock_ledger"", ""environment"": ""hackathon"", ""accountType"": ""merchant_settlement""}"
TXN-90293,LED-90293,POSTED,1599.0,INR,2026-08-02 18:50:21,CREDIT,ACC-1054,"{""source"": ""mock_ledger"", ""environment"": ""hackathon"", ""accountType"": ""merchant_settlement""}"
TXN-90295,LED-90295,POSTED,199.0,INR,2026-08-02 18:53:18,CREDIT,ACC-1093,"{""source"": ""mock_ledger"", ""environment"": ""hackathon"", ""accountType"": ""merchant_settlement""}"
TXN-90296,LED-90296,POSTED,2899.0,INR,2026-08-02 19:06:26,CREDIT,ACC-1086,"{""source"": ""mock_ledger"", ""environment"": ""hackathon"", ""accountType"": ""merchant_settlement""}"
TXN-90297,LED-90297,POSTED,4999.0,INR,2026-08-02 19:02:43,CREDIT,ACC-1067,"{""source"": ""mock_ledger"", ""environment"": ""hackathon"", ""accountType"": ""merchant_settlement""}"
TXN-90298,LED-90298,POSTED,799.0,INR,2026-08-02 19:23:21,CREDIT,ACC-1002,"{""source"": ""mock_ledger"", ""environment"": ""hackathon"", ""accountType"": ""merchant_settlement""}"
TXN-90299,LED-90299,POSTED,299.0,INR,2026-08-02 19:28:45,CREDIT,ACC-1074,"{""source"": ""mock_ledger"", ""environment"": ""hackathon"", ""accountType"": ""merchant_settlement""}"
TXN-90300,LED-90300,POSTED,4200.0,INR,2026-08-02 19:37:24,CREDIT,ACC-1080,"{""source"": ""mock_ledger"", ""environment"": ""hackathon"", ""accountType"": ""merchant_settlement""}"
TXN-90301,LED-90301,POSTED,6750.0,INR,2026-08-02 19:32:26,CREDIT,ACC-1017,"{""source"": ""mock_ledger"", ""environment"": ""hackathon"", ""accountType"": ""merchant_settlement""}"
TXN-90302,LED-90302,POSTED,1999.0,INR,2026-08-02 19:41:53,CREDIT,ACC-1083,"{""source"": ""mock_ledger"", ""environment"": ""hackathon"", ""accountType"": ""merchant_settlement""}"
TXN-90306,LED-90306,POSTED,799.0,INR,2026-08-02 20:25:40,CREDIT,ACC-1005,"{""source"": ""mock_ledger"", ""environment"": ""hackathon"", ""accountType"": ""merchant_settlement""}"
TXN-90307,LED-90307,POSTED,2899.0,INR,2026-08-02 20:31:17,CREDIT,ACC-1085,"{""source"": ""mock_ledger"", ""environment"": ""hackathon"", ""accountType"": ""merchant_settlement""}"
TXN-90309,LED-90309,POSTED,1599.0,INR,2026-08-02 20:30:39,CREDIT,ACC-1091,"{""source"": ""mock_ledger"", ""environment"": ""hackathon"", ""accountType"": ""merchant_settlement""}"
TXN-90310,LED-90310,POSTED,2499.0,INR,2026-08-02 20:32:19,CREDIT,ACC-1042,"{""source"": ""mock_ledger"", ""environment"": ""hackathon"", ""accountType"": ""merchant_settlement""}"
TXN-90311,LED-90311,POSTED,2499.0,INR,2026-08-02 20:48:09,CREDIT,ACC-1078,"{""source"": ""mock_ledger"", ""environment"": ""hackathon"", ""accountType"": ""merchant_settlement""}"
TXN-90312,LED-90312,POSTED,299.0,INR,2026-08-02 20:56:46,CREDIT,ACC-1081,"{""source"": ""mock_ledger"", ""environment"": ""hackathon"", ""accountType"": ""merchant_settlement""}"
TXN-90313,LED-90313,POSTED,799.0,INR,2026-08-02 20:54:31,CREDIT,ACC-1090,"{""source"": ""mock_ledger"", ""environment"": ""hackathon"", ""accountType"": ""merchant_settlement""}"
TXN-90314,LED-90314,POSTED,199.0,INR,2026-08-02 21:15:16,CREDIT,ACC-1075,"{""source"": ""mock_ledger"", ""environment"": ""hackathon"", ""accountType"": ""merchant_settlement""}"
TXN-90317,LED-90317,POSTED,12500.0,INR,2026-08-02 21:42:06,CREDIT,ACC-1040,"{""source"": ""mock_ledger"", ""environment"": ""hackathon"", ""accountType"": ""merchant_settlement""}"
TXN-90318,LED-90318,POSTED,4999.0,INR,2026-08-02 21:49:24,CREDIT,ACC-1085,"{""source"": ""mock_ledger"", ""environment"": ""hackathon"", ""accountType"": ""merchant_settlement""}"
TXN-90319,LED-90319,POSTED,12500.0,INR,2026-08-02 21:53:12,CREDIT,ACC-1009,"{""source"": ""mock_ledger"", ""environment"": ""hackathon"", ""accountType"": ""merchant_settlement""}"
TXN-90321,LED-90321,POSTED,1999.0,INR,2026-08-02 22:01:42,CREDIT,ACC-1099,"{""source"": ""mock_ledger"", ""environment"": ""hackathon"", ""accountType"": ""merchant_settlement""}"
TXN-90322,LED-90322,POSTED,6750.0,INR,2026-08-02 22:17:23,CREDIT,ACC-1004,"{""source"": ""mock_ledger"", ""environment"": ""hackathon"", ""accountType"": ""merchant_settlement""}"
TXN-90324,LED-90324,POSTED,499.0,INR,2026-08-02 22:24:17,CREDIT,ACC-1090,"{""source"": ""mock_ledger"", ""environment"": ""hackathon"", ""accountType"": ""merchant_settlement""}"
TXN-90325,LED-90325,POSTED,1999.0,INR,2026-08-02 21:51:52,CREDIT,ACC-1088,"{""source"": ""mock_ledger"", ""environment"": ""hackathon"", ""accountType"": ""merchant_settlement""}"
TXN-90326,LED-90326,POSTED,3499.0,INR,2026-08-02 22:42:12,CREDIT,ACC-1100,"{""source"": ""mock_ledger"", ""environment"": ""hackathon"", ""accountType"": ""merchant_settlement""}"
TXN-90327,LED-90327,POSTED,4200.0,INR,2026-08-02 22:48:14,CREDIT,ACC-1056,"{""source"": ""mock_ledger"", ""environment"": ""hackathon"", ""accountType"": ""merchant_settlement""}"
TXN-90328,LED-90328,POSTED,199.0,INR,2026-08-02 23:03:37,CREDIT,ACC-1088,"{""source"": ""mock_ledger"", ""environment"": ""hackathon"", ""accountType"": ""merchant_settlement""}"
TXN-90329,LED-90329,POSTED,2899.0,INR,2026-08-02 22:51:17,CREDIT,ACC-1094,"{""source"": ""mock_ledger"", ""environment"": ""hackathon"", ""accountType"": ""merchant_settlement""}"
TXN-90331,LED-90331,POSTED,1250.0,INR,2026-08-02 23:03:04,CREDIT,ACC-1042,"{""source"": ""mock_ledger"", ""environment"": ""hackathon"", ""accountType"": ""merchant_settlement""}"
TXN-90334,LED-90334,POSTED,4200.0,INR,2026-08-02 23:30:10,CREDIT,ACC-1040,"{""source"": ""mock_ledger"", ""environment"": ""hackathon"", ""accountType"": ""merchant_settlement""}"
TXN-90335,LED-90335,POSTED,1499.0,INR,2026-08-02 23:33:11,CREDIT,ACC-1073,"{""source"": ""mock_ledger"", ""environment"": ""hackathon"", ""accountType"": ""merchant_settlement""}"
TXN-90336,LED-90336,POSTED,12500.0,INR,2026-08-02 23:36:12,CREDIT,ACC-1043,"{""source"": ""mock_ledger"", ""environment"": ""hackathon"", ""accountType"": ""merchant_settlement""}"
TXN-90338,LED-90338,POSTED,2899.0,INR,2026-08-02 23:53:50,CREDIT,ACC-1065,"{""source"": ""mock_ledger"", ""environment"": ""hackathon"", ""accountType"": ""merchant_settlement""}"
TXN-90339,LED-90339,POSTED,12500.0,INR,2026-08-03 00:22:48,CREDIT,ACC-1084,"{""source"": ""mock_ledger"", ""environment"": ""hackathon"", ""accountType"": ""merchant_settlement""}"
TXN-90340,LED-90340,POSTED,8999.0,INR,2026-08-03 00:12:29,CREDIT,ACC-1075,"{""source"": ""mock_ledger"", ""environment"": ""hackathon"", ""accountType"": ""merchant_settlement""}"
TXN-90343,LED-90343,POSTED,1250.0,INR,2026-08-03 00:37:46,CREDIT,ACC-1043,"{""source"": ""mock_ledger"", ""environment"": ""hackathon"", ""accountType"": ""merchant_settlement""}"
TXN-90344,LED-90344,POSTED,999.0,INR,2026-08-03 00:39:22,CREDIT,ACC-1088,"{""source"": ""mock_ledger"", ""environment"": ""hackathon"", ""accountType"": ""merchant_settlement""}"
TXN-90345,LED-90345,POSTED,799.0,INR,2026-08-03 00:42:08,CREDIT,ACC-1100,"{""source"": ""mock_ledger"", ""environment"": ""hackathon"", ""accountType"": ""merchant_settlement""}"
TXN-90346,LED-90346,POSTED,1599.0,INR,2026-08-03 00:56:33,CREDIT,ACC-1041,"{""source"": ""mock_ledger"", ""environment"": ""hackathon"", ""accountType"": ""merchant_settlement""}"
TXN-90347,LED-90347,POSTED,8999.0,INR,2026-08-03 00:55:25,CREDIT,ACC-1080,"{""source"": ""mock_ledger"", ""environment"": ""hackathon"", ""accountType"": ""merchant_settlement""}"
TXN-90348,LED-90348,POSTED,4200.0,INR,2026-08-03 01:19:52,CREDIT,ACC-1055,"{""source"": ""mock_ledger"", ""environment"": ""hackathon"", ""accountType"": ""merchant_settlement""}"
TXN-90349,LED-90349,POSTED,2899.0,INR,2026-08-03 01:32:45,CREDIT,ACC-1050,"{""source"": ""mock_ledger"", ""environment"": ""hackathon"", ""accountType"": ""merchant_settlement""}"
TXN-90350,LED-90350,POSTED,2499.0,INR,2026-08-03 01:26:45,CREDIT,ACC-1011,"{""source"": ""mock_ledger"", ""environment"": ""hackathon"", ""accountType"": ""merchant_settlement""}"
TXN-90352,LED-90352,POSTED,199.0,INR,2026-08-03 01:25:27,CREDIT,ACC-1099,"{""source"": ""mock_ledger"", ""environment"": ""hackathon"", ""accountType"": ""merchant_settlement""}"
TXN-90354,LED-90354,POSTED,8999.0,INR,2026-08-03 01:53:35,CREDIT,ACC-1070,"{""source"": ""mock_ledger"", ""environment"": ""hackathon"", ""accountType"": ""merchant_settlement""}"
TXN-90355,LED-90355,POSTED,1250.0,INR,2026-08-03 01:56:41,CREDIT,ACC-1100,"{""source"": ""mock_ledger"", ""environment"": ""hackathon"", ""accountType"": ""merchant_settlement""}"
TXN-90356,LED-90356,POSTED,1499.0,INR,2026-08-03 02:18:30,CREDIT,ACC-1024,"{""source"": ""mock_ledger"", ""environment"": ""hackathon"", ""accountType"": ""merchant_settlement""}"
TXN-90357,LED-90357,POSTED,12500.0,INR,2026-08-03 02:07:04,CREDIT,ACC-1079,"{""source"": ""mock_ledger"", ""environment"": ""hackathon"", ""accountType"": ""merchant_settlement""}"
TXN-90358,LED-90358,POSTED,199.0,INR,2026-08-03 02:29:52,CREDIT,ACC-1044,"{""source"": ""mock_ledger"", ""environment"": ""hackathon"", ""accountType"": ""merchant_settlement""}"
TXN-90359,LED-90359,POSTED,199.0,INR,2026-08-03 02:36:40,CREDIT,ACC-1072,"{""source"": ""mock_ledger"", ""environment"": ""hackathon"", ""accountType"": ""merchant_settlement""}"
TXN-90360,LED-90360,POSTED,4999.0,INR,2026-08-03 02:32:35,CREDIT,ACC-1098,"{""source"": ""mock_ledger"", ""environment"": ""hackathon"", ""accountType"": ""merchant_settlement""}"
TXN-90361,LED-90361,POSTED,1999.0,INR,2026-08-03 02:42:26,CREDIT,ACC-1003,"{""source"": ""mock_ledger"", ""environment"": ""hackathon"", ""accountType"": ""merchant_settlement""}"
TXN-90362,LED-90362,POSTED,1999.0,INR,2026-08-03 02:39:35,CREDIT,ACC-1049,"{""source"": ""mock_ledger"", ""environment"": ""hackathon"", ""accountType"": ""merchant_settlement""}"
TXN-90363,LED-90363,POSTED,999.0,INR,2026-08-03 03:03:33,CREDIT,ACC-1024,"{""source"": ""mock_ledger"", ""environment"": ""hackathon"", ""accountType"": ""merchant_settlement""}"
TXN-90364,LED-90364,POSTED,12500.0,INR,2026-08-03 02:57:51,CREDIT,ACC-1009,"{""source"": ""mock_ledger"", ""environment"": ""hackathon"", ""accountType"": ""merchant_settlement""}"
TXN-90365,LED-90365,POSTED,1499.0,INR,2026-08-03 03:04:12,CREDIT,ACC-1088,"{""source"": ""mock_ledger"", ""environment"": ""hackathon"", ""accountType"": ""merchant_settlement""}"
TXN-90366,LED-90366,POSTED,3499.0,INR,2026-08-03 03:22:45,CREDIT,ACC-1061,"{""source"": ""mock_ledger"", ""environment"": ""hackathon"", ""accountType"": ""merchant_settlement""}"
TXN-90367,LED-90367,POSTED,4999.0,INR,2026-08-03 03:19:20,CREDIT,ACC-1076,"{""source"": ""mock_ledger"", ""environment"": ""hackathon"", ""accountType"": ""merchant_settlement""}"
TXN-90368,LED-90368,POSTED,199.0,INR,2026-08-03 03:43:05,CREDIT,ACC-1043,"{""source"": ""mock_ledger"", ""environment"": ""hackathon"", ""accountType"": ""merchant_settlement""}"
TXN-90369,LED-90369,POSTED,1999.0,INR,2026-08-03 03:27:56,CREDIT,ACC-1026,"{""source"": ""mock_ledger"", ""environment"": ""hackathon"", ""accountType"": ""merchant_settlement""}"
TXN-90370,LED-90370,POSTED,199.0,INR,2026-08-03 03:59:57,CREDIT,ACC-1084,"{""source"": ""mock_ledger"", ""environment"": ""hackathon"", ""accountType"": ""merchant_settlement""}"
TXN-90373,LED-90373,POSTED,1599.0,INR,2026-08-03 04:14:59,CREDIT,ACC-1089,"{""source"": ""mock_ledger"", ""environment"": ""hackathon"", ""accountType"": ""merchant_settlement""}"
TXN-90374,LED-90374,POSTED,4999.0,INR,2026-08-03 04:23:32,CREDIT,ACC-1019,"{""source"": ""mock_ledger"", ""environment"": ""hackathon"", ""accountType"": ""merchant_settlement""}"
TXN-90376,LED-90376,POSTED,12500.0,INR,2026-08-03 04:20:57,CREDIT,ACC-1035,"{""source"": ""mock_ledger"", ""environment"": ""hackathon"", ""accountType"": ""merchant_settlement""}"
TXN-90377,LED-90377,POSTED,299.0,INR,2026-08-03 04:28:17,CREDIT,ACC-1023,"{""source"": ""mock_ledger"", ""environment"": ""hackathon"", ""accountType"": ""merchant_settlement""}"
TXN-90378,LED-90378,POSTED,1599.0,INR,2026-08-03 04:41:44,CREDIT,ACC-1024,"{""source"": ""mock_ledger"", ""environment"": ""hackathon"", ""accountType"": ""merchant_settlement""}"
TXN-90379,LED-90379,POSTED,1250.0,INR,2026-08-03 04:47:11,CREDIT,ACC-1078,"{""source"": ""mock_ledger"", ""environment"": ""hackathon"", ""accountType"": ""merchant_settlement""}"
TXN-90380,LED-90380,POSTED,12500.0,INR,2026-08-03 05:05:27,CREDIT,ACC-1088,"{""source"": ""mock_ledger"", ""environment"": ""hackathon"", ""accountType"": ""merchant_settlement""}"
TXN-90381,LED-90381,POSTED,3499.0,INR,2026-08-03 04:20:52,CREDIT,ACC-1072,"{""source"": ""mock_ledger"", ""environment"": ""hackathon"", ""accountType"": ""merchant_settlement""}"
TXN-90382,LED-90382,POSTED,1499.0,INR,2026-08-03 05:18:41,CREDIT,ACC-1030,"{""source"": ""mock_ledger"", ""environment"": ""hackathon"", ""accountType"": ""merchant_settlement""}"
TXN-90384,LED-90384,POSTED,2499.0,INR,2026-08-03 05:19:03,CREDIT,ACC-1092,"{""source"": ""mock_ledger"", ""environment"": ""hackathon"", ""accountType"": ""merchant_settlement""}"
TXN-90385,LED-90385,POSTED,299.0,INR,2026-08-03 05:30:41,CREDIT,ACC-1061,"{""source"": ""mock_ledger"", ""environment"": ""hackathon"", ""accountType"": ""merchant_settlement""}"
TXN-90386,LED-90386,POSTED,1599.0,INR,2026-08-03 05:48:00,CREDIT,ACC-1035,"{""source"": ""mock_ledger"", ""environment"": ""hackathon"", ""accountType"": ""merchant_settlement""}"
TXN-90388,LED-90388,POSTED,2899.0,INR,2026-08-03 05:38:32,CREDIT,ACC-1086,"{""source"": ""mock_ledger"", ""environment"": ""hackathon"", ""accountType"": ""merchant_settlement""}"
TXN-90389,LED-90389,POSTED,1599.0,INR,2026-08-03 06:02:41,CREDIT,ACC-1082,"{""source"": ""mock_ledger"", ""environment"": ""hackathon"", ""accountType"": ""merchant_settlement""}"
TXN-90390,LED-90390,POSTED,2899.0,INR,2026-08-03 06:05:44,CREDIT,ACC-1003,"{""source"": ""mock_ledger"", ""environment"": ""hackathon"", ""accountType"": ""merchant_settlement""}"
TXN-90391,LED-90391,POSTED,1499.0,INR,2026-08-03 06:07:57,CREDIT,ACC-1035,"{""source"": ""mock_ledger"", ""environment"": ""hackathon"", ""accountType"": ""merchant_settlement""}"
TXN-90392,LED-90392,POSTED,3499.0,INR,2026-08-03 06:12:09,CREDIT,ACC-1045,"{""source"": ""mock_ledger"", ""environment"": ""hackathon"", ""accountType"": ""merchant_settlement""}"
TXN-90393,LED-90393,POSTED,2899.0,INR,2026-08-03 06:12:01,CREDIT,ACC-1100,"{""source"": ""mock_ledger"", ""environment"": ""hackathon"", ""accountType"": ""merchant_settlement""}"
TXN-90394,LED-90394,POSTED,1999.0,INR,2026-08-03 06:32:57,CREDIT,ACC-1052,"{""source"": ""mock_ledger"", ""environment"": ""hackathon"", ""accountType"": ""merchant_settlement""}"
TXN-90395,LED-90395,POSTED,799.0,INR,2026-08-03 06:52:27,CREDIT,ACC-1046,"{""source"": ""mock_ledger"", ""environment"": ""hackathon"", ""accountType"": ""merchant_settlement""}"
TXN-90396,LED-90396,POSTED,4999.0,INR,2026-08-03 06:35:07,CREDIT,ACC-1091,"{""source"": ""mock_ledger"", ""environment"": ""hackathon"", ""accountType"": ""merchant_settlement""}"
TXN-90397,LED-90397,POSTED,1599.0,INR,2026-08-03 07:05:13,CREDIT,ACC-1005,"{""source"": ""mock_ledger"", ""environment"": ""hackathon"", ""accountType"": ""merchant_settlement""}"
TXN-90398,LED-90398,POSTED,499.0,INR,2026-08-03 06:56:16,CREDIT,ACC-1034,"{""source"": ""mock_ledger"", ""environment"": ""hackathon"", ""accountType"": ""merchant_settlement""}"
TXN-90399,LED-90399,POSTED,6750.0,INR,2026-08-03 07:18:09,CREDIT,ACC-1068,"{""source"": ""mock_ledger"", ""environment"": ""hackathon"", ""accountType"": ""merchant_settlement""}"
TXN-90400,LED-90400,POSTED,799.0,INR,2026-08-03 07:04:39,CREDIT,ACC-1003,"{""source"": ""mock_ledger"", ""environment"": ""hackathon"", ""accountType"": ""merchant_settlement""}"
TXN-90401,LED-90401,POSTED,1499.0,INR,2026-08-03 07:17:49,CREDIT,ACC-1090,"{""source"": ""mock_ledger"", ""environment"": ""hackathon"", ""accountType"": ""merchant_settlement""}"
TXN-90402,LED-90402,POSTED,2499.0,INR,2026-08-03 07:22:33,CREDIT,ACC-1100,"{""source"": ""mock_ledger"", ""environment"": ""hackathon"", ""accountType"": ""merchant_settlement""}"
TXN-90403,LED-90403,POSTED,1499.0,INR,2026-08-03 07:26:18,CREDIT,ACC-1009,"{""source"": ""mock_ledger"", ""environment"": ""hackathon"", ""accountType"": ""merchant_settlement""}"
TXN-90404,LED-90404,POSTED,199.0,INR,2026-08-03 07:30:35,CREDIT,ACC-1077,"{""source"": ""mock_ledger"", ""environment"": ""hackathon"", ""accountType"": ""merchant_settlement""}"
TXN-90405,LED-90405,POSTED,4200.0,INR,2026-08-03 07:58:20,CREDIT,ACC-1058,"{""source"": ""mock_ledger"", ""environment"": ""hackathon"", ""accountType"": ""merchant_settlement""}"
TXN-90406,LED-90406,POSTED,2899.0,INR,2026-08-03 08:09:58,CREDIT,ACC-1011,"{""source"": ""mock_ledger"", ""environment"": ""hackathon"", ""accountType"": ""merchant_settlement""}"
TXN-90408,LED-90408,POSTED,1599.0,INR,2026-08-03 08:18:10,CREDIT,ACC-1027,"{""source"": ""mock_ledger"", ""environment"": ""hackathon"", ""accountType"": ""merchant_settlement""}"
TXN-90410,LED-90410,POSTED,499.0,INR,2026-08-03 08:32:58,CREDIT,ACC-1027,"{""source"": ""mock_ledger"", ""environment"": ""hackathon"", ""accountType"": ""merchant_settlement""}"
TXN-90411,LED-90411,POSTED,199.0,INR,2026-08-03 08:31:57,CREDIT,ACC-1021,"{""source"": ""mock_ledger"", ""environment"": ""hackathon"", ""accountType"": ""merchant_settlement""}"
TXN-90413,LED-90413,POSTED,299.0,INR,2026-08-03 08:53:56,CREDIT,ACC-1035,"{""source"": ""mock_ledger"", ""environment"": ""hackathon"", ""accountType"": ""merchant_settlement""}"
TXN-90414,LED-90414,POSTED,6750.0,INR,2026-08-03 08:48:21,CREDIT,ACC-1047,"{""source"": ""mock_ledger"", ""environment"": ""hackathon"", ""accountType"": ""merchant_settlement""}"
TXN-90415,LED-90415,POSTED,3499.0,INR,2026-08-03 09:08:02,CREDIT,ACC-1045,"{""source"": ""mock_ledger"", ""environment"": ""hackathon"", ""accountType"": ""merchant_settlement""}"
TXN-90416,LED-90416,POSTED,8999.0,INR,2026-08-03 09:08:56,CREDIT,ACC-1042,"{""source"": ""mock_ledger"", ""environment"": ""hackathon"", ""accountType"": ""merchant_settlement""}"
TXN-90417,LED-90417,POSTED,199.0,INR,2026-08-03 09:25:49,CREDIT,ACC-1076,"{""source"": ""mock_ledger"", ""environment"": ""hackathon"", ""accountType"": ""merchant_settlement""}"
TXN-90418,LED-90418,POSTED,499.0,INR,2026-08-03 09:14:40,CREDIT,ACC-1020,"{""source"": ""mock_ledger"", ""environment"": ""hackathon"", ""accountType"": ""merchant_settlement""}"
TXN-90419,LED-90419,POSTED,12500.0,INR,2026-08-03 08:42:25,CREDIT,ACC-1019,"{""source"": ""mock_ledger"", ""environment"": ""hackathon"", ""accountType"": ""merchant_settlement""}"
TXN-90421,LED-90421,POSTED,2899.0,INR,2026-08-03 09:40:46,CREDIT,ACC-1010,"{""source"": ""mock_ledger"", ""environment"": ""hackathon"", ""accountType"": ""merchant_settlement""}"
TXN-90422,LED-90422,POSTED,1999.0,INR,2026-08-03 09:52:26,CREDIT,ACC-1095,"{""source"": ""mock_ledger"", ""environment"": ""hackathon"", ""accountType"": ""merchant_settlement""}"
TXN-90423,LED-90423,POSTED,4200.0,INR,2026-08-03 10:08:44,CREDIT,ACC-1051,"{""source"": ""mock_ledger"", ""environment"": ""hackathon"", ""accountType"": ""merchant_settlement""}"
TXN-90424,LED-90424,POSTED,4200.0,INR,2026-08-03 10:07:17,CREDIT,ACC-1066,"{""source"": ""mock_ledger"", ""environment"": ""hackathon"", ""accountType"": ""merchant_settlement""}"
TXN-90425,LED-90425,POSTED,499.0,INR,2026-08-03 10:20:35,CREDIT,ACC-1080,"{""source"": ""mock_ledger"", ""environment"": ""hackathon"", ""accountType"": ""merchant_settlement""}"
TXN-90426,LED-90426,POSTED,2499.0,INR,2026-08-03 10:26:25,CREDIT,ACC-1059,"{""source"": ""mock_ledger"", ""environment"": ""hackathon"", ""accountType"": ""merchant_settlement""}"
TXN-90428,LED-90428,POSTED,1250.0,INR,2026-08-03 10:41:27,CREDIT,ACC-1062,"{""source"": ""mock_ledger"", ""environment"": ""hackathon"", ""accountType"": ""merchant_settlement""}"
TXN-90429,LED-90429,POSTED,299.0,INR,2026-08-03 10:40:56,CREDIT,ACC-1011,"{""source"": ""mock_ledger"", ""environment"": ""hackathon"", ""accountType"": ""merchant_settlement""}"
TXN-90430,LED-90430,POSTED,999.0,INR,2026-08-03 10:46:21,CREDIT,ACC-1024,"{""source"": ""mock_ledger"", ""environment"": ""hackathon"", ""accountType"": ""merchant_settlement""}"
TXN-90431,LED-90431,POSTED,8999.0,INR,2026-08-03 10:49:24,CREDIT,ACC-1005,"{""source"": ""mock_ledger"", ""environment"": ""hackathon"", ""accountType"": ""merchant_settlement""}"
TXN-90432,LED-90432,POSTED,2499.0,INR,2026-08-03 10:55:50,CREDIT,ACC-1089,"{""source"": ""mock_ledger"", ""environment"": ""hackathon"", ""accountType"": ""merchant_settlement""}"
TXN-90433,LED-90433,POSTED,999.0,INR,2026-08-03 11:15:30,CREDIT,ACC-1011,"{""source"": ""mock_ledger"", ""environment"": ""hackathon"", ""accountType"": ""merchant_settlement""}"
TXN-90434,LED-90434,POSTED,4999.0,INR,2026-08-03 11:05:24,CREDIT,ACC-1055,"{""source"": ""mock_ledger"", ""environment"": ""hackathon"", ""accountType"": ""merchant_settlement""}"
TXN-90435,LED-90435,POSTED,4999.0,INR,2026-08-03 11:23:19,CREDIT,ACC-1091,"{""source"": ""mock_ledger"", ""environment"": ""hackathon"", ""accountType"": ""merchant_settlement""}"
TXN-90436,LED-90436,POSTED,3499.0,INR,2026-08-03 11:30:38,CREDIT,ACC-1040,"{""source"": ""mock_ledger"", ""environment"": ""hackathon"", ""accountType"": ""merchant_settlement""}"
TXN-90437,LED-90437,POSTED,999.0,INR,2026-08-03 11:36:39,CREDIT,ACC-1025,"{""source"": ""mock_ledger"", ""environment"": ""hackathon"", ""accountType"": ""merchant_settlement""}"
TXN-90438,LED-90438,POSTED,1999.0,INR,2026-08-03 11:51:04,CREDIT,ACC-1006,"{""source"": ""mock_ledger"", ""environment"": ""hackathon"", ""accountType"": ""merchant_settlement""}"
TXN-90439,LED-90439,POSTED,4200.0,INR,2026-08-03 11:49:08,CREDIT,ACC-1014,"{""source"": ""mock_ledger"", ""environment"": ""hackathon"", ""accountType"": ""merchant_settlement""}"
TXN-90441,LED-90441,POSTED,999.0,INR,2026-08-03 11:51:25,CREDIT,ACC-1033,"{""source"": ""mock_ledger"", ""environment"": ""hackathon"", ""accountType"": ""merchant_settlement""}"
TXN-90442,LED-90442,POSTED,2899.0,INR,2026-08-03 11:55:32,CREDIT,ACC-1045,"{""source"": ""mock_ledger"", ""environment"": ""hackathon"", ""accountType"": ""merchant_settlement""}"
TXN-90445,LED-90445,POSTED,799.0,INR,2026-08-03 12:28:30,CREDIT,ACC-1079,"{""source"": ""mock_ledger"", ""environment"": ""hackathon"", ""accountType"": ""merchant_settlement""}"
TXN-90446,LED-90446,POSTED,12500.0,INR,2026-08-03 12:38:09,CREDIT,ACC-1060,"{""source"": ""mock_ledger"", ""environment"": ""hackathon"", ""accountType"": ""merchant_settlement""}"
TXN-90447,LED-90447,POSTED,12500.0,INR,2026-08-03 12:31:24,CREDIT,ACC-1025,"{""source"": ""mock_ledger"", ""environment"": ""hackathon"", ""accountType"": ""merchant_settlement""}"
TXN-90448,LED-90448,POSTED,12500.0,INR,2026-08-03 12:38:47,CREDIT,ACC-1020,"{""source"": ""mock_ledger"", ""environment"": ""hackathon"", ""accountType"": ""merchant_settlement""}"
TXN-90449,LED-90449,POSTED,8999.0,INR,2026-08-03 12:18:42,CREDIT,ACC-1046,"{""source"": ""mock_ledger"", ""environment"": ""hackathon"", ""accountType"": ""merchant_settlement""}"
TXN-90450,LED-90450,POSTED,299.0,INR,2026-08-03 13:15:18,CREDIT,ACC-1024,"{""source"": ""mock_ledger"", ""environment"": ""hackathon"", ""accountType"": ""merchant_settlement""}"
TXN-90451,LED-90451,POSTED,2899.0,INR,2026-08-03 13:26:47,CREDIT,ACC-1043,"{""source"": ""mock_ledger"", ""environment"": ""hackathon"", ""accountType"": ""merchant_settlement""}"
TXN-90452,LED-90452,POSTED,4999.0,INR,2026-08-03 13:20:09,CREDIT,ACC-1044,"{""source"": ""mock_ledger"", ""environment"": ""hackathon"", ""accountType"": ""merchant_settlement""}"
TXN-90453,LED-90453,POSTED,1250.0,INR,2026-08-03 13:14:42,CREDIT,ACC-1041,"{""source"": ""mock_ledger"", ""environment"": ""hackathon"", ""accountType"": ""merchant_settlement""}"
TXN-90454,LED-90454,POSTED,4200.0,INR,2026-08-03 13:26:50,CREDIT,ACC-1073,"{""source"": ""mock_ledger"", ""environment"": ""hackathon"", ""accountType"": ""merchant_settlement""}"
TXN-90455,LED-90455,POSTED,2899.0,INR,2026-08-03 13:43:39,CREDIT,ACC-1071,"{""source"": ""mock_ledger"", ""environment"": ""hackathon"", ""accountType"": ""merchant_settlement""}"
TXN-90456,LED-90456,POSTED,12500.0,INR,2026-08-03 13:56:08,CREDIT,ACC-1038,"{""source"": ""mock_ledger"", ""environment"": ""hackathon"", ""accountType"": ""merchant_settlement""}"
TXN-90457,LED-90457,POSTED,1250.0,INR,2026-08-03 14:05:28,CREDIT,ACC-1026,"{""source"": ""mock_ledger"", ""environment"": ""hackathon"", ""accountType"": ""merchant_settlement""}"
TXN-90458,LED-90458,POSTED,1999.0,INR,2026-08-03 14:03:52,CREDIT,ACC-1003,"{""source"": ""mock_ledger"", ""environment"": ""hackathon"", ""accountType"": ""merchant_settlement""}"
TXN-90459,LED-90459,POSTED,299.0,INR,2026-08-03 13:25:05,CREDIT,ACC-1067,"{""source"": ""mock_ledger"", ""environment"": ""hackathon"", ""accountType"": ""merchant_settlement""}"
TXN-90461,LED-90461,POSTED,1250.0,INR,2026-08-03 14:35:34,CREDIT,ACC-1009,"{""source"": ""mock_ledger"", ""environment"": ""hackathon"", ""accountType"": ""merchant_settlement""}"
TXN-90462,LED-90462,POSTED,1499.0,INR,2026-08-03 14:28:00,CREDIT,ACC-1086,"{""source"": ""mock_ledger"", ""environment"": ""hackathon"", ""accountType"": ""merchant_settlement""}"
TXN-90463,LED-90463,POSTED,299.0,INR,2026-08-03 14:30:02,CREDIT,ACC-1046,"{""source"": ""mock_ledger"", ""environment"": ""hackathon"", ""accountType"": ""merchant_settlement""}"
TXN-90464,LED-90464,POSTED,1599.0,INR,2026-08-03 14:31:01,CREDIT,ACC-1082,"{""source"": ""mock_ledger"", ""environment"": ""hackathon"", ""accountType"": ""merchant_settlement""}"
TXN-90466,LED-90466,POSTED,199.0,INR,2026-08-03 15:03:16,CREDIT,ACC-1011,"{""source"": ""mock_ledger"", ""environment"": ""hackathon"", ""accountType"": ""merchant_settlement""}"
TXN-90468,LED-90468,POSTED,4200.0,INR,2026-08-03 15:06:43,CREDIT,ACC-1040,"{""source"": ""mock_ledger"", ""environment"": ""hackathon"", ""accountType"": ""merchant_settlement""}"
TXN-90469,LED-90469,POSTED,299.0,INR,2026-08-03 15:28:49,CREDIT,ACC-1062,"{""source"": ""mock_ledger"", ""environment"": ""hackathon"", ""accountType"": ""merchant_settlement""}"
TXN-90471,LED-90471,POSTED,4999.0,INR,2026-08-03 15:31:17,CREDIT,ACC-1038,"{""source"": ""mock_ledger"", ""environment"": ""hackathon"", ""accountType"": ""merchant_settlement""}"
TXN-90473,LED-90473,POSTED,4999.0,INR,2026-08-03 15:59:26,CREDIT,ACC-1076,"{""source"": ""mock_ledger"", ""environment"": ""hackathon"", ""accountType"": ""merchant_settlement""}"
TXN-90475,LED-90475,POSTED,3499.0,INR,2026-08-03 15:53:33,CREDIT,ACC-1053,"{""source"": ""mock_ledger"", ""environment"": ""hackathon"", ""accountType"": ""merchant_settlement""}"
TXN-90476,LED-90476,POSTED,6750.0,INR,2026-08-03 15:54:32,CREDIT,ACC-1042,"{""source"": ""mock_ledger"", ""environment"": ""hackathon"", ""accountType"": ""merchant_settlement""}"
TXN-90477,LED-90477,POSTED,3499.0,INR,2026-08-03 16:08:42,CREDIT,ACC-1034,"{""source"": ""mock_ledger"", ""environment"": ""hackathon"", ""accountType"": ""merchant_settlement""}"
TXN-90478,LED-90478,POSTED,2899.0,INR,2026-08-03 16:24:25,CREDIT,ACC-1018,"{""source"": ""mock_ledger"", ""environment"": ""hackathon"", ""accountType"": ""merchant_settlement""}"
TXN-90479,LED-90479,POSTED,2899.0,INR,2026-08-03 16:42:27,CREDIT,ACC-1032,"{""source"": ""mock_ledger"", ""environment"": ""hackathon"", ""accountType"": ""merchant_settlement""}"
TXN-90480,LED-90480,POSTED,1250.0,INR,2026-08-03 16:46:52,CREDIT,ACC-1075,"{""source"": ""mock_ledger"", ""environment"": ""hackathon"", ""accountType"": ""merchant_settlement""}"
TXN-90481,LED-90481,POSTED,799.0,INR,2026-08-03 16:39:46,CREDIT,ACC-1092,"{""source"": ""mock_ledger"", ""environment"": ""hackathon"", ""accountType"": ""merchant_settlement""}"
TXN-90482,LED-90482,POSTED,499.0,INR,2026-08-03 16:02:02,CREDIT,ACC-1031,"{""source"": ""mock_ledger"", ""environment"": ""hackathon"", ""accountType"": ""merchant_settlement""}"
TXN-90483,LED-90483,POSTED,1999.0,INR,2026-08-03 17:03:54,CREDIT,ACC-1037,"{""source"": ""mock_ledger"", ""environment"": ""hackathon"", ""accountType"": ""merchant_settlement""}"
TXN-90484,LED-90484,POSTED,8999.0,INR,2026-08-03 17:07:41,CREDIT,ACC-1043,"{""source"": ""mock_ledger"", ""environment"": ""hackathon"", ""accountType"": ""merchant_settlement""}"
TXN-90486,LED-90486,POSTED,499.0,INR,2026-08-03 17:22:28,CREDIT,ACC-1045,"{""source"": ""mock_ledger"", ""environment"": ""hackathon"", ""accountType"": ""merchant_settlement""}"
TXN-90487,LED-90487,POSTED,3499.0,INR,2026-08-03 17:32:48,CREDIT,ACC-1024,"{""source"": ""mock_ledger"", ""environment"": ""hackathon"", ""accountType"": ""merchant_settlement""}"
TXN-90488,LED-90488,POSTED,1999.0,INR,2026-08-03 17:34:00,CREDIT,ACC-1028,"{""source"": ""mock_ledger"", ""environment"": ""hackathon"", ""accountType"": ""merchant_settlement""}"
TXN-90489,LED-90489,POSTED,3499.0,INR,2026-08-03 17:29:35,CREDIT,ACC-1076,"{""source"": ""mock_ledger"", ""environment"": ""hackathon"", ""accountType"": ""merchant_settlement""}"
TXN-90491,LED-90491,POSTED,4999.0,INR,2026-08-03 17:42:37,CREDIT,ACC-1080,"{""source"": ""mock_ledger"", ""environment"": ""hackathon"", ""accountType"": ""merchant_settlement""}"
TXN-90492,LED-90492,POSTED,1599.0,INR,2026-08-03 17:52:39,CREDIT,ACC-1088,"{""source"": ""mock_ledger"", ""environment"": ""hackathon"", ""accountType"": ""merchant_settlement""}"
TXN-90493,LED-90493,POSTED,2899.0,INR,2026-08-03 18:07:16,CREDIT,ACC-1090,"{""source"": ""mock_ledger"", ""environment"": ""hackathon"", ""accountType"": ""merchant_settlement""}"
TXN-90494,LED-90494,POSTED,1250.0,INR,2026-08-03 18:03:49,CREDIT,ACC-1019,"{""source"": ""mock_ledger"", ""environment"": ""hackathon"", ""accountType"": ""merchant_settlement""}"
TXN-90495,LED-90495,POSTED,299.0,INR,2026-08-03 18:23:25,CREDIT,ACC-1090,"{""source"": ""mock_ledger"", ""environment"": ""hackathon"", ""accountType"": ""merchant_settlement""}"
TXN-90496,LED-90496,POSTED,8999.0,INR,2026-08-03 18:23:59,CREDIT,ACC-1075,"{""source"": ""mock_ledger"", ""environment"": ""hackathon"", ""accountType"": ""merchant_settlement""}"
TXN-90497,LED-90497,POSTED,4999.0,INR,2026-08-03 18:34:42,CREDIT,ACC-1004,"{""source"": ""mock_ledger"", ""environment"": ""hackathon"", ""accountType"": ""merchant_settlement""}"
TXN-90498,LED-90498,POSTED,299.0,INR,2026-08-03 18:36:59,CREDIT,ACC-1050,"{""source"": ""mock_ledger"", ""environment"": ""hackathon"", ""accountType"": ""merchant_settlement""}"
TXN-90499,LED-90499,POSTED,12500.0,INR,2026-08-03 18:52:05,CREDIT,ACC-1029,"{""source"": ""mock_ledger"", ""environment"": ""hackathon"", ""accountType"": ""merchant_settlement""}"
TXN-90500,LED-90500,POSTED,4999.0,INR,2026-08-03 18:49:15,CREDIT,ACC-1019,"{""source"": ""mock_ledger"", ""environment"": ""hackathon"", ""accountType"": ""merchant_settlement""}"
TXN-90501,LED-90501,POSTED,4200.0,INR,2026-08-03 19:10:31,CREDIT,ACC-1100,"{""source"": ""mock_ledger"", ""environment"": ""hackathon"", ""accountType"": ""merchant_settlement""}"
TXN-90502,LED-90502,POSTED,4200.0,INR,2026-08-03 19:21:20,CREDIT,ACC-1095,"{""source"": ""mock_ledger"", ""environment"": ""hackathon"", ""accountType"": ""merchant_settlement""}"
TXN-90503,LED-90503,POSTED,4200.0,INR,2026-08-03 19:12:10,CREDIT,ACC-1073,"{""source"": ""mock_ledger"", ""environment"": ""hackathon"", ""accountType"": ""merchant_settlement""}"
TXN-90504,LED-90504,POSTED,3499.0,INR,2026-08-03 19:23:06,CREDIT,ACC-1041,"{""source"": ""mock_ledger"", ""environment"": ""hackathon"", ""accountType"": ""merchant_settlement""}"
TXN-90505,LED-90505,POSTED,8999.0,INR,2026-08-03 19:19:42,CREDIT,ACC-1100,"{""source"": ""mock_ledger"", ""environment"": ""hackathon"", ""accountType"": ""merchant_settlement""}"
TXN-90506,LED-90506,POSTED,199.0,INR,2026-08-03 19:44:21,CREDIT,ACC-1063,"{""source"": ""mock_ledger"", ""environment"": ""hackathon"", ""accountType"": ""merchant_settlement""}"
TXN-90507,LED-90507,POSTED,1999.0,INR,2026-08-03 19:45:18,CREDIT,ACC-1044,"{""source"": ""mock_ledger"", ""environment"": ""hackathon"", ""accountType"": ""merchant_settlement""}"
TXN-90508,LED-90508,POSTED,2499.0,INR,2026-08-03 19:53:13,CREDIT,ACC-1057,"{""source"": ""mock_ledger"", ""environment"": ""hackathon"", ""accountType"": ""merchant_settlement""}"
TXN-90509,LED-90509,POSTED,299.0,INR,2026-08-03 19:52:04,CREDIT,ACC-1036,"{""source"": ""mock_ledger"", ""environment"": ""hackathon"", ""accountType"": ""merchant_settlement""}"
TXN-90510,LED-90510,POSTED,3499.0,INR,2026-08-03 20:11:36,CREDIT,ACC-1064,"{""source"": ""mock_ledger"", ""environment"": ""hackathon"", ""accountType"": ""merchant_settlement""}"
TXN-90511,LED-90511,POSTED,1250.0,INR,2026-08-03 20:11:18,CREDIT,ACC-1096,"{""source"": ""mock_ledger"", ""environment"": ""hackathon"", ""accountType"": ""merchant_settlement""}"
TXN-90512,LED-90512,POSTED,799.0,INR,2026-08-03 20:08:50,CREDIT,ACC-1090,"{""source"": ""mock_ledger"", ""environment"": ""hackathon"", ""accountType"": ""merchant_settlement""}"
TXN-90513,LED-90513,POSTED,3499.0,INR,2026-08-03 20:25:14,CREDIT,ACC-1035,"{""source"": ""mock_ledger"", ""environment"": ""hackathon"", ""accountType"": ""merchant_settlement""}"
TXN-90514,LED-90514,POSTED,299.0,INR,2026-08-03 20:44:02,CREDIT,ACC-1098,"{""source"": ""mock_ledger"", ""environment"": ""hackathon"", ""accountType"": ""merchant_settlement""}"
TXN-90515,LED-90515,POSTED,2899.0,INR,2026-08-03 20:38:14,CREDIT,ACC-1042,"{""source"": ""mock_ledger"", ""environment"": ""hackathon"", ""accountType"": ""merchant_settlement""}"
TXN-90516,LED-90516,POSTED,1499.0,INR,2026-08-03 20:58:19,CREDIT,ACC-1069,"{""source"": ""mock_ledger"", ""environment"": ""hackathon"", ""accountType"": ""merchant_settlement""}"
TXN-90517,LED-90517,POSTED,6750.0,INR,2026-08-03 21:06:02,CREDIT,ACC-1099,"{""source"": ""mock_ledger"", ""environment"": ""hackathon"", ""accountType"": ""merchant_settlement""}"
TXN-90519,LED-90519,POSTED,2499.0,INR,2026-08-03 21:02:42,CREDIT,ACC-1038,"{""source"": ""mock_ledger"", ""environment"": ""hackathon"", ""accountType"": ""merchant_settlement""}"
TXN-90520,LED-90520,POSTED,6750.0,INR,2026-08-03 21:14:49,CREDIT,ACC-1035,"{""source"": ""mock_ledger"", ""environment"": ""hackathon"", ""accountType"": ""merchant_settlement""}"
TXN-90522,LED-90522,POSTED,8999.0,INR,2026-08-03 21:43:07,CREDIT,ACC-1029,"{""source"": ""mock_ledger"", ""environment"": ""hackathon"", ""accountType"": ""merchant_settlement""}"
TXN-90523,LED-90523,POSTED,199.0,INR,2026-08-03 21:26:03,CREDIT,ACC-1011,"{""source"": ""mock_ledger"", ""environment"": ""hackathon"", ""accountType"": ""merchant_settlement""}"
TXN-90524,LED-90524,POSTED,199.0,INR,2026-08-03 21:34:28,CREDIT,ACC-1065,"{""source"": ""mock_ledger"", ""environment"": ""hackathon"", ""accountType"": ""merchant_settlement""}"
TXN-90525,LED-90525,POSTED,799.0,INR,2026-08-03 21:44:03,CREDIT,ACC-1018,"{""source"": ""mock_ledger"", ""environment"": ""hackathon"", ""accountType"": ""merchant_settlement""}"
TXN-90526,LED-90526,POSTED,2499.0,INR,2026-08-03 22:00:14,CREDIT,ACC-1098,"{""source"": ""mock_ledger"", ""environment"": ""hackathon"", ""accountType"": ""merchant_settlement""}"
TXN-90527,LED-90527,POSTED,499.0,INR,2026-08-03 22:10:59,CREDIT,ACC-1082,"{""source"": ""mock_ledger"", ""environment"": ""hackathon"", ""accountType"": ""merchant_settlement""}"
TXN-90528,LED-90528,POSTED,4200.0,INR,2026-08-03 22:14:04,CREDIT,ACC-1021,"{""source"": ""mock_ledger"", ""environment"": ""hackathon"", ""accountType"": ""merchant_settlement""}"
TXN-90529,LED-90529,POSTED,8999.0,INR,2026-08-03 22:18:17,CREDIT,ACC-1034,"{""source"": ""mock_ledger"", ""environment"": ""hackathon"", ""accountType"": ""merchant_settlement""}"
TXN-90530,LED-90530,POSTED,2499.0,INR,2026-08-03 22:22:20,CREDIT,ACC-1049,"{""source"": ""mock_ledger"", ""environment"": ""hackathon"", ""accountType"": ""merchant_settlement""}"
TXN-90531,LED-90531,POSTED,2899.0,INR,2026-08-03 22:41:51,CREDIT,ACC-1046,"{""source"": ""mock_ledger"", ""environment"": ""hackathon"", ""accountType"": ""merchant_settlement""}"
TXN-90532,LED-90532,POSTED,799.0,INR,2026-08-03 22:36:23,CREDIT,ACC-1018,"{""source"": ""mock_ledger"", ""environment"": ""hackathon"", ""accountType"": ""merchant_settlement""}"
TXN-90533,LED-90533,POSTED,299.0,INR,2026-08-03 22:40:16,CREDIT,ACC-1073,"{""source"": ""mock_ledger"", ""environment"": ""hackathon"", ""accountType"": ""merchant_settlement""}"
TXN-90534,LED-90534,POSTED,999.0,INR,2026-08-03 22:53:56,CREDIT,ACC-1068,"{""source"": ""mock_ledger"", ""environment"": ""hackathon"", ""accountType"": ""merchant_settlement""}"
TXN-90537,LED-90537,POSTED,4999.0,INR,2026-08-03 23:09:16,CREDIT,ACC-1009,"{""source"": ""mock_ledger"", ""environment"": ""hackathon"", ""accountType"": ""merchant_settlement""}"
TXN-90538,LED-90538,POSTED,199.0,INR,2026-08-03 23:19:04,CREDIT,ACC-1041,"{""source"": ""mock_ledger"", ""environment"": ""hackathon"", ""accountType"": ""merchant_settlement""}"
TXN-90539,LED-90539,POSTED,1250.0,INR,2026-08-03 23:27:05,CREDIT,ACC-1098,"{""source"": ""mock_ledger"", ""environment"": ""hackathon"", ""accountType"": ""merchant_settlement""}"
TXN-90540,LED-90540,POSTED,1499.0,INR,2026-08-03 23:30:19,CREDIT,ACC-1008,"{""source"": ""mock_ledger"", ""environment"": ""hackathon"", ""accountType"": ""merchant_settlement""}"
TXN-90541,LED-90541,POSTED,1250.0,INR,2026-08-03 23:55:46,CREDIT,ACC-1022,"{""source"": ""mock_ledger"", ""environment"": ""hackathon"", ""accountType"": ""merchant_settlement""}"
TXN-90542,LED-90542,POSTED,12500.0,INR,2026-08-03 23:42:22,CREDIT,ACC-1005,"{""source"": ""mock_ledger"", ""environment"": ""hackathon"", ""accountType"": ""merchant_settlement""}"
TXN-90543,LED-90543,POSTED,199.0,INR,2026-08-03 23:49:19,CREDIT,ACC-1039,"{""source"": ""mock_ledger"", ""environment"": ""hackathon"", ""accountType"": ""merchant_settlement""}"
TXN-90545,LED-90545,POSTED,4999.0,INR,2026-08-04 00:17:04,CREDIT,ACC-1036,"{""source"": ""mock_ledger"", ""environment"": ""hackathon"", ""accountType"": ""merchant_settlement""}"
TXN-90546,LED-90546,POSTED,3499.0,INR,2026-08-04 00:08:22,CREDIT,ACC-1024,"{""source"": ""mock_ledger"", ""environment"": ""hackathon"", ""accountType"": ""merchant_settlement""}"
TXN-90547,LED-90547,POSTED,4999.0,INR,2026-08-04 00:18:55,CREDIT,ACC-1086,"{""source"": ""mock_ledger"", ""environment"": ""hackathon"", ""accountType"": ""merchant_settlement""}"
TXN-90548,LED-90548,POSTED,4999.0,INR,2026-08-04 00:31:08,CREDIT,ACC-1085,"{""source"": ""mock_ledger"", ""environment"": ""hackathon"", ""accountType"": ""merchant_settlement""}"
TXN-90551,LED-90551,POSTED,2499.0,INR,2026-08-04 00:48:32,CREDIT,ACC-1035,"{""source"": ""mock_ledger"", ""environment"": ""hackathon"", ""accountType"": ""merchant_settlement""}"
TXN-90552,LED-90552,POSTED,1999.0,INR,2026-08-04 01:09:48,CREDIT,ACC-1001,"{""source"": ""mock_ledger"", ""environment"": ""hackathon"", ""accountType"": ""merchant_settlement""}"
TXN-90554,LED-90554,POSTED,6750.0,INR,2026-08-04 01:12:46,CREDIT,ACC-1005,"{""source"": ""mock_ledger"", ""environment"": ""hackathon"", ""accountType"": ""merchant_settlement""}"
TXN-90556,LED-90556,POSTED,1250.0,INR,2026-08-04 01:37:03,CREDIT,ACC-1089,"{""source"": ""mock_ledger"", ""environment"": ""hackathon"", ""accountType"": ""merchant_settlement""}"
TXN-90557,LED-90557,POSTED,4200.0,INR,2026-08-04 01:45:15,CREDIT,ACC-1030,"{""source"": ""mock_ledger"", ""environment"": ""hackathon"", ""accountType"": ""merchant_settlement""}"
TXN-90558,LED-90558,POSTED,4999.0,INR,2026-08-04 01:51:37,CREDIT,ACC-1013,"{""source"": ""mock_ledger"", ""environment"": ""hackathon"", ""accountType"": ""merchant_settlement""}"
TXN-90559,LED-90559,POSTED,1999.0,INR,2026-08-04 01:40:17,CREDIT,ACC-1062,"{""source"": ""mock_ledger"", ""environment"": ""hackathon"", ""accountType"": ""merchant_settlement""}"
TXN-90560,LED-90560,POSTED,199.0,INR,2026-08-04 02:03:08,CREDIT,ACC-1056,"{""source"": ""mock_ledger"", ""environment"": ""hackathon"", ""accountType"": ""merchant_settlement""}"
TXN-90561,LED-90561,POSTED,1250.0,INR,2026-08-04 01:59:37,CREDIT,ACC-1014,"{""source"": ""mock_ledger"", ""environment"": ""hackathon"", ""accountType"": ""merchant_settlement""}"
TXN-90562,LED-90562,POSTED,6750.0,INR,2026-08-04 02:11:21,CREDIT,ACC-1074,"{""source"": ""mock_ledger"", ""environment"": ""hackathon"", ""accountType"": ""merchant_settlement""}"
TXN-90563,LED-90563,POSTED,799.0,INR,2026-08-04 02:18:13,CREDIT,ACC-1090,"{""source"": ""mock_ledger"", ""environment"": ""hackathon"", ""accountType"": ""merchant_settlement""}"
TXN-90564,LED-90564,POSTED,2899.0,INR,2026-08-04 02:10:38,CREDIT,ACC-1038,"{""source"": ""mock_ledger"", ""environment"": ""hackathon"", ""accountType"": ""merchant_settlement""}"
TXN-90565,LED-90565,POSTED,4200.0,INR,2026-08-04 02:19:51,CREDIT,ACC-1046,"{""source"": ""mock_ledger"", ""environment"": ""hackathon"", ""accountType"": ""merchant_settlement""}"
TXN-90566,LED-90566,POSTED,12500.0,INR,2026-08-04 02:34:19,CREDIT,ACC-1001,"{""source"": ""mock_ledger"", ""environment"": ""hackathon"", ""accountType"": ""merchant_settlement""}"
TXN-90568,LED-90568,POSTED,12500.0,INR,2026-08-04 02:43:14,CREDIT,ACC-1049,"{""source"": ""mock_ledger"", ""environment"": ""hackathon"", ""accountType"": ""merchant_settlement""}"
TXN-90569,LED-90569,POSTED,6750.0,INR,2026-08-04 02:47:48,CREDIT,ACC-1003,"{""source"": ""mock_ledger"", ""environment"": ""hackathon"", ""accountType"": ""merchant_settlement""}"
TXN-90570,LED-90570,POSTED,1499.0,INR,2026-08-04 03:19:01,CREDIT,ACC-1053,"{""source"": ""mock_ledger"", ""environment"": ""hackathon"", ""accountType"": ""merchant_settlement""}"
TXN-90572,LED-90572,POSTED,799.0,INR,2026-08-04 03:13:26,CREDIT,ACC-1002,"{""source"": ""mock_ledger"", ""environment"": ""hackathon"", ""accountType"": ""merchant_settlement""}"
TXN-90574,LED-90574,POSTED,4999.0,INR,2026-08-04 03:23:47,CREDIT,ACC-1036,"{""source"": ""mock_ledger"", ""environment"": ""hackathon"", ""accountType"": ""merchant_settlement""}"
TXN-90575,LED-90575,POSTED,799.0,INR,2026-08-04 03:34:31,CREDIT,ACC-1032,"{""source"": ""mock_ledger"", ""environment"": ""hackathon"", ""accountType"": ""merchant_settlement""}"
TXN-90576,LED-90576,POSTED,299.0,INR,2026-08-04 03:54:33,CREDIT,ACC-1095,"{""source"": ""mock_ledger"", ""environment"": ""hackathon"", ""accountType"": ""merchant_settlement""}"
TXN-90577,LED-90577,POSTED,1999.0,INR,2026-08-04 03:47:07,CREDIT,ACC-1029,"{""source"": ""mock_ledger"", ""environment"": ""hackathon"", ""accountType"": ""merchant_settlement""}"
TXN-90579,LED-90579,POSTED,2499.0,INR,2026-08-04 03:54:20,CREDIT,ACC-1001,"{""source"": ""mock_ledger"", ""environment"": ""hackathon"", ""accountType"": ""merchant_settlement""}"
TXN-90580,LED-90580,POSTED,299.0,INR,2026-08-04 04:07:24,CREDIT,ACC-1060,"{""source"": ""mock_ledger"", ""environment"": ""hackathon"", ""accountType"": ""merchant_settlement""}"
TXN-90581,LED-90581,POSTED,199.0,INR,2026-08-04 04:24:01,CREDIT,ACC-1044,"{""source"": ""mock_ledger"", ""environment"": ""hackathon"", ""accountType"": ""merchant_settlement""}"
TXN-90582,LED-90582,POSTED,8999.0,INR,2026-08-04 04:21:48,CREDIT,ACC-1098,"{""source"": ""mock_ledger"", ""environment"": ""hackathon"", ""accountType"": ""merchant_settlement""}"
TXN-90583,LED-90583,POSTED,1499.0,INR,2026-08-04 04:37:35,CREDIT,ACC-1079,"{""source"": ""mock_ledger"", ""environment"": ""hackathon"", ""accountType"": ""merchant_settlement""}"
TXN-90584,LED-90584,POSTED,1599.0,INR,2026-08-04 04:38:20,CREDIT,ACC-1024,"{""source"": ""mock_ledger"", ""environment"": ""hackathon"", ""accountType"": ""merchant_settlement""}"
TXN-90585,LED-90585,POSTED,3499.0,INR,2026-08-04 05:01:03,CREDIT,ACC-1036,"{""source"": ""mock_ledger"", ""environment"": ""hackathon"", ""accountType"": ""merchant_settlement""}"
TXN-90586,LED-90586,POSTED,1599.0,INR,2026-08-04 04:51:19,CREDIT,ACC-1019,"{""source"": ""mock_ledger"", ""environment"": ""hackathon"", ""accountType"": ""merchant_settlement""}"
TXN-90587,LED-90587,POSTED,6750.0,INR,2026-08-04 04:26:18,CREDIT,ACC-1019,"{""source"": ""mock_ledger"", ""environment"": ""hackathon"", ""accountType"": ""merchant_settlement""}"
TXN-90588,LED-90588,POSTED,8999.0,INR,2026-08-04 04:36:12,CREDIT,ACC-1042,"{""source"": ""mock_ledger"", ""environment"": ""hackathon"", ""accountType"": ""merchant_settlement""}"
TXN-90589,LED-90589,POSTED,2899.0,INR,2026-08-04 05:26:12,CREDIT,ACC-1022,"{""source"": ""mock_ledger"", ""environment"": ""hackathon"", ""accountType"": ""merchant_settlement""}"
TXN-90590,LED-90590,POSTED,6750.0,INR,2026-08-04 05:22:47,CREDIT,ACC-1074,"{""source"": ""mock_ledger"", ""environment"": ""hackathon"", ""accountType"": ""merchant_settlement""}"
TXN-90591,LED-90591,POSTED,6750.0,INR,2026-08-04 05:34:50,CREDIT,ACC-1027,"{""source"": ""mock_ledger"", ""environment"": ""hackathon"", ""accountType"": ""merchant_settlement""}"
TXN-90592,LED-90592,POSTED,1999.0,INR,2026-08-04 05:32:19,CREDIT,ACC-1052,"{""source"": ""mock_ledger"", ""environment"": ""hackathon"", ""accountType"": ""merchant_settlement""}"
TXN-90593,LED-90593,POSTED,2899.0,INR,2026-08-04 05:48:52,CREDIT,ACC-1022,"{""source"": ""mock_ledger"", ""environment"": ""hackathon"", ""accountType"": ""merchant_settlement""}"
TXN-90594,LED-90594,POSTED,299.0,INR,2026-08-04 06:03:13,CREDIT,ACC-1028,"{""source"": ""mock_ledger"", ""environment"": ""hackathon"", ""accountType"": ""merchant_settlement""}"
TXN-90595,LED-90595,POSTED,8999.0,INR,2026-08-04 05:58:43,CREDIT,ACC-1029,"{""source"": ""mock_ledger"", ""environment"": ""hackathon"", ""accountType"": ""merchant_settlement""}"
TXN-90596,LED-90596,POSTED,6750.0,INR,2026-08-04 06:12:47,CREDIT,ACC-1006,"{""source"": ""mock_ledger"", ""environment"": ""hackathon"", ""accountType"": ""merchant_settlement""}"
TXN-90597,LED-90597,POSTED,8999.0,INR,2026-08-04 06:13:54,CREDIT,ACC-1036,"{""source"": ""mock_ledger"", ""environment"": ""hackathon"", ""accountType"": ""merchant_settlement""}"
TXN-90598,LED-90598,POSTED,1250.0,INR,2026-08-04 06:24:12,CREDIT,ACC-1014,"{""source"": ""mock_ledger"", ""environment"": ""hackathon"", ""accountType"": ""merchant_settlement""}"
TXN-90599,LED-90599,POSTED,199.0,INR,2026-08-04 05:43:16,CREDIT,ACC-1073,"{""source"": ""mock_ledger"", ""environment"": ""hackathon"", ""accountType"": ""merchant_settlement""}"
TXN-90600,LED-90600,POSTED,4200.0,INR,2026-08-04 06:33:33,CREDIT,ACC-1013,"{""source"": ""mock_ledger"", ""environment"": ""hackathon"", ""accountType"": ""merchant_settlement""}"
TXN-90601,LED-90601,POSTED,799.0,INR,2026-08-04 06:54:15,CREDIT,ACC-1004,"{""source"": ""mock_ledger"", ""environment"": ""hackathon"", ""accountType"": ""merchant_settlement""}"
TXN-90602,LED-90602,POSTED,499.0,INR,2026-08-04 06:46:41,CREDIT,ACC-1067,"{""source"": ""mock_ledger"", ""environment"": ""hackathon"", ""accountType"": ""merchant_settlement""}"
TXN-90604,LED-90604,POSTED,12500.0,INR,2026-08-04 06:59:16,CREDIT,ACC-1095,"{""source"": ""mock_ledger"", ""environment"": ""hackathon"", ""accountType"": ""merchant_settlement""}"
TXN-90605,LED-90605,POSTED,3499.0,INR,2026-08-04 07:11:21,CREDIT,ACC-1005,"{""source"": ""mock_ledger"", ""environment"": ""hackathon"", ""accountType"": ""merchant_settlement""}"
TXN-90607,LED-90607,POSTED,2499.0,INR,2026-08-04 07:32:03,CREDIT,ACC-1053,"{""source"": ""mock_ledger"", ""environment"": ""hackathon"", ""accountType"": ""merchant_settlement""}"
TXN-90609,LED-90609,POSTED,4200.0,INR,2026-08-04 07:47:06,CREDIT,ACC-1058,"{""source"": ""mock_ledger"", ""environment"": ""hackathon"", ""accountType"": ""merchant_settlement""}"
TXN-90610,LED-90610,POSTED,2499.0,INR,2026-08-04 06:59:04,CREDIT,ACC-1042,"{""source"": ""mock_ledger"", ""environment"": ""hackathon"", ""accountType"": ""merchant_settlement""}"
TXN-90611,LED-90611,POSTED,8999.0,INR,2026-08-04 07:48:45,CREDIT,ACC-1019,"{""source"": ""mock_ledger"", ""environment"": ""hackathon"", ""accountType"": ""merchant_settlement""}"
TXN-90613,LED-90613,POSTED,6750.0,INR,2026-08-04 08:09:29,CREDIT,ACC-1072,"{""source"": ""mock_ledger"", ""environment"": ""hackathon"", ""accountType"": ""merchant_settlement""}"
TXN-90614,LED-90614,POSTED,2499.0,INR,2026-08-04 08:15:50,CREDIT,ACC-1055,"{""source"": ""mock_ledger"", ""environment"": ""hackathon"", ""accountType"": ""merchant_settlement""}"
TXN-90615,LED-90615,POSTED,8999.0,INR,2026-08-04 08:10:30,CREDIT,ACC-1075,"{""source"": ""mock_ledger"", ""environment"": ""hackathon"", ""accountType"": ""merchant_settlement""}"
TXN-90616,LED-90616,POSTED,4200.0,INR,2026-08-04 08:39:32,CREDIT,ACC-1079,"{""source"": ""mock_ledger"", ""environment"": ""hackathon"", ""accountType"": ""merchant_settlement""}"
TXN-90617,LED-90617,POSTED,299.0,INR,2026-08-04 08:45:30,CREDIT,ACC-1075,"{""source"": ""mock_ledger"", ""environment"": ""hackathon"", ""accountType"": ""merchant_settlement""}"
TXN-90619,LED-90619,POSTED,1999.0,INR,2026-08-04 08:40:30,CREDIT,ACC-1048,"{""source"": ""mock_ledger"", ""environment"": ""hackathon"", ""accountType"": ""merchant_settlement""}"
TXN-90622,LED-90622,POSTED,999.0,INR,2026-08-04 09:20:04,CREDIT,ACC-1084,"{""source"": ""mock_ledger"", ""environment"": ""hackathon"", ""accountType"": ""merchant_settlement""}"
TXN-90623,LED-90623,POSTED,4999.0,INR,2026-08-04 09:26:00,CREDIT,ACC-1025,"{""source"": ""mock_ledger"", ""environment"": ""hackathon"", ""accountType"": ""merchant_settlement""}"
TXN-90624,LED-90624,POSTED,2899.0,INR,2026-08-04 09:10:43,CREDIT,ACC-1089,"{""source"": ""mock_ledger"", ""environment"": ""hackathon"", ""accountType"": ""merchant_settlement""}"
TXN-90625,LED-90625,POSTED,1999.0,INR,2026-08-04 08:42:08,CREDIT,ACC-1073,"{""source"": ""mock_ledger"", ""environment"": ""hackathon"", ""accountType"": ""merchant_settlement""}"
TXN-90626,LED-90626,POSTED,499.0,INR,2026-08-04 09:27:14,CREDIT,ACC-1029,"{""source"": ""mock_ledger"", ""environment"": ""hackathon"", ""accountType"": ""merchant_settlement""}"
TXN-90627,LED-90627,POSTED,999.0,INR,2026-08-04 09:40:40,CREDIT,ACC-1061,"{""source"": ""mock_ledger"", ""environment"": ""hackathon"", ""accountType"": ""merchant_settlement""}"
TXN-90628,LED-90628,POSTED,12500.0,INR,2026-08-04 09:56:22,CREDIT,ACC-1094,"{""source"": ""mock_ledger"", ""environment"": ""hackathon"", ""accountType"": ""merchant_settlement""}"
TXN-90629,LED-90629,POSTED,1250.0,INR,2026-08-04 09:51:35,CREDIT,ACC-1024,"{""source"": ""mock_ledger"", ""environment"": ""hackathon"", ""accountType"": ""merchant_settlement""}"
TXN-90630,LED-90630,POSTED,12500.0,INR,2026-08-04 09:59:40,CREDIT,ACC-1077,"{""source"": ""mock_ledger"", ""environment"": ""hackathon"", ""accountType"": ""merchant_settlement""}"
TXN-90631,LED-90631,POSTED,1250.0,INR,2026-08-04 10:18:54,CREDIT,ACC-1023,"{""source"": ""mock_ledger"", ""environment"": ""hackathon"", ""accountType"": ""merchant_settlement""}"
TXN-90632,LED-90632,POSTED,3499.0,INR,2026-08-04 10:08:59,CREDIT,ACC-1089,"{""source"": ""mock_ledger"", ""environment"": ""hackathon"", ""accountType"": ""merchant_settlement""}"
TXN-90634,LED-90634,POSTED,199.0,INR,2026-08-04 10:35:09,CREDIT,ACC-1084,"{""source"": ""mock_ledger"", ""environment"": ""hackathon"", ""accountType"": ""merchant_settlement""}"
TXN-90635,LED-90635,POSTED,499.0,INR,2026-08-04 10:54:48,CREDIT,ACC-1054,"{""source"": ""mock_ledger"", ""environment"": ""hackathon"", ""accountType"": ""merchant_settlement""}"
TXN-90636,LED-90636,POSTED,8999.0,INR,2026-08-04 10:06:10,CREDIT,ACC-1079,"{""source"": ""mock_ledger"", ""environment"": ""hackathon"", ""accountType"": ""merchant_settlement""}"
TXN-90637,LED-90637,POSTED,2499.0,INR,2026-08-04 10:59:01,CREDIT,ACC-1012,"{""source"": ""mock_ledger"", ""environment"": ""hackathon"", ""accountType"": ""merchant_settlement""}"
TXN-90638,LED-90638,POSTED,2499.0,INR,2026-08-04 11:16:45,CREDIT,ACC-1070,"{""source"": ""mock_ledger"", ""environment"": ""hackathon"", ""accountType"": ""merchant_settlement""}"
TXN-90639,LED-90639,POSTED,1250.0,INR,2026-08-04 10:21:50,CREDIT,ACC-1028,"{""source"": ""mock_ledger"", ""environment"": ""hackathon"", ""accountType"": ""merchant_settlement""}"
TXN-90643,LED-90643,POSTED,1499.0,INR,2026-08-04 11:32:54,CREDIT,ACC-1028,"{""source"": ""mock_ledger"", ""environment"": ""hackathon"", ""accountType"": ""merchant_settlement""}"
TXN-90646,LED-90646,POSTED,3499.0,INR,2026-08-04 11:44:37,CREDIT,ACC-1070,"{""source"": ""mock_ledger"", ""environment"": ""hackathon"", ""accountType"": ""merchant_settlement""}"
TXN-90648,LED-90648,POSTED,2899.0,INR,2026-08-04 12:24:35,CREDIT,ACC-1019,"{""source"": ""mock_ledger"", ""environment"": ""hackathon"", ""accountType"": ""merchant_settlement""}"
TXN-90649,LED-90649,POSTED,8999.0,INR,2026-08-04 12:27:39,CREDIT,ACC-1092,"{""source"": ""mock_ledger"", ""environment"": ""hackathon"", ""accountType"": ""merchant_settlement""}"
TXN-90651,LED-90651,POSTED,12500.0,INR,2026-08-04 12:36:16,CREDIT,ACC-1014,"{""source"": ""mock_ledger"", ""environment"": ""hackathon"", ""accountType"": ""merchant_settlement""}"
TXN-90652,LED-90652,POSTED,1999.0,INR,2026-08-04 12:29:48,CREDIT,ACC-1014,"{""source"": ""mock_ledger"", ""environment"": ""hackathon"", ""accountType"": ""merchant_settlement""}"
TXN-90653,LED-90653,POSTED,999.0,INR,2026-08-04 12:50:38,CREDIT,ACC-1057,"{""source"": ""mock_ledger"", ""environment"": ""hackathon"", ""accountType"": ""merchant_settlement""}"
TXN-90654,LED-90654,POSTED,1599.0,INR,2026-08-04 13:04:28,CREDIT,ACC-1020,"{""source"": ""mock_ledger"", ""environment"": ""hackathon"", ""accountType"": ""merchant_settlement""}"
TXN-90655,LED-90655,POSTED,299.0,INR,2026-08-04 12:52:26,CREDIT,ACC-1058,"{""source"": ""mock_ledger"", ""environment"": ""hackathon"", ""accountType"": ""merchant_settlement""}"
TXN-90657,LED-90657,POSTED,2499.0,INR,2026-08-04 12:27:52,CREDIT,ACC-1028,"{""source"": ""mock_ledger"", ""environment"": ""hackathon"", ""accountType"": ""merchant_settlement""}"
TXN-90662,LED-90662,POSTED,1999.0,INR,2026-08-04 13:59:17,CREDIT,ACC-1080,"{""source"": ""mock_ledger"", ""environment"": ""hackathon"", ""accountType"": ""merchant_settlement""}"
TXN-90663,LED-90663,POSTED,799.0,INR,2026-08-04 13:14:10,CREDIT,ACC-1040,"{""source"": ""mock_ledger"", ""environment"": ""hackathon"", ""accountType"": ""merchant_settlement""}"
TXN-90664,LED-90664,POSTED,1999.0,INR,2026-08-04 13:52:59,CREDIT,ACC-1086,"{""source"": ""mock_ledger"", ""environment"": ""hackathon"", ""accountType"": ""merchant_settlement""}"
TXN-90667,LED-90667,POSTED,1250.0,INR,2026-08-04 14:25:35,CREDIT,ACC-1080,"{""source"": ""mock_ledger"", ""environment"": ""hackathon"", ""accountType"": ""merchant_settlement""}"
TXN-90668,LED-90668,POSTED,4999.0,INR,2026-08-04 14:43:42,CREDIT,ACC-1025,"{""source"": ""mock_ledger"", ""environment"": ""hackathon"", ""accountType"": ""merchant_settlement""}"
TXN-90669,LED-90669,POSTED,199.0,INR,2026-08-04 14:51:24,CREDIT,ACC-1080,"{""source"": ""mock_ledger"", ""environment"": ""hackathon"", ""accountType"": ""merchant_settlement""}"
TXN-90670,LED-90670,POSTED,2499.0,INR,2026-08-04 14:59:11,CREDIT,ACC-1079,"{""source"": ""mock_ledger"", ""environment"": ""hackathon"", ""accountType"": ""merchant_settlement""}"
TXN-90671,LED-90671,POSTED,12500.0,INR,2026-08-04 14:40:25,CREDIT,ACC-1093,"{""source"": ""mock_ledger"", ""environment"": ""hackathon"", ""accountType"": ""merchant_settlement""}"
TXN-90672,LED-90672,POSTED,499.0,INR,2026-08-04 15:08:52,CREDIT,ACC-1061,"{""source"": ""mock_ledger"", ""environment"": ""hackathon"", ""accountType"": ""merchant_settlement""}"
TXN-90673,LED-90673,POSTED,1499.0,INR,2026-08-04 14:58:26,CREDIT,ACC-1004,"{""source"": ""mock_ledger"", ""environment"": ""hackathon"", ""accountType"": ""merchant_settlement""}"
TXN-90674,LED-90674,POSTED,1999.0,INR,2026-08-04 15:13:37,CREDIT,ACC-1071,"{""source"": ""mock_ledger"", ""environment"": ""hackathon"", ""accountType"": ""merchant_settlement""}"
TXN-90675,LED-90675,POSTED,1250.0,INR,2026-08-04 15:14:19,CREDIT,ACC-1085,"{""source"": ""mock_ledger"", ""environment"": ""hackathon"", ""accountType"": ""merchant_settlement""}"
TXN-90676,LED-90676,POSTED,2499.0,INR,2026-08-04 15:37:37,CREDIT,ACC-1009,"{""source"": ""mock_ledger"", ""environment"": ""hackathon"", ""accountType"": ""merchant_settlement""}"
TXN-90677,LED-90677,POSTED,6750.0,INR,2026-08-04 15:34:24,CREDIT,ACC-1081,"{""source"": ""mock_ledger"", ""environment"": ""hackathon"", ""accountType"": ""merchant_settlement""}"
TXN-90681,LED-90681,POSTED,199.0,INR,2026-08-04 16:12:38,CREDIT,ACC-1025,"{""source"": ""mock_ledger"", ""environment"": ""hackathon"", ""accountType"": ""merchant_settlement""}"
TXN-90682,LED-90682,POSTED,499.0,INR,2026-08-04 15:57:42,CREDIT,ACC-1021,"{""source"": ""mock_ledger"", ""environment"": ""hackathon"", ""accountType"": ""merchant_settlement""}"
TXN-90683,LED-90683,POSTED,3499.0,INR,2026-08-04 16:16:37,CREDIT,ACC-1012,"{""source"": ""mock_ledger"", ""environment"": ""hackathon"", ""accountType"": ""merchant_settlement""}"
TXN-90684,LED-90684,POSTED,299.0,INR,2026-08-04 16:37:40,CREDIT,ACC-1038,"{""source"": ""mock_ledger"", ""environment"": ""hackathon"", ""accountType"": ""merchant_settlement""}"
TXN-90686,LED-90686,POSTED,299.0,INR,2026-08-04 16:29:27,CREDIT,ACC-1067,"{""source"": ""mock_ledger"", ""environment"": ""hackathon"", ""accountType"": ""merchant_settlement""}"
TXN-90687,LED-90687,POSTED,999.0,INR,2026-08-04 16:53:20,CREDIT,ACC-1029,"{""source"": ""mock_ledger"", ""environment"": ""hackathon"", ""accountType"": ""merchant_settlement""}"
TXN-90688,LED-90688,POSTED,12500.0,INR,2026-08-04 17:03:38,CREDIT,ACC-1057,"{""source"": ""mock_ledger"", ""environment"": ""hackathon"", ""accountType"": ""merchant_settlement""}"
TXN-90690,LED-90690,POSTED,4999.0,INR,2026-08-04 16:55:23,CREDIT,ACC-1071,"{""source"": ""mock_ledger"", ""environment"": ""hackathon"", ""accountType"": ""merchant_settlement""}"
TXN-90691,LED-90691,POSTED,199.0,INR,2026-08-04 17:01:14,CREDIT,ACC-1044,"{""source"": ""mock_ledger"", ""environment"": ""hackathon"", ""accountType"": ""merchant_settlement""}"
TXN-90693,LED-90693,POSTED,999.0,INR,2026-08-04 17:29:18,CREDIT,ACC-1023,"{""source"": ""mock_ledger"", ""environment"": ""hackathon"", ""accountType"": ""merchant_settlement""}"
TXN-90694,LED-90694,POSTED,2899.0,INR,2026-08-04 17:47:47,CREDIT,ACC-1064,"{""source"": ""mock_ledger"", ""environment"": ""hackathon"", ""accountType"": ""merchant_settlement""}"
TXN-90695,LED-90695,POSTED,499.0,INR,2026-08-04 17:37:00,CREDIT,ACC-1031,"{""source"": ""mock_ledger"", ""environment"": ""hackathon"", ""accountType"": ""merchant_settlement""}"
TXN-90696,LED-90696,POSTED,499.0,INR,2026-08-04 17:41:04,CREDIT,ACC-1092,"{""source"": ""mock_ledger"", ""environment"": ""hackathon"", ""accountType"": ""merchant_settlement""}"
TXN-90697,LED-90697,POSTED,2899.0,INR,2026-08-04 17:46:36,CREDIT,ACC-1011,"{""source"": ""mock_ledger"", ""environment"": ""hackathon"", ""accountType"": ""merchant_settlement""}"
TXN-90698,LED-90698,POSTED,8999.0,INR,2026-08-04 18:03:02,CREDIT,ACC-1091,"{""source"": ""mock_ledger"", ""environment"": ""hackathon"", ""accountType"": ""merchant_settlement""}"
TXN-90699,LED-90699,POSTED,1499.0,INR,2026-08-04 17:59:05,CREDIT,ACC-1034,"{""source"": ""mock_ledger"", ""environment"": ""hackathon"", ""accountType"": ""merchant_settlement""}"
TXN-90700,LED-90700,POSTED,2899.0,INR,2026-08-04 18:11:14,CREDIT,ACC-1025,"{""source"": ""mock_ledger"", ""environment"": ""hackathon"", ""accountType"": ""merchant_settlement""}"
TXN-90702,LED-90702,POSTED,8999.0,INR,2026-08-04 18:29:56,CREDIT,ACC-1077,"{""source"": ""mock_ledger"", ""environment"": ""hackathon"", ""accountType"": ""merchant_settlement""}"
TXN-90703,LED-90703,POSTED,1499.0,INR,2026-08-04 18:30:34,CREDIT,ACC-1030,"{""source"": ""mock_ledger"", ""environment"": ""hackathon"", ""accountType"": ""merchant_settlement""}"
TXN-90704,LED-90704,POSTED,2899.0,INR,2026-08-04 18:50:23,CREDIT,ACC-1032,"{""source"": ""mock_ledger"", ""environment"": ""hackathon"", ""accountType"": ""merchant_settlement""}"
TXN-90705,LED-90705,POSTED,3499.0,INR,2026-08-04 18:53:28,CREDIT,ACC-1016,"{""source"": ""mock_ledger"", ""environment"": ""hackathon"", ""accountType"": ""merchant_settlement""}"
TXN-90706,LED-90706,POSTED,8999.0,INR,2026-08-04 18:13:20,CREDIT,ACC-1045,"{""source"": ""mock_ledger"", ""environment"": ""hackathon"", ""accountType"": ""merchant_settlement""}"
TXN-90707,LED-90707,POSTED,799.0,INR,2026-08-04 19:08:48,CREDIT,ACC-1074,"{""source"": ""mock_ledger"", ""environment"": ""hackathon"", ""accountType"": ""merchant_settlement""}"
TXN-90708,LED-90708,POSTED,8999.0,INR,2026-08-04 19:18:58,CREDIT,ACC-1008,"{""source"": ""mock_ledger"", ""environment"": ""hackathon"", ""accountType"": ""merchant_settlement""}"
TXN-90709,LED-90709,POSTED,6750.0,INR,2026-08-04 19:23:56,CREDIT,ACC-1049,"{""source"": ""mock_ledger"", ""environment"": ""hackathon"", ""accountType"": ""merchant_settlement""}"
TXN-90710,LED-90710,POSTED,1599.0,INR,2026-08-04 19:24:45,CREDIT,ACC-1010,"{""source"": ""mock_ledger"", ""environment"": ""hackathon"", ""accountType"": ""merchant_settlement""}"
TXN-90711,LED-90711,POSTED,2499.0,INR,2026-08-04 19:19:48,CREDIT,ACC-1008,"{""source"": ""mock_ledger"", ""environment"": ""hackathon"", ""accountType"": ""merchant_settlement""}"
TXN-90712,LED-90712,POSTED,1250.0,INR,2026-08-04 19:30:57,CREDIT,ACC-1048,"{""source"": ""mock_ledger"", ""environment"": ""hackathon"", ""accountType"": ""merchant_settlement""}"
TXN-90713,LED-90713,POSTED,2899.0,INR,2026-08-04 19:40:58,CREDIT,ACC-1014,"{""source"": ""mock_ledger"", ""environment"": ""hackathon"", ""accountType"": ""merchant_settlement""}"
TXN-90717,LED-90717,POSTED,4999.0,INR,2026-08-04 20:06:34,CREDIT,ACC-1044,"{""source"": ""mock_ledger"", ""environment"": ""hackathon"", ""accountType"": ""merchant_settlement""}"
TXN-90718,LED-90718,POSTED,12500.0,INR,2026-08-04 20:24:16,CREDIT,ACC-1009,"{""source"": ""mock_ledger"", ""environment"": ""hackathon"", ""accountType"": ""merchant_settlement""}"
TXN-90719,LED-90719,POSTED,8999.0,INR,2026-08-04 20:35:53,CREDIT,ACC-1088,"{""source"": ""mock_ledger"", ""environment"": ""hackathon"", ""accountType"": ""merchant_settlement""}"
TXN-90721,LED-90721,POSTED,2899.0,INR,2026-08-04 20:43:40,CREDIT,ACC-1044,"{""source"": ""mock_ledger"", ""environment"": ""hackathon"", ""accountType"": ""merchant_settlement""}"
TXN-90723,LED-90723,POSTED,1599.0,INR,2026-08-04 20:48:17,CREDIT,ACC-1066,"{""source"": ""mock_ledger"", ""environment"": ""hackathon"", ""accountType"": ""merchant_settlement""}"
TXN-90724,LED-90724,POSTED,999.0,INR,2026-08-04 21:05:17,CREDIT,ACC-1045,"{""source"": ""mock_ledger"", ""environment"": ""hackathon"", ""accountType"": ""merchant_settlement""}"
TXN-90725,LED-90725,POSTED,6750.0,INR,2026-08-04 21:21:34,CREDIT,ACC-1081,"{""source"": ""mock_ledger"", ""environment"": ""hackathon"", ""accountType"": ""merchant_settlement""}"
TXN-90726,LED-90726,POSTED,199.0,INR,2026-08-04 21:05:04,CREDIT,ACC-1040,"{""source"": ""mock_ledger"", ""environment"": ""hackathon"", ""accountType"": ""merchant_settlement""}"
TXN-90727,LED-90727,POSTED,1250.0,INR,2026-08-04 21:22:17,CREDIT,ACC-1026,"{""source"": ""mock_ledger"", ""environment"": ""hackathon"", ""accountType"": ""merchant_settlement""}"
TXN-90729,LED-90729,POSTED,12500.0,INR,2026-08-04 21:33:10,CREDIT,ACC-1072,"{""source"": ""mock_ledger"", ""environment"": ""hackathon"", ""accountType"": ""merchant_settlement""}"
TXN-90730,LED-90730,POSTED,799.0,INR,2026-08-04 21:51:24,CREDIT,ACC-1033,"{""source"": ""mock_ledger"", ""environment"": ""hackathon"", ""accountType"": ""merchant_settlement""}"
TXN-90731,LED-90731,POSTED,4999.0,INR,2026-08-04 22:00:11,CREDIT,ACC-1059,"{""source"": ""mock_ledger"", ""environment"": ""hackathon"", ""accountType"": ""merchant_settlement""}"
TXN-90732,LED-90732,POSTED,199.0,INR,2026-08-04 22:10:39,CREDIT,ACC-1053,"{""source"": ""mock_ledger"", ""environment"": ""hackathon"", ""accountType"": ""merchant_settlement""}"
TXN-90733,LED-90733,POSTED,1499.0,INR,2026-08-04 21:57:28,CREDIT,ACC-1002,"{""source"": ""mock_ledger"", ""environment"": ""hackathon"", ""accountType"": ""merchant_settlement""}"
TXN-90734,LED-90734,POSTED,999.0,INR,2026-08-04 22:17:27,CREDIT,ACC-1093,"{""source"": ""mock_ledger"", ""environment"": ""hackathon"", ""accountType"": ""merchant_settlement""}"
TXN-90735,LED-90735,POSTED,1999.0,INR,2026-08-04 22:27:06,CREDIT,ACC-1050,"{""source"": ""mock_ledger"", ""environment"": ""hackathon"", ""accountType"": ""merchant_settlement""}"
TXN-90736,LED-90736,POSTED,1999.0,INR,2026-08-04 22:20:09,CREDIT,ACC-1034,"{""source"": ""mock_ledger"", ""environment"": ""hackathon"", ""accountType"": ""merchant_settlement""}"
TXN-90737,LED-90737,POSTED,799.0,INR,2026-08-04 21:58:40,CREDIT,ACC-1083,"{""source"": ""mock_ledger"", ""environment"": ""hackathon"", ""accountType"": ""merchant_settlement""}"
TXN-90738,LED-90738,POSTED,199.0,INR,2026-08-04 22:38:27,CREDIT,ACC-1045,"{""source"": ""mock_ledger"", ""environment"": ""hackathon"", ""accountType"": ""merchant_settlement""}"
TXN-90740,LED-90740,POSTED,1599.0,INR,2026-08-04 22:42:18,CREDIT,ACC-1092,"{""source"": ""mock_ledger"", ""environment"": ""hackathon"", ""accountType"": ""merchant_settlement""}"
TXN-90741,LED-90741,POSTED,799.0,INR,2026-08-04 22:59:48,CREDIT,ACC-1079,"{""source"": ""mock_ledger"", ""environment"": ""hackathon"", ""accountType"": ""merchant_settlement""}"
TXN-90742,LED-90742,POSTED,199.0,INR,2026-08-04 23:12:17,CREDIT,ACC-1051,"{""source"": ""mock_ledger"", ""environment"": ""hackathon"", ""accountType"": ""merchant_settlement""}"
TXN-90743,LED-90743,POSTED,1599.0,INR,2026-08-04 23:18:44,CREDIT,ACC-1064,"{""source"": ""mock_ledger"", ""environment"": ""hackathon"", ""accountType"": ""merchant_settlement""}"
TXN-90744,LED-90744,POSTED,12500.0,INR,2026-08-04 23:14:03,CREDIT,ACC-1077,"{""source"": ""mock_ledger"", ""environment"": ""hackathon"", ""accountType"": ""merchant_settlement""}"
TXN-90745,LED-90745,POSTED,6750.0,INR,2026-08-04 23:22:46,CREDIT,ACC-1002,"{""source"": ""mock_ledger"", ""environment"": ""hackathon"", ""accountType"": ""merchant_settlement""}"
TXN-90746,LED-90746,POSTED,6750.0,INR,2026-08-04 23:46:55,CREDIT,ACC-1074,"{""source"": ""mock_ledger"", ""environment"": ""hackathon"", ""accountType"": ""merchant_settlement""}"
TXN-90747,LED-90747,POSTED,799.0,INR,2026-08-04 23:40:08,CREDIT,ACC-1045,"{""source"": ""mock_ledger"", ""environment"": ""hackathon"", ""accountType"": ""merchant_settlement""}"
TXN-90748,LED-90748,POSTED,499.0,INR,2026-08-05 00:03:18,CREDIT,ACC-1081,"{""source"": ""mock_ledger"", ""environment"": ""hackathon"", ""accountType"": ""merchant_settlement""}"
TXN-90749,LED-90749,POSTED,4999.0,INR,2026-08-05 00:08:18,CREDIT,ACC-1093,"{""source"": ""mock_ledger"", ""environment"": ""hackathon"", ""accountType"": ""merchant_settlement""}"
TXN-90751,LED-90751,POSTED,4200.0,INR,2026-08-05 00:15:11,CREDIT,ACC-1016,"{""source"": ""mock_ledger"", ""environment"": ""hackathon"", ""accountType"": ""merchant_settlement""}"
TXN-90753,LED-90753,POSTED,999.0,INR,2026-08-05 00:21:31,CREDIT,ACC-1037,"{""source"": ""mock_ledger"", ""environment"": ""hackathon"", ""accountType"": ""merchant_settlement""}"
TXN-90754,LED-90754,POSTED,799.0,INR,2026-08-05 00:21:42,CREDIT,ACC-1086,"{""source"": ""mock_ledger"", ""environment"": ""hackathon"", ""accountType"": ""merchant_settlement""}"
TXN-90757,LED-90757,POSTED,4999.0,INR,2026-08-05 00:11:48,CREDIT,ACC-1074,"{""source"": ""mock_ledger"", ""environment"": ""hackathon"", ""accountType"": ""merchant_settlement""}"
TXN-90758,LED-90758,POSTED,4999.0,INR,2026-08-05 00:59:34,CREDIT,ACC-1012,"{""source"": ""mock_ledger"", ""environment"": ""hackathon"", ""accountType"": ""merchant_settlement""}"
TXN-90759,LED-90759,POSTED,1499.0,INR,2026-08-05 01:09:46,CREDIT,ACC-1074,"{""source"": ""mock_ledger"", ""environment"": ""hackathon"", ""accountType"": ""merchant_settlement""}"
TXN-90760,LED-90760,POSTED,3499.0,INR,2026-08-05 01:27:43,CREDIT,ACC-1080,"{""source"": ""mock_ledger"", ""environment"": ""hackathon"", ""accountType"": ""merchant_settlement""}"
TXN-90761,LED-90761,POSTED,499.0,INR,2026-08-05 01:27:32,CREDIT,ACC-1010,"{""source"": ""mock_ledger"", ""environment"": ""hackathon"", ""accountType"": ""merchant_settlement""}"
TXN-90762,LED-90762,POSTED,1599.0,INR,2026-08-05 01:30:11,CREDIT,ACC-1051,"{""source"": ""mock_ledger"", ""environment"": ""hackathon"", ""accountType"": ""merchant_settlement""}"
TXN-90764,LED-90764,POSTED,12500.0,INR,2026-08-05 01:42:44,CREDIT,ACC-1039,"{""source"": ""mock_ledger"", ""environment"": ""hackathon"", ""accountType"": ""merchant_settlement""}"
TXN-90765,LED-90765,POSTED,12500.0,INR,2026-08-05 01:46:34,CREDIT,ACC-1082,"{""source"": ""mock_ledger"", ""environment"": ""hackathon"", ""accountType"": ""merchant_settlement""}"
TXN-90767,LED-90767,POSTED,999.0,INR,2026-08-05 02:04:59,CREDIT,ACC-1080,"{""source"": ""mock_ledger"", ""environment"": ""hackathon"", ""accountType"": ""merchant_settlement""}"
TXN-90768,LED-90768,POSTED,1999.0,INR,2026-08-05 02:08:12,CREDIT,ACC-1044,"{""source"": ""mock_ledger"", ""environment"": ""hackathon"", ""accountType"": ""merchant_settlement""}"
TXN-90769,LED-90769,POSTED,999.0,INR,2026-08-05 02:22:53,CREDIT,ACC-1079,"{""source"": ""mock_ledger"", ""environment"": ""hackathon"", ""accountType"": ""merchant_settlement""}"
TXN-90770,LED-90770,POSTED,2899.0,INR,2026-08-05 02:31:33,CREDIT,ACC-1055,"{""source"": ""mock_ledger"", ""environment"": ""hackathon"", ""accountType"": ""merchant_settlement""}"
TXN-90772,LED-90772,POSTED,499.0,INR,2026-08-05 02:34:40,CREDIT,ACC-1058,"{""source"": ""mock_ledger"", ""environment"": ""hackathon"", ""accountType"": ""merchant_settlement""}"
TXN-90775,LED-90775,POSTED,199.0,INR,2026-08-05 03:11:08,CREDIT,ACC-1040,"{""source"": ""mock_ledger"", ""environment"": ""hackathon"", ""accountType"": ""merchant_settlement""}"
TXN-90776,LED-90776,POSTED,1599.0,INR,2026-08-05 03:19:14,CREDIT,ACC-1092,"{""source"": ""mock_ledger"", ""environment"": ""hackathon"", ""accountType"": ""merchant_settlement""}"
TXN-90777,LED-90777,POSTED,799.0,INR,2026-08-05 03:25:34,CREDIT,ACC-1041,"{""source"": ""mock_ledger"", ""environment"": ""hackathon"", ""accountType"": ""merchant_settlement""}"
TXN-90778,LED-90778,POSTED,1499.0,INR,2026-08-05 03:30:26,CREDIT,ACC-1026,"{""source"": ""mock_ledger"", ""environment"": ""hackathon"", ""accountType"": ""merchant_settlement""}"
TXN-90779,LED-90779,POSTED,3499.0,INR,2026-08-05 03:23:22,CREDIT,ACC-1019,"{""source"": ""mock_ledger"", ""environment"": ""hackathon"", ""accountType"": ""merchant_settlement""}"
TXN-90781,LED-90781,POSTED,2899.0,INR,2026-08-05 02:55:02,CREDIT,ACC-1021,"{""source"": ""mock_ledger"", ""environment"": ""hackathon"", ""accountType"": ""merchant_settlement""}"
TXN-90783,LED-90783,POSTED,999.0,INR,2026-08-05 03:16:08,CREDIT,ACC-1046,"{""source"": ""mock_ledger"", ""environment"": ""hackathon"", ""accountType"": ""merchant_settlement""}"
TXN-90784,LED-90784,POSTED,299.0,INR,2026-08-05 03:57:27,CREDIT,ACC-1083,"{""source"": ""mock_ledger"", ""environment"": ""hackathon"", ""accountType"": ""merchant_settlement""}"
TXN-90785,LED-90785,POSTED,199.0,INR,2026-08-05 03:57:14,CREDIT,ACC-1069,"{""source"": ""mock_ledger"", ""environment"": ""hackathon"", ""accountType"": ""merchant_settlement""}"
TXN-90786,LED-90786,POSTED,6750.0,INR,2026-08-05 04:07:45,CREDIT,ACC-1092,"{""source"": ""mock_ledger"", ""environment"": ""hackathon"", ""accountType"": ""merchant_settlement""}"
TXN-90787,LED-90787,POSTED,799.0,INR,2026-08-05 04:35:02,CREDIT,ACC-1100,"{""source"": ""mock_ledger"", ""environment"": ""hackathon"", ""accountType"": ""merchant_settlement""}"
TXN-90788,LED-90788,POSTED,12500.0,INR,2026-08-05 04:17:17,CREDIT,ACC-1011,"{""source"": ""mock_ledger"", ""environment"": ""hackathon"", ""accountType"": ""merchant_settlement""}"
TXN-90789,LED-90789,POSTED,999.0,INR,2026-08-05 04:40:42,CREDIT,ACC-1066,"{""source"": ""mock_ledger"", ""environment"": ""hackathon"", ""accountType"": ""merchant_settlement""}"
TXN-90790,LED-90790,POSTED,4200.0,INR,2026-08-05 04:42:42,CREDIT,ACC-1051,"{""source"": ""mock_ledger"", ""environment"": ""hackathon"", ""accountType"": ""merchant_settlement""}"
TXN-90791,LED-90791,POSTED,1250.0,INR,2026-08-05 05:05:51,CREDIT,ACC-1024,"{""source"": ""mock_ledger"", ""environment"": ""hackathon"", ""accountType"": ""merchant_settlement""}"
TXN-90793,LED-90793,POSTED,2899.0,INR,2026-08-05 05:07:06,CREDIT,ACC-1021,"{""source"": ""mock_ledger"", ""environment"": ""hackathon"", ""accountType"": ""merchant_settlement""}"
TXN-90794,LED-90794,POSTED,12500.0,INR,2026-08-05 05:07:42,CREDIT,ACC-1069,"{""source"": ""mock_ledger"", ""environment"": ""hackathon"", ""accountType"": ""merchant_settlement""}"
TXN-90795,LED-90795,POSTED,199.0,INR,2026-08-05 05:18:00,CREDIT,ACC-1025,"{""source"": ""mock_ledger"", ""environment"": ""hackathon"", ""accountType"": ""merchant_settlement""}"
TXN-90796,LED-90796,POSTED,1999.0,INR,2026-08-05 04:40:33,CREDIT,ACC-1014,"{""source"": ""mock_ledger"", ""environment"": ""hackathon"", ""accountType"": ""merchant_settlement""}"
TXN-90797,LED-90797,POSTED,12500.0,INR,2026-08-05 05:44:07,CREDIT,ACC-1037,"{""source"": ""mock_ledger"", ""environment"": ""hackathon"", ""accountType"": ""merchant_settlement""}"
TXN-90799,LED-90799,POSTED,999.0,INR,2026-08-05 05:57:10,CREDIT,ACC-1093,"{""source"": ""mock_ledger"", ""environment"": ""hackathon"", ""accountType"": ""merchant_settlement""}"
TXN-90800,LED-90800,POSTED,8999.0,INR,2026-08-05 06:06:06,CREDIT,ACC-1036,"{""source"": ""mock_ledger"", ""environment"": ""hackathon"", ""accountType"": ""merchant_settlement""}"
TXN-90801,LED-90801,POSTED,8999.0,INR,2026-08-05 05:51:59,CREDIT,ACC-1084,"{""source"": ""mock_ledger"", ""environment"": ""hackathon"", ""accountType"": ""merchant_settlement""}"
TXN-90802,LED-90802,POSTED,799.0,INR,2026-08-05 06:02:06,CREDIT,ACC-1091,"{""source"": ""mock_ledger"", ""environment"": ""hackathon"", ""accountType"": ""merchant_settlement""}"
TXN-90803,LED-90803,POSTED,999.0,INR,2026-08-05 06:16:08,CREDIT,ACC-1066,"{""source"": ""mock_ledger"", ""environment"": ""hackathon"", ""accountType"": ""merchant_settlement""}"
TXN-90804,LED-90804,POSTED,2899.0,INR,2026-08-05 06:21:54,CREDIT,ACC-1051,"{""source"": ""mock_ledger"", ""environment"": ""hackathon"", ""accountType"": ""merchant_settlement""}"
TXN-90805,LED-90805,POSTED,1999.0,INR,2026-08-05 06:27:02,CREDIT,ACC-1084,"{""source"": ""mock_ledger"", ""environment"": ""hackathon"", ""accountType"": ""merchant_settlement""}"
TXN-90806,LED-90806,POSTED,12500.0,INR,2026-08-05 06:26:53,CREDIT,ACC-1074,"{""source"": ""mock_ledger"", ""environment"": ""hackathon"", ""accountType"": ""merchant_settlement""}"
TXN-90807,LED-90807,POSTED,12500.0,INR,2026-08-05 06:39:48,CREDIT,ACC-1080,"{""source"": ""mock_ledger"", ""environment"": ""hackathon"", ""accountType"": ""merchant_settlement""}"
TXN-90808,LED-90808,POSTED,6750.0,INR,2026-08-05 06:46:00,CREDIT,ACC-1082,"{""source"": ""mock_ledger"", ""environment"": ""hackathon"", ""accountType"": ""merchant_settlement""}"
TXN-90809,LED-90809,POSTED,3499.0,INR,2026-08-05 07:02:46,CREDIT,ACC-1064,"{""source"": ""mock_ledger"", ""environment"": ""hackathon"", ""accountType"": ""merchant_settlement""}"
TXN-90810,LED-90810,POSTED,499.0,INR,2026-08-05 06:58:20,CREDIT,ACC-1084,"{""source"": ""mock_ledger"", ""environment"": ""hackathon"", ""accountType"": ""merchant_settlement""}"
TXN-90812,LED-90812,POSTED,2899.0,INR,2026-08-05 07:21:07,CREDIT,ACC-1001,"{""source"": ""mock_ledger"", ""environment"": ""hackathon"", ""accountType"": ""merchant_settlement""}"
TXN-90815,LED-90815,POSTED,4200.0,INR,2026-08-05 07:47:00,CREDIT,ACC-1088,"{""source"": ""mock_ledger"", ""environment"": ""hackathon"", ""accountType"": ""merchant_settlement""}"
TXN-90816,LED-90816,POSTED,2899.0,INR,2026-08-05 07:47:13,CREDIT,ACC-1029,"{""source"": ""mock_ledger"", ""environment"": ""hackathon"", ""accountType"": ""merchant_settlement""}"
TXN-90817,LED-90817,POSTED,199.0,INR,2026-08-05 08:03:49,CREDIT,ACC-1081,"{""source"": ""mock_ledger"", ""environment"": ""hackathon"", ""accountType"": ""merchant_settlement""}"
TXN-90818,LED-90818,POSTED,799.0,INR,2026-08-05 08:09:58,CREDIT,ACC-1010,"{""source"": ""mock_ledger"", ""environment"": ""hackathon"", ""accountType"": ""merchant_settlement""}"
TXN-90819,LED-90819,POSTED,499.0,INR,2026-08-05 07:59:47,CREDIT,ACC-1068,"{""source"": ""mock_ledger"", ""environment"": ""hackathon"", ""accountType"": ""merchant_settlement""}"
TXN-90820,LED-90820,POSTED,799.0,INR,2026-08-05 08:11:17,CREDIT,ACC-1062,"{""source"": ""mock_ledger"", ""environment"": ""hackathon"", ""accountType"": ""merchant_settlement""}"
TXN-90821,LED-90821,POSTED,199.0,INR,2026-08-05 08:20:17,CREDIT,ACC-1081,"{""source"": ""mock_ledger"", ""environment"": ""hackathon"", ""accountType"": ""merchant_settlement""}"
TXN-90823,LED-90823,POSTED,6750.0,INR,2026-08-05 07:55:00,CREDIT,ACC-1050,"{""source"": ""mock_ledger"", ""environment"": ""hackathon"", ""accountType"": ""merchant_settlement""}"
TXN-90824,LED-90824,POSTED,799.0,INR,2026-08-05 08:42:55,CREDIT,ACC-1091,"{""source"": ""mock_ledger"", ""environment"": ""hackathon"", ""accountType"": ""merchant_settlement""}"
TXN-90826,LED-90826,POSTED,1499.0,INR,2026-08-05 08:48:00,CREDIT,ACC-1014,"{""source"": ""mock_ledger"", ""environment"": ""hackathon"", ""accountType"": ""merchant_settlement""}"
TXN-90827,LED-90827,POSTED,6750.0,INR,2026-08-05 09:08:50,CREDIT,ACC-1090,"{""source"": ""mock_ledger"", ""environment"": ""hackathon"", ""accountType"": ""merchant_settlement""}"
TXN-90828,LED-90828,POSTED,6750.0,INR,2026-08-05 09:17:58,CREDIT,ACC-1044,"{""source"": ""mock_ledger"", ""environment"": ""hackathon"", ""accountType"": ""merchant_settlement""}"
TXN-90830,LED-90830,POSTED,8999.0,INR,2026-08-05 09:22:20,CREDIT,ACC-1091,"{""source"": ""mock_ledger"", ""environment"": ""hackathon"", ""accountType"": ""merchant_settlement""}"
TXN-90831,LED-90831,POSTED,999.0,INR,2026-08-05 09:22:38,CREDIT,ACC-1068,"{""source"": ""mock_ledger"", ""environment"": ""hackathon"", ""accountType"": ""merchant_settlement""}"
TXN-90832,LED-90832,POSTED,6750.0,INR,2026-08-05 09:41:12,CREDIT,ACC-1075,"{""source"": ""mock_ledger"", ""environment"": ""hackathon"", ""accountType"": ""merchant_settlement""}"
TXN-90833,LED-90833,POSTED,8999.0,INR,2026-08-05 09:31:50,CREDIT,ACC-1014,"{""source"": ""mock_ledger"", ""environment"": ""hackathon"", ""accountType"": ""merchant_settlement""}"
TXN-90834,LED-90834,POSTED,799.0,INR,2026-08-05 09:51:58,CREDIT,ACC-1015,"{""source"": ""mock_ledger"", ""environment"": ""hackathon"", ""accountType"": ""merchant_settlement""}"
TXN-90835,LED-90835,POSTED,499.0,INR,2026-08-05 09:56:26,CREDIT,ACC-1014,"{""source"": ""mock_ledger"", ""environment"": ""hackathon"", ""accountType"": ""merchant_settlement""}"
TXN-90836,LED-90836,POSTED,2899.0,INR,2026-08-05 10:01:07,CREDIT,ACC-1062,"{""source"": ""mock_ledger"", ""environment"": ""hackathon"", ""accountType"": ""merchant_settlement""}"
TXN-90837,LED-90837,POSTED,799.0,INR,2026-08-05 10:01:04,CREDIT,ACC-1029,"{""source"": ""mock_ledger"", ""environment"": ""hackathon"", ""accountType"": ""merchant_settlement""}"
TXN-90838,LED-90838,POSTED,2899.0,INR,2026-08-05 10:20:30,CREDIT,ACC-1053,"{""source"": ""mock_ledger"", ""environment"": ""hackathon"", ""accountType"": ""merchant_settlement""}"
TXN-90839,LED-90839,POSTED,1250.0,INR,2026-08-05 10:42:04,CREDIT,ACC-1008,"{""source"": ""mock_ledger"", ""environment"": ""hackathon"", ""accountType"": ""merchant_settlement""}"
TXN-90840,LED-90840,POSTED,999.0,INR,2026-08-05 10:32:20,CREDIT,ACC-1015,"{""source"": ""mock_ledger"", ""environment"": ""hackathon"", ""accountType"": ""merchant_settlement""}"
TXN-90841,LED-90841,POSTED,1250.0,INR,2026-08-05 10:30:19,CREDIT,ACC-1008,"{""source"": ""mock_ledger"", ""environment"": ""hackathon"", ""accountType"": ""merchant_settlement""}"
TXN-90842,LED-90842,POSTED,799.0,INR,2026-08-05 10:38:55,CREDIT,ACC-1015,"{""source"": ""mock_ledger"", ""environment"": ""hackathon"", ""accountType"": ""merchant_settlement""}"
TXN-90844,LED-90844,POSTED,2499.0,INR,2026-08-05 10:59:56,CREDIT,ACC-1057,"{""source"": ""mock_ledger"", ""environment"": ""hackathon"", ""accountType"": ""merchant_settlement""}"
TXN-90845,LED-90845,POSTED,1499.0,INR,2026-08-05 11:05:09,CREDIT,ACC-1045,"{""source"": ""mock_ledger"", ""environment"": ""hackathon"", ""accountType"": ""merchant_settlement""}"
TXN-90846,LED-90846,POSTED,1599.0,INR,2026-08-05 11:28:31,CREDIT,ACC-1087,"{""source"": ""mock_ledger"", ""environment"": ""hackathon"", ""accountType"": ""merchant_settlement""}"
TXN-90848,LED-90848,POSTED,299.0,INR,2026-08-05 11:44:23,CREDIT,ACC-1047,"{""source"": ""mock_ledger"", ""environment"": ""hackathon"", ""accountType"": ""merchant_settlement""}"
TXN-90849,LED-90849,POSTED,1499.0,INR,2026-08-05 11:40:29,CREDIT,ACC-1100,"{""source"": ""mock_ledger"", ""environment"": ""hackathon"", ""accountType"": ""merchant_settlement""}"
TXN-90850,LED-90850,POSTED,4999.0,INR,2026-08-05 11:41:29,CREDIT,ACC-1088,"{""source"": ""mock_ledger"", ""environment"": ""hackathon"", ""accountType"": ""merchant_settlement""}"
TXN-90851,LED-90851,POSTED,299.0,INR,2026-08-05 12:01:44,CREDIT,ACC-1086,"{""source"": ""mock_ledger"", ""environment"": ""hackathon"", ""accountType"": ""merchant_settlement""}"
TXN-90852,LED-90852,POSTED,4200.0,INR,2026-08-05 11:52:48,CREDIT,ACC-1024,"{""source"": ""mock_ledger"", ""environment"": ""hackathon"", ""accountType"": ""merchant_settlement""}"
TXN-90853,LED-90853,POSTED,4999.0,INR,2026-08-05 11:55:17,CREDIT,ACC-1023,"{""source"": ""mock_ledger"", ""environment"": ""hackathon"", ""accountType"": ""merchant_settlement""}"
TXN-90856,LED-90856,POSTED,1999.0,INR,2026-08-05 12:34:17,CREDIT,ACC-1036,"{""source"": ""mock_ledger"", ""environment"": ""hackathon"", ""accountType"": ""merchant_settlement""}"
TXN-90857,LED-90857,POSTED,4999.0,INR,2026-08-05 12:23:22,CREDIT,ACC-1034,"{""source"": ""mock_ledger"", ""environment"": ""hackathon"", ""accountType"": ""merchant_settlement""}"
TXN-90859,LED-90859,POSTED,2899.0,INR,2026-08-05 12:41:01,CREDIT,ACC-1015,"{""source"": ""mock_ledger"", ""environment"": ""hackathon"", ""accountType"": ""merchant_settlement""}"
TXN-90860,LED-90860,POSTED,2899.0,INR,2026-08-05 12:48:01,CREDIT,ACC-1090,"{""source"": ""mock_ledger"", ""environment"": ""hackathon"", ""accountType"": ""merchant_settlement""}"
TXN-90861,LED-90861,POSTED,4999.0,INR,2026-08-05 12:58:27,CREDIT,ACC-1031,"{""source"": ""mock_ledger"", ""environment"": ""hackathon"", ""accountType"": ""merchant_settlement""}"
TXN-90862,LED-90862,POSTED,6750.0,INR,2026-08-05 13:08:21,CREDIT,ACC-1006,"{""source"": ""mock_ledger"", ""environment"": ""hackathon"", ""accountType"": ""merchant_settlement""}"
TXN-90865,LED-90865,POSTED,12500.0,INR,2026-08-05 13:18:08,CREDIT,ACC-1091,"{""source"": ""mock_ledger"", ""environment"": ""hackathon"", ""accountType"": ""merchant_settlement""}"
TXN-90866,LED-90866,POSTED,3499.0,INR,2026-08-05 13:25:38,CREDIT,ACC-1015,"{""source"": ""mock_ledger"", ""environment"": ""hackathon"", ""accountType"": ""merchant_settlement""}"
TXN-90867,LED-90867,POSTED,8999.0,INR,2026-08-05 13:47:29,CREDIT,ACC-1050,"{""source"": ""mock_ledger"", ""environment"": ""hackathon"", ""accountType"": ""merchant_settlement""}"
TXN-90868,LED-90868,POSTED,1599.0,INR,2026-08-05 13:56:15,CREDIT,ACC-1093,"{""source"": ""mock_ledger"", ""environment"": ""hackathon"", ""accountType"": ""merchant_settlement""}"
TXN-90870,LED-90870,POSTED,4999.0,INR,2026-08-05 13:59:30,CREDIT,ACC-1100,"{""source"": ""mock_ledger"", ""environment"": ""hackathon"", ""accountType"": ""merchant_settlement""}"
TXN-90871,LED-90871,POSTED,199.0,INR,2026-08-05 14:14:12,CREDIT,ACC-1028,"{""source"": ""mock_ledger"", ""environment"": ""hackathon"", ""accountType"": ""merchant_settlement""}"
TXN-90872,LED-90872,POSTED,1499.0,INR,2026-08-05 14:29:14,CREDIT,ACC-1001,"{""source"": ""mock_ledger"", ""environment"": ""hackathon"", ""accountType"": ""merchant_settlement""}"
TXN-90873,LED-90873,POSTED,12500.0,INR,2026-08-05 14:18:31,CREDIT,ACC-1015,"{""source"": ""mock_ledger"", ""environment"": ""hackathon"", ""accountType"": ""merchant_settlement""}"
TXN-90874,LED-90874,POSTED,4999.0,INR,2026-08-05 14:23:26,CREDIT,ACC-1001,"{""source"": ""mock_ledger"", ""environment"": ""hackathon"", ""accountType"": ""merchant_settlement""}"
TXN-90875,LED-90875,POSTED,4999.0,INR,2026-08-05 14:50:13,CREDIT,ACC-1019,"{""source"": ""mock_ledger"", ""environment"": ""hackathon"", ""accountType"": ""merchant_settlement""}"
TXN-90876,LED-90876,POSTED,299.0,INR,2026-08-05 14:45:13,CREDIT,ACC-1066,"{""source"": ""mock_ledger"", ""environment"": ""hackathon"", ""accountType"": ""merchant_settlement""}"
TXN-90877,LED-90877,POSTED,299.0,INR,2026-08-05 14:41:40,CREDIT,ACC-1057,"{""source"": ""mock_ledger"", ""environment"": ""hackathon"", ""accountType"": ""merchant_settlement""}"
TXN-90878,LED-90878,POSTED,299.0,INR,2026-08-05 14:54:09,CREDIT,ACC-1063,"{""source"": ""mock_ledger"", ""environment"": ""hackathon"", ""accountType"": ""merchant_settlement""}"
TXN-90879,LED-90879,POSTED,799.0,INR,2026-08-05 15:14:34,CREDIT,ACC-1095,"{""source"": ""mock_ledger"", ""environment"": ""hackathon"", ""accountType"": ""merchant_settlement""}"
TXN-90880,LED-90880,POSTED,4200.0,INR,2026-08-05 15:13:49,CREDIT,ACC-1026,"{""source"": ""mock_ledger"", ""environment"": ""hackathon"", ""accountType"": ""merchant_settlement""}"
TXN-90881,LED-90881,POSTED,299.0,INR,2026-08-05 15:29:39,CREDIT,ACC-1090,"{""source"": ""mock_ledger"", ""environment"": ""hackathon"", ""accountType"": ""merchant_settlement""}"
TXN-90882,LED-90882,POSTED,3499.0,INR,2026-08-05 15:29:49,CREDIT,ACC-1031,"{""source"": ""mock_ledger"", ""environment"": ""hackathon"", ""accountType"": ""merchant_settlement""}"
TXN-90884,LED-90884,POSTED,299.0,INR,2026-08-05 15:37:02,CREDIT,ACC-1040,"{""source"": ""mock_ledger"", ""environment"": ""hackathon"", ""accountType"": ""merchant_settlement""}"
TXN-90885,LED-90885,POSTED,799.0,INR,2026-08-05 15:41:36,CREDIT,ACC-1055,"{""source"": ""mock_ledger"", ""environment"": ""hackathon"", ""accountType"": ""merchant_settlement""}"
TXN-90887,LED-90887,POSTED,1599.0,INR,2026-08-05 16:14:16,CREDIT,ACC-1039,"{""source"": ""mock_ledger"", ""environment"": ""hackathon"", ""accountType"": ""merchant_settlement""}"
TXN-90888,LED-90888,POSTED,12500.0,INR,2026-08-05 16:21:32,CREDIT,ACC-1063,"{""source"": ""mock_ledger"", ""environment"": ""hackathon"", ""accountType"": ""merchant_settlement""}"
TXN-90890,LED-90890,POSTED,799.0,INR,2026-08-05 16:37:07,CREDIT,ACC-1047,"{""source"": ""mock_ledger"", ""environment"": ""hackathon"", ""accountType"": ""merchant_settlement""}"
TXN-90891,LED-90891,POSTED,6750.0,INR,2026-08-05 16:27:21,CREDIT,ACC-1086,"{""source"": ""mock_ledger"", ""environment"": ""hackathon"", ""accountType"": ""merchant_settlement""}"
TXN-90892,LED-90892,POSTED,199.0,INR,2026-08-05 16:41:34,CREDIT,ACC-1001,"{""source"": ""mock_ledger"", ""environment"": ""hackathon"", ""accountType"": ""merchant_settlement""}"
TXN-90893,LED-90893,POSTED,1250.0,INR,2026-08-05 16:54:14,CREDIT,ACC-1075,"{""source"": ""mock_ledger"", ""environment"": ""hackathon"", ""accountType"": ""merchant_settlement""}"
TXN-90894,LED-90894,POSTED,4200.0,INR,2026-08-05 16:53:47,CREDIT,ACC-1071,"{""source"": ""mock_ledger"", ""environment"": ""hackathon"", ""accountType"": ""merchant_settlement""}"
TXN-90895,LED-90895,POSTED,1250.0,INR,2026-08-05 17:07:33,CREDIT,ACC-1064,"{""source"": ""mock_ledger"", ""environment"": ""hackathon"", ""accountType"": ""merchant_settlement""}"
TXN-90896,LED-90896,POSTED,2499.0,INR,2026-08-05 17:13:40,CREDIT,ACC-1004,"{""source"": ""mock_ledger"", ""environment"": ""hackathon"", ""accountType"": ""merchant_settlement""}"
TXN-90897,LED-90897,POSTED,199.0,INR,2026-08-05 17:10:45,CREDIT,ACC-1092,"{""source"": ""mock_ledger"", ""environment"": ""hackathon"", ""accountType"": ""merchant_settlement""}"
TXN-90898,LED-90898,POSTED,1599.0,INR,2026-08-05 17:27:30,CREDIT,ACC-1006,"{""source"": ""mock_ledger"", ""environment"": ""hackathon"", ""accountType"": ""merchant_settlement""}"
TXN-90899,LED-90899,POSTED,2899.0,INR,2026-08-05 17:19:37,CREDIT,ACC-1085,"{""source"": ""mock_ledger"", ""environment"": ""hackathon"", ""accountType"": ""merchant_settlement""}"
TXN-90900,LED-90900,POSTED,299.0,INR,2026-08-05 17:46:33,CREDIT,ACC-1012,"{""source"": ""mock_ledger"", ""environment"": ""hackathon"", ""accountType"": ""merchant_settlement""}"
TXN-90901,LED-90901,POSTED,1999.0,INR,2026-08-05 17:44:24,CREDIT,ACC-1072,"{""source"": ""mock_ledger"", ""environment"": ""hackathon"", ""accountType"": ""merchant_settlement""}"
TXN-90902,LED-90902,POSTED,12500.0,INR,2026-08-05 17:45:12,CREDIT,ACC-1034,"{""source"": ""mock_ledger"", ""environment"": ""hackathon"", ""accountType"": ""merchant_settlement""}"
TXN-90903,LED-90903,POSTED,2499.0,INR,2026-08-05 18:03:19,CREDIT,ACC-1031,"{""source"": ""mock_ledger"", ""environment"": ""hackathon"", ""accountType"": ""merchant_settlement""}"
TXN-90905,LED-90905,POSTED,1499.0,INR,2026-08-05 18:01:34,CREDIT,ACC-1086,"{""source"": ""mock_ledger"", ""environment"": ""hackathon"", ""accountType"": ""merchant_settlement""}"
TXN-90906,LED-90906,POSTED,8999.0,INR,2026-08-05 18:09:54,CREDIT,ACC-1082,"{""source"": ""mock_ledger"", ""environment"": ""hackathon"", ""accountType"": ""merchant_settlement""}"
TXN-90907,LED-90907,POSTED,1999.0,INR,2026-08-05 18:24:54,CREDIT,ACC-1021,"{""source"": ""mock_ledger"", ""environment"": ""hackathon"", ""accountType"": ""merchant_settlement""}"
TXN-90908,LED-90908,POSTED,299.0,INR,2026-08-05 18:40:32,CREDIT,ACC-1033,"{""source"": ""mock_ledger"", ""environment"": ""hackathon"", ""accountType"": ""merchant_settlement""}"
TXN-90909,LED-90909,POSTED,199.0,INR,2026-08-05 18:46:32,CREDIT,ACC-1088,"{""source"": ""mock_ledger"", ""environment"": ""hackathon"", ""accountType"": ""merchant_settlement""}"
TXN-90910,LED-90910,POSTED,3499.0,INR,2026-08-05 18:33:11,CREDIT,ACC-1038,"{""source"": ""mock_ledger"", ""environment"": ""hackathon"", ""accountType"": ""merchant_settlement""}"
TXN-90911,LED-90911,POSTED,299.0,INR,2026-08-05 18:41:44,CREDIT,ACC-1019,"{""source"": ""mock_ledger"", ""environment"": ""hackathon"", ""accountType"": ""merchant_settlement""}"
TXN-90912,LED-90912,POSTED,6750.0,INR,2026-08-05 18:59:59,CREDIT,ACC-1048,"{""source"": ""mock_ledger"", ""environment"": ""hackathon"", ""accountType"": ""merchant_settlement""}"
TXN-90913,LED-90913,POSTED,1599.0,INR,2026-08-05 19:14:38,CREDIT,ACC-1011,"{""source"": ""mock_ledger"", ""environment"": ""hackathon"", ""accountType"": ""merchant_settlement""}"
TXN-90914,LED-90914,POSTED,1250.0,INR,2026-08-05 19:20:31,CREDIT,ACC-1023,"{""source"": ""mock_ledger"", ""environment"": ""hackathon"", ""accountType"": ""merchant_settlement""}"
TXN-90915,LED-90915,POSTED,4200.0,INR,2026-08-05 19:17:39,CREDIT,ACC-1085,"{""source"": ""mock_ledger"", ""environment"": ""hackathon"", ""accountType"": ""merchant_settlement""}"
TXN-90918,LED-90918,POSTED,2499.0,INR,2026-08-05 19:35:15,CREDIT,ACC-1001,"{""source"": ""mock_ledger"", ""environment"": ""hackathon"", ""accountType"": ""merchant_settlement""}"
TXN-90919,LED-90919,POSTED,199.0,INR,2026-08-05 19:49:38,CREDIT,ACC-1080,"{""source"": ""mock_ledger"", ""environment"": ""hackathon"", ""accountType"": ""merchant_settlement""}"
TXN-90921,LED-90921,POSTED,1499.0,INR,2026-08-05 20:06:14,CREDIT,ACC-1058,"{""source"": ""mock_ledger"", ""environment"": ""hackathon"", ""accountType"": ""merchant_settlement""}"
TXN-90922,LED-90922,POSTED,6750.0,INR,2026-08-05 20:03:47,CREDIT,ACC-1055,"{""source"": ""mock_ledger"", ""environment"": ""hackathon"", ""accountType"": ""merchant_settlement""}"
TXN-90923,LED-90923,POSTED,4200.0,INR,2026-08-05 20:05:06,CREDIT,ACC-1002,"{""source"": ""mock_ledger"", ""environment"": ""hackathon"", ""accountType"": ""merchant_settlement""}"
TXN-90924,LED-90924,POSTED,799.0,INR,2026-08-05 20:27:55,CREDIT,ACC-1037,"{""source"": ""mock_ledger"", ""environment"": ""hackathon"", ""accountType"": ""merchant_settlement""}"
TXN-90925,LED-90925,POSTED,8999.0,INR,2026-08-05 20:25:22,CREDIT,ACC-1010,"{""source"": ""mock_ledger"", ""environment"": ""hackathon"", ""accountType"": ""merchant_settlement""}"
TXN-90926,LED-90926,POSTED,12500.0,INR,2026-08-05 20:40:39,CREDIT,ACC-1005,"{""source"": ""mock_ledger"", ""environment"": ""hackathon"", ""accountType"": ""merchant_settlement""}"
TXN-90927,LED-90927,POSTED,8999.0,INR,2026-08-05 20:51:59,CREDIT,ACC-1025,"{""source"": ""mock_ledger"", ""environment"": ""hackathon"", ""accountType"": ""merchant_settlement""}"
TXN-90931,LED-90931,POSTED,999.0,INR,2026-08-05 21:12:40,CREDIT,ACC-1008,"{""source"": ""mock_ledger"", ""environment"": ""hackathon"", ""accountType"": ""merchant_settlement""}"
TXN-90932,LED-90932,POSTED,4200.0,INR,2026-08-05 21:25:58,CREDIT,ACC-1049,"{""source"": ""mock_ledger"", ""environment"": ""hackathon"", ""accountType"": ""merchant_settlement""}"
TXN-90933,LED-90933,POSTED,299.0,INR,2026-08-05 21:29:10,CREDIT,ACC-1037,"{""source"": ""mock_ledger"", ""environment"": ""hackathon"", ""accountType"": ""merchant_settlement""}"
TXN-90935,LED-90935,POSTED,199.0,INR,2026-08-05 21:35:24,CREDIT,ACC-1067,"{""source"": ""mock_ledger"", ""environment"": ""hackathon"", ""accountType"": ""merchant_settlement""}"
TXN-90936,LED-90936,POSTED,3499.0,INR,2026-08-05 21:47:39,CREDIT,ACC-1004,"{""source"": ""mock_ledger"", ""environment"": ""hackathon"", ""accountType"": ""merchant_settlement""}"
TXN-90937,LED-90937,POSTED,1599.0,INR,2026-08-05 21:48:07,CREDIT,ACC-1091,"{""source"": ""mock_ledger"", ""environment"": ""hackathon"", ""accountType"": ""merchant_settlement""}"
TXN-90938,LED-90938,POSTED,2899.0,INR,2026-08-05 21:49:48,CREDIT,ACC-1025,"{""source"": ""mock_ledger"", ""environment"": ""hackathon"", ""accountType"": ""merchant_settlement""}"
TXN-90939,LED-90939,POSTED,6750.0,INR,2026-08-05 21:58:14,CREDIT,ACC-1094,"{""source"": ""mock_ledger"", ""environment"": ""hackathon"", ""accountType"": ""merchant_settlement""}"
TXN-90940,LED-90940,POSTED,8999.0,INR,2026-08-05 22:09:04,CREDIT,ACC-1020,"{""source"": ""mock_ledger"", ""environment"": ""hackathon"", ""accountType"": ""merchant_settlement""}"
TXN-90941,LED-90941,POSTED,6750.0,INR,2026-08-05 22:11:28,CREDIT,ACC-1036,"{""source"": ""mock_ledger"", ""environment"": ""hackathon"", ""accountType"": ""merchant_settlement""}"
TXN-90942,LED-90942,POSTED,4999.0,INR,2026-08-05 22:41:50,CREDIT,ACC-1033,"{""source"": ""mock_ledger"", ""environment"": ""hackathon"", ""accountType"": ""merchant_settlement""}"
TXN-90943,LED-90943,POSTED,2899.0,INR,2026-08-05 22:45:02,CREDIT,ACC-1058,"{""source"": ""mock_ledger"", ""environment"": ""hackathon"", ""accountType"": ""merchant_settlement""}"
TXN-90944,LED-90944,POSTED,299.0,INR,2026-08-05 22:51:32,CREDIT,ACC-1089,"{""source"": ""mock_ledger"", ""environment"": ""hackathon"", ""accountType"": ""merchant_settlement""}"
TXN-90946,LED-90946,POSTED,2499.0,INR,2026-08-05 22:52:31,CREDIT,ACC-1073,"{""source"": ""mock_ledger"", ""environment"": ""hackathon"", ""accountType"": ""merchant_settlement""}"
TXN-90947,LED-90947,POSTED,299.0,INR,2026-08-05 23:16:54,CREDIT,ACC-1002,"{""source"": ""mock_ledger"", ""environment"": ""hackathon"", ""accountType"": ""merchant_settlement""}"
TXN-90948,LED-90948,POSTED,2899.0,INR,2026-08-05 23:17:30,CREDIT,ACC-1028,"{""source"": ""mock_ledger"", ""environment"": ""hackathon"", ""accountType"": ""merchant_settlement""}"
TXN-90949,LED-90949,POSTED,4200.0,INR,2026-08-05 23:22:51,CREDIT,ACC-1095,"{""source"": ""mock_ledger"", ""environment"": ""hackathon"", ""accountType"": ""merchant_settlement""}"
TXN-90950,LED-90950,POSTED,4200.0,INR,2026-08-05 23:27:38,CREDIT,ACC-1027,"{""source"": ""mock_ledger"", ""environment"": ""hackathon"", ""accountType"": ""merchant_settlement""}"
TXN-90951,LED-90951,POSTED,2499.0,INR,2026-08-05 23:25:21,CREDIT,ACC-1031,"{""source"": ""mock_ledger"", ""environment"": ""hackathon"", ""accountType"": ""merchant_settlement""}"
TXN-90953,LED-90953,POSTED,1499.0,INR,2026-08-05 23:49:59,CREDIT,ACC-1040,"{""source"": ""mock_ledger"", ""environment"": ""hackathon"", ""accountType"": ""merchant_settlement""}"
TXN-90955,LED-90955,POSTED,4200.0,INR,2026-08-06 00:10:39,CREDIT,ACC-1034,"{""source"": ""mock_ledger"", ""environment"": ""hackathon"", ""accountType"": ""merchant_settlement""}"
TXN-90956,LED-90956,POSTED,1999.0,INR,2026-08-05 23:55:37,CREDIT,ACC-1005,"{""source"": ""mock_ledger"", ""environment"": ""hackathon"", ""accountType"": ""merchant_settlement""}"
TXN-90957,LED-90957,POSTED,2499.0,INR,2026-08-06 00:05:28,CREDIT,ACC-1067,"{""source"": ""mock_ledger"", ""environment"": ""hackathon"", ""accountType"": ""merchant_settlement""}"
TXN-90958,LED-90958,POSTED,1599.0,INR,2026-08-06 00:23:32,CREDIT,ACC-1066,"{""source"": ""mock_ledger"", ""environment"": ""hackathon"", ""accountType"": ""merchant_settlement""}"
TXN-90959,LED-90959,POSTED,4999.0,INR,2026-08-06 00:26:16,CREDIT,ACC-1065,"{""source"": ""mock_ledger"", ""environment"": ""hackathon"", ""accountType"": ""merchant_settlement""}"
TXN-90960,LED-90960,POSTED,12500.0,INR,2026-08-06 00:26:15,CREDIT,ACC-1091,"{""source"": ""mock_ledger"", ""environment"": ""hackathon"", ""accountType"": ""merchant_settlement""}"
TXN-90961,LED-90961,POSTED,1599.0,INR,2026-08-06 00:37:48,CREDIT,ACC-1077,"{""source"": ""mock_ledger"", ""environment"": ""hackathon"", ""accountType"": ""merchant_settlement""}"
TXN-90963,LED-90963,POSTED,2899.0,INR,2026-08-06 01:04:40,CREDIT,ACC-1049,"{""source"": ""mock_ledger"", ""environment"": ""hackathon"", ""accountType"": ""merchant_settlement""}"
TXN-90964,LED-90964,POSTED,2499.0,INR,2026-08-06 00:58:13,CREDIT,ACC-1005,"{""source"": ""mock_ledger"", ""environment"": ""hackathon"", ""accountType"": ""merchant_settlement""}"
TXN-90965,LED-90965,POSTED,1499.0,INR,2026-08-06 01:01:17,CREDIT,ACC-1009,"{""source"": ""mock_ledger"", ""environment"": ""hackathon"", ""accountType"": ""merchant_settlement""}"
TXN-90966,LED-90966,POSTED,6750.0,INR,2026-08-06 01:07:32,CREDIT,ACC-1031,"{""source"": ""mock_ledger"", ""environment"": ""hackathon"", ""accountType"": ""merchant_settlement""}"
TXN-90968,LED-90968,POSTED,499.0,INR,2026-08-06 01:38:27,CREDIT,ACC-1097,"{""source"": ""mock_ledger"", ""environment"": ""hackathon"", ""accountType"": ""merchant_settlement""}"
TXN-90969,LED-90969,POSTED,1999.0,INR,2026-08-06 01:35:31,CREDIT,ACC-1090,"{""source"": ""mock_ledger"", ""environment"": ""hackathon"", ""accountType"": ""merchant_settlement""}"
TXN-90971,LED-90971,POSTED,8999.0,INR,2026-08-06 01:45:20,CREDIT,ACC-1016,"{""source"": ""mock_ledger"", ""environment"": ""hackathon"", ""accountType"": ""merchant_settlement""}"
TXN-90972,LED-90972,POSTED,2499.0,INR,2026-08-06 02:07:51,CREDIT,ACC-1023,"{""source"": ""mock_ledger"", ""environment"": ""hackathon"", ""accountType"": ""merchant_settlement""}"
TXN-90973,LED-90973,POSTED,8999.0,INR,2026-08-06 01:56:33,CREDIT,ACC-1071,"{""source"": ""mock_ledger"", ""environment"": ""hackathon"", ""accountType"": ""merchant_settlement""}"
TXN-90974,LED-90974,POSTED,1599.0,INR,2026-08-06 02:22:22,CREDIT,ACC-1008,"{""source"": ""mock_ledger"", ""environment"": ""hackathon"", ""accountType"": ""merchant_settlement""}"
TXN-90976,LED-90976,POSTED,2899.0,INR,2026-08-06 02:17:25,CREDIT,ACC-1080,"{""source"": ""mock_ledger"", ""environment"": ""hackathon"", ""accountType"": ""merchant_settlement""}"
TXN-90977,LED-90977,POSTED,1499.0,INR,2026-08-06 02:36:11,CREDIT,ACC-1095,"{""source"": ""mock_ledger"", ""environment"": ""hackathon"", ""accountType"": ""merchant_settlement""}"
TXN-90979,LED-90979,POSTED,1250.0,INR,2026-08-06 02:54:09,CREDIT,ACC-1029,"{""source"": ""mock_ledger"", ""environment"": ""hackathon"", ""accountType"": ""merchant_settlement""}"
TXN-90983,LED-90983,POSTED,2499.0,INR,2026-08-06 03:28:10,CREDIT,ACC-1061,"{""source"": ""mock_ledger"", ""environment"": ""hackathon"", ""accountType"": ""merchant_settlement""}"
TXN-90984,LED-90984,POSTED,199.0,INR,2026-08-06 03:23:55,CREDIT,ACC-1099,"{""source"": ""mock_ledger"", ""environment"": ""hackathon"", ""accountType"": ""merchant_settlement""}"
TXN-90985,LED-90985,POSTED,8999.0,INR,2026-08-06 03:35:03,CREDIT,ACC-1043,"{""source"": ""mock_ledger"", ""environment"": ""hackathon"", ""accountType"": ""merchant_settlement""}"
TXN-90986,LED-90986,POSTED,199.0,INR,2026-08-06 03:25:55,CREDIT,ACC-1022,"{""source"": ""mock_ledger"", ""environment"": ""hackathon"", ""accountType"": ""merchant_settlement""}"
TXN-90987,LED-90987,POSTED,199.0,INR,2026-08-06 03:51:17,CREDIT,ACC-1027,"{""source"": ""mock_ledger"", ""environment"": ""hackathon"", ""accountType"": ""merchant_settlement""}"
TXN-90988,LED-90988,POSTED,1499.0,INR,2026-08-06 03:59:36,CREDIT,ACC-1068,"{""source"": ""mock_ledger"", ""environment"": ""hackathon"", ""accountType"": ""merchant_settlement""}"
TXN-90990,LED-90990,POSTED,2899.0,INR,2026-08-06 04:15:05,CREDIT,ACC-1041,"{""source"": ""mock_ledger"", ""environment"": ""hackathon"", ""accountType"": ""merchant_settlement""}"
TXN-90991,LED-90991,POSTED,199.0,INR,2026-08-06 04:18:54,CREDIT,ACC-1021,"{""source"": ""mock_ledger"", ""environment"": ""hackathon"", ""accountType"": ""merchant_settlement""}"
TXN-90992,LED-90992,POSTED,199.0,INR,2026-08-06 04:13:41,CREDIT,ACC-1036,"{""source"": ""mock_ledger"", ""environment"": ""hackathon"", ""accountType"": ""merchant_settlement""}"
TXN-90993,LED-90993,POSTED,8999.0,INR,2026-08-06 04:19:43,CREDIT,ACC-1002,"{""source"": ""mock_ledger"", ""environment"": ""hackathon"", ""accountType"": ""merchant_settlement""}"
TXN-90994,LED-90994,POSTED,1599.0,INR,2026-08-06 04:29:36,CREDIT,ACC-1074,"{""source"": ""mock_ledger"", ""environment"": ""hackathon"", ""accountType"": ""merchant_settlement""}"
TXN-90995,LED-90995,POSTED,299.0,INR,2026-08-06 04:36:49,CREDIT,ACC-1004,"{""source"": ""mock_ledger"", ""environment"": ""hackathon"", ""accountType"": ""merchant_settlement""}"
TXN-90996,LED-90996,POSTED,999.0,INR,2026-08-06 04:39:55,CREDIT,ACC-1084,"{""source"": ""mock_ledger"", ""environment"": ""hackathon"", ""accountType"": ""merchant_settlement""}"
TXN-90997,LED-90997,POSTED,999.0,INR,2026-08-06 05:04:10,CREDIT,ACC-1016,"{""source"": ""mock_ledger"", ""environment"": ""hackathon"", ""accountType"": ""merchant_settlement""}"
TXN-90998,LED-90998,POSTED,1999.0,INR,2026-08-06 04:59:57,CREDIT,ACC-1081,"{""source"": ""mock_ledger"", ""environment"": ""hackathon"", ""accountType"": ""merchant_settlement""}"
TXN-91000,LED-91000,POSTED,6750.0,INR,2026-08-06 05:05:50,CREDIT,ACC-1033,"{""source"": ""mock_ledger"", ""environment"": ""hackathon"", ""accountType"": ""merchant_settlement""}"
TXN-91001,LED-91001,POSTED,3499.0,INR,2026-08-06 05:10:35,CREDIT,ACC-1007,"{""source"": ""mock_ledger"", ""environment"": ""hackathon"", ""accountType"": ""merchant_settlement""}"
TXN-91002,LED-91002,POSTED,1250.0,INR,2026-08-06 05:41:40,CREDIT,ACC-1032,"{""source"": ""mock_ledger"", ""environment"": ""hackathon"", ""accountType"": ""merchant_settlement""}"
TXN-91003,LED-91003,POSTED,1499.0,INR,2026-08-06 05:27:09,CREDIT,ACC-1048,"{""source"": ""mock_ledger"", ""environment"": ""hackathon"", ""accountType"": ""merchant_settlement""}"
TXN-91004,LED-91004,POSTED,4200.0,INR,2026-08-06 05:31:58,CREDIT,ACC-1073,"{""source"": ""mock_ledger"", ""environment"": ""hackathon"", ""accountType"": ""merchant_settlement""}"
TXN-91005,LED-91005,POSTED,4999.0,INR,2026-08-06 05:38:20,CREDIT,ACC-1008,"{""source"": ""mock_ledger"", ""environment"": ""hackathon"", ""accountType"": ""merchant_settlement""}"
TXN-91006,LED-91006,POSTED,4200.0,INR,2026-08-06 06:04:43,CREDIT,ACC-1064,"{""source"": ""mock_ledger"", ""environment"": ""hackathon"", ""accountType"": ""merchant_settlement""}"
TXN-91008,LED-91008,POSTED,799.0,INR,2026-08-06 06:16:02,CREDIT,ACC-1002,"{""source"": ""mock_ledger"", ""environment"": ""hackathon"", ""accountType"": ""merchant_settlement""}"
TXN-91009,LED-91009,POSTED,2899.0,INR,2026-08-06 06:10:40,CREDIT,ACC-1070,"{""source"": ""mock_ledger"", ""environment"": ""hackathon"", ""accountType"": ""merchant_settlement""}"
TXN-91011,LED-91011,POSTED,4200.0,INR,2026-08-06 05:56:48,CREDIT,ACC-1064,"{""source"": ""mock_ledger"", ""environment"": ""hackathon"", ""accountType"": ""merchant_settlement""}"
TXN-91012,LED-91012,POSTED,4999.0,INR,2026-08-06 06:42:13,CREDIT,ACC-1078,"{""source"": ""mock_ledger"", ""environment"": ""hackathon"", ""accountType"": ""merchant_settlement""}"
TXN-91013,LED-91013,POSTED,2499.0,INR,2026-08-06 06:48:06,CREDIT,ACC-1076,"{""source"": ""mock_ledger"", ""environment"": ""hackathon"", ""accountType"": ""merchant_settlement""}"
TXN-91014,LED-91014,POSTED,499.0,INR,2026-08-06 06:50:54,CREDIT,ACC-1009,"{""source"": ""mock_ledger"", ""environment"": ""hackathon"", ""accountType"": ""merchant_settlement""}"
TXN-91015,LED-91015,POSTED,299.0,INR,2026-08-06 07:01:12,CREDIT,ACC-1090,"{""source"": ""mock_ledger"", ""environment"": ""hackathon"", ""accountType"": ""merchant_settlement""}"
TXN-91016,LED-91016,POSTED,1250.0,INR,2026-08-06 07:07:35,CREDIT,ACC-1039,"{""source"": ""mock_ledger"", ""environment"": ""hackathon"", ""accountType"": ""merchant_settlement""}"
TXN-91017,LED-91017,POSTED,3499.0,INR,2026-08-06 07:12:59,CREDIT,ACC-1057,"{""source"": ""mock_ledger"", ""environment"": ""hackathon"", ""accountType"": ""merchant_settlement""}"
TXN-91018,LED-91018,POSTED,8999.0,INR,2026-08-06 07:15:56,CREDIT,ACC-1027,"{""source"": ""mock_ledger"", ""environment"": ""hackathon"", ""accountType"": ""merchant_settlement""}"
TXN-91020,LED-91020,POSTED,1599.0,INR,2026-08-06 07:37:49,CREDIT,ACC-1009,"{""source"": ""mock_ledger"", ""environment"": ""hackathon"", ""accountType"": ""merchant_settlement""}"
TXN-91021,LED-91021,POSTED,499.0,INR,2026-08-06 07:37:17,CREDIT,ACC-1059,"{""source"": ""mock_ledger"", ""environment"": ""hackathon"", ""accountType"": ""merchant_settlement""}"
TXN-91023,LED-91023,POSTED,1499.0,INR,2026-08-06 08:09:48,CREDIT,ACC-1027,"{""source"": ""mock_ledger"", ""environment"": ""hackathon"", ""accountType"": ""merchant_settlement""}"
TXN-91024,LED-91024,POSTED,799.0,INR,2026-08-06 08:03:24,CREDIT,ACC-1085,"{""source"": ""mock_ledger"", ""environment"": ""hackathon"", ""accountType"": ""merchant_settlement""}"
TXN-91025,LED-91025,POSTED,1999.0,INR,2026-08-06 08:22:35,CREDIT,ACC-1100,"{""source"": ""mock_ledger"", ""environment"": ""hackathon"", ""accountType"": ""merchant_settlement""}"
TXN-91026,LED-91026,POSTED,12500.0,INR,2026-08-06 08:13:14,CREDIT,ACC-1006,"{""source"": ""mock_ledger"", ""environment"": ""hackathon"", ""accountType"": ""merchant_settlement""}"
TXN-91027,LED-91027,POSTED,2499.0,INR,2026-08-06 08:20:27,CREDIT,ACC-1059,"{""source"": ""mock_ledger"", ""environment"": ""hackathon"", ""accountType"": ""merchant_settlement""}"
TXN-91028,LED-91028,POSTED,499.0,INR,2026-08-06 08:33:29,CREDIT,ACC-1058,"{""source"": ""mock_ledger"", ""environment"": ""hackathon"", ""accountType"": ""merchant_settlement""}"
TXN-91029,LED-91029,POSTED,8999.0,INR,2026-08-06 08:36:50,CREDIT,ACC-1002,"{""source"": ""mock_ledger"", ""environment"": ""hackathon"", ""accountType"": ""merchant_settlement""}"
TXN-91030,LED-91030,POSTED,199.0,INR,2026-08-06 08:48:11,CREDIT,ACC-1027,"{""source"": ""mock_ledger"", ""environment"": ""hackathon"", ""accountType"": ""merchant_settlement""}"
TXN-91033,LED-91033,POSTED,1499.0,INR,2026-08-06 09:20:28,CREDIT,ACC-1089,"{""source"": ""mock_ledger"", ""environment"": ""hackathon"", ""accountType"": ""merchant_settlement""}"
TXN-91037,LED-91037,POSTED,12500.0,INR,2026-08-06 08:58:46,CREDIT,ACC-1072,"{""source"": ""mock_ledger"", ""environment"": ""hackathon"", ""accountType"": ""merchant_settlement""}"
TXN-91038,LED-91038,POSTED,12500.0,INR,2026-08-06 09:35:34,CREDIT,ACC-1095,"{""source"": ""mock_ledger"", ""environment"": ""hackathon"", ""accountType"": ""merchant_settlement""}"
TXN-91039,LED-91039,POSTED,299.0,INR,2026-08-06 09:55:45,CREDIT,ACC-1064,"{""source"": ""mock_ledger"", ""environment"": ""hackathon"", ""accountType"": ""merchant_settlement""}"
TXN-91040,LED-91040,POSTED,1499.0,INR,2026-08-06 09:48:12,CREDIT,ACC-1084,"{""source"": ""mock_ledger"", ""environment"": ""hackathon"", ""accountType"": ""merchant_settlement""}"
TXN-91041,LED-91041,POSTED,12500.0,INR,2026-08-06 09:51:10,CREDIT,ACC-1034,"{""source"": ""mock_ledger"", ""environment"": ""hackathon"", ""accountType"": ""merchant_settlement""}"
TXN-91043,LED-91043,POSTED,299.0,INR,2026-08-06 10:12:42,CREDIT,ACC-1061,"{""source"": ""mock_ledger"", ""environment"": ""hackathon"", ""accountType"": ""merchant_settlement""}"
TXN-91044,LED-91044,POSTED,12500.0,INR,2026-08-06 10:13:31,CREDIT,ACC-1044,"{""source"": ""mock_ledger"", ""environment"": ""hackathon"", ""accountType"": ""merchant_settlement""}"
TXN-91045,LED-91045,POSTED,4200.0,INR,2026-08-06 10:42:19,CREDIT,ACC-1032,"{""source"": ""mock_ledger"", ""environment"": ""hackathon"", ""accountType"": ""merchant_settlement""}"
TXN-91048,LED-91048,POSTED,199.0,INR,2026-08-06 11:00:42,CREDIT,ACC-1034,"{""source"": ""mock_ledger"", ""environment"": ""hackathon"", ""accountType"": ""merchant_settlement""}"
TXN-91049,LED-91049,POSTED,299.0,INR,2026-08-06 10:52:46,CREDIT,ACC-1090,"{""source"": ""mock_ledger"", ""environment"": ""hackathon"", ""accountType"": ""merchant_settlement""}"
TXN-91050,LED-91050,POSTED,799.0,INR,2026-08-06 11:10:48,CREDIT,ACC-1069,"{""source"": ""mock_ledger"", ""environment"": ""hackathon"", ""accountType"": ""merchant_settlement""}"
TXN-91051,LED-91051,POSTED,1599.0,INR,2026-08-06 11:15:24,CREDIT,ACC-1099,"{""source"": ""mock_ledger"", ""environment"": ""hackathon"", ""accountType"": ""merchant_settlement""}"
TXN-91052,LED-91052,POSTED,12500.0,INR,2026-08-06 11:11:59,CREDIT,ACC-1037,"{""source"": ""mock_ledger"", ""environment"": ""hackathon"", ""accountType"": ""merchant_settlement""}"
TXN-91053,LED-91053,POSTED,1999.0,INR,2026-08-06 11:26:57,CREDIT,ACC-1048,"{""source"": ""mock_ledger"", ""environment"": ""hackathon"", ""accountType"": ""merchant_settlement""}"
TXN-91054,LED-91054,POSTED,8999.0,INR,2026-08-06 11:35:58,CREDIT,ACC-1077,"{""source"": ""mock_ledger"", ""environment"": ""hackathon"", ""accountType"": ""merchant_settlement""}"
TXN-91055,LED-91055,POSTED,199.0,INR,2026-08-06 11:36:05,CREDIT,ACC-1044,"{""source"": ""mock_ledger"", ""environment"": ""hackathon"", ""accountType"": ""merchant_settlement""}"
TXN-91057,LED-91057,POSTED,2499.0,INR,2026-08-06 11:15:11,CREDIT,ACC-1099,"{""source"": ""mock_ledger"", ""environment"": ""hackathon"", ""accountType"": ""merchant_settlement""}"
TXN-91058,LED-91058,POSTED,299.0,INR,2026-08-06 11:50:05,CREDIT,ACC-1035,"{""source"": ""mock_ledger"", ""environment"": ""hackathon"", ""accountType"": ""merchant_settlement""}"
TXN-91059,LED-91059,POSTED,2899.0,INR,2026-08-06 12:12:25,CREDIT,ACC-1082,"{""source"": ""mock_ledger"", ""environment"": ""hackathon"", ""accountType"": ""merchant_settlement""}"
TXN-91060,LED-91060,POSTED,2899.0,INR,2026-08-06 12:01:47,CREDIT,ACC-1057,"{""source"": ""mock_ledger"", ""environment"": ""hackathon"", ""accountType"": ""merchant_settlement""}"
TXN-91062,LED-91062,POSTED,4200.0,INR,2026-08-06 12:24:39,CREDIT,ACC-1012,"{""source"": ""mock_ledger"", ""environment"": ""hackathon"", ""accountType"": ""merchant_settlement""}"
TXN-91063,LED-91063,POSTED,799.0,INR,2026-08-06 12:35:20,CREDIT,ACC-1089,"{""source"": ""mock_ledger"", ""environment"": ""hackathon"", ""accountType"": ""merchant_settlement""}"
TXN-91064,LED-91064,POSTED,6750.0,INR,2026-08-06 12:57:57,CREDIT,ACC-1083,"{""source"": ""mock_ledger"", ""environment"": ""hackathon"", ""accountType"": ""merchant_settlement""}"
TXN-91065,LED-91065,POSTED,4200.0,INR,2026-08-06 12:47:27,CREDIT,ACC-1024,"{""source"": ""mock_ledger"", ""environment"": ""hackathon"", ""accountType"": ""merchant_settlement""}"
TXN-91066,LED-91066,POSTED,1499.0,INR,2026-08-06 12:22:09,CREDIT,ACC-1044,"{""source"": ""mock_ledger"", ""environment"": ""hackathon"", ""accountType"": ""merchant_settlement""}"
TXN-91067,LED-91067,POSTED,3499.0,INR,2026-08-06 13:17:23,CREDIT,ACC-1056,"{""source"": ""mock_ledger"", ""environment"": ""hackathon"", ""accountType"": ""merchant_settlement""}"
TXN-91068,LED-91068,POSTED,199.0,INR,2026-08-06 13:04:11,CREDIT,ACC-1091,"{""source"": ""mock_ledger"", ""environment"": ""hackathon"", ""accountType"": ""merchant_settlement""}"
TXN-91070,LED-91070,POSTED,999.0,INR,2026-08-06 13:17:31,CREDIT,ACC-1004,"{""source"": ""mock_ledger"", ""environment"": ""hackathon"", ""accountType"": ""merchant_settlement""}"
TXN-91071,LED-91071,POSTED,1599.0,INR,2026-08-06 13:22:11,CREDIT,ACC-1096,"{""source"": ""mock_ledger"", ""environment"": ""hackathon"", ""accountType"": ""merchant_settlement""}"
TXN-91072,LED-91072,POSTED,1499.0,INR,2026-08-06 13:33:29,CREDIT,ACC-1043,"{""source"": ""mock_ledger"", ""environment"": ""hackathon"", ""accountType"": ""merchant_settlement""}"
TXN-91073,LED-91073,POSTED,8999.0,INR,2026-08-06 13:58:05,CREDIT,ACC-1058,"{""source"": ""mock_ledger"", ""environment"": ""hackathon"", ""accountType"": ""merchant_settlement""}"
TXN-91074,LED-91074,POSTED,1999.0,INR,2026-08-06 13:48:45,CREDIT,ACC-1070,"{""source"": ""mock_ledger"", ""environment"": ""hackathon"", ""accountType"": ""merchant_settlement""}"
TXN-91075,LED-91075,POSTED,299.0,INR,2026-08-06 13:56:56,CREDIT,ACC-1094,"{""source"": ""mock_ledger"", ""environment"": ""hackathon"", ""accountType"": ""merchant_settlement""}"
TXN-91077,LED-91077,POSTED,499.0,INR,2026-08-06 14:17:25,CREDIT,ACC-1052,"{""source"": ""mock_ledger"", ""environment"": ""hackathon"", ""accountType"": ""merchant_settlement""}"
TXN-91079,LED-91079,POSTED,299.0,INR,2026-08-06 14:31:52,CREDIT,ACC-1097,"{""source"": ""mock_ledger"", ""environment"": ""hackathon"", ""accountType"": ""merchant_settlement""}"
TXN-91080,LED-91080,POSTED,1599.0,INR,2026-08-06 14:43:28,CREDIT,ACC-1001,"{""source"": ""mock_ledger"", ""environment"": ""hackathon"", ""accountType"": ""merchant_settlement""}"
TXN-91083,LED-91083,POSTED,3499.0,INR,2026-08-06 14:52:02,CREDIT,ACC-1097,"{""source"": ""mock_ledger"", ""environment"": ""hackathon"", ""accountType"": ""merchant_settlement""}"
TXN-91084,LED-91084,POSTED,299.0,INR,2026-08-06 15:00:40,CREDIT,ACC-1097,"{""source"": ""mock_ledger"", ""environment"": ""hackathon"", ""accountType"": ""merchant_settlement""}"
TXN-91085,LED-91085,POSTED,4999.0,INR,2026-08-06 15:01:47,CREDIT,ACC-1084,"{""source"": ""mock_ledger"", ""environment"": ""hackathon"", ""accountType"": ""merchant_settlement""}"
TXN-91086,LED-91086,POSTED,199.0,INR,2026-08-06 15:12:11,CREDIT,ACC-1013,"{""source"": ""mock_ledger"", ""environment"": ""hackathon"", ""accountType"": ""merchant_settlement""}"
TXN-91088,LED-91088,POSTED,1499.0,INR,2026-08-06 15:34:41,CREDIT,ACC-1026,"{""source"": ""mock_ledger"", ""environment"": ""hackathon"", ""accountType"": ""merchant_settlement""}"
TXN-91089,LED-91089,POSTED,4200.0,INR,2026-08-06 15:37:38,CREDIT,ACC-1015,"{""source"": ""mock_ledger"", ""environment"": ""hackathon"", ""accountType"": ""merchant_settlement""}"
TXN-91090,LED-91090,POSTED,3499.0,INR,2026-08-06 15:52:38,CREDIT,ACC-1037,"{""source"": ""mock_ledger"", ""environment"": ""hackathon"", ""accountType"": ""merchant_settlement""}"
TXN-91091,LED-91091,POSTED,3499.0,INR,2026-08-06 15:56:50,CREDIT,ACC-1029,"{""source"": ""mock_ledger"", ""environment"": ""hackathon"", ""accountType"": ""merchant_settlement""}"
TXN-91092,LED-91092,POSTED,6750.0,INR,2026-08-06 15:57:47,CREDIT,ACC-1001,"{""source"": ""mock_ledger"", ""environment"": ""hackathon"", ""accountType"": ""merchant_settlement""}"
TXN-91093,LED-91093,POSTED,199.0,INR,2026-08-06 15:57:47,CREDIT,ACC-1070,"{""source"": ""mock_ledger"", ""environment"": ""hackathon"", ""accountType"": ""merchant_settlement""}"
TXN-91094,LED-91094,POSTED,1999.0,INR,2026-08-06 16:10:07,CREDIT,ACC-1082,"{""source"": ""mock_ledger"", ""environment"": ""hackathon"", ""accountType"": ""merchant_settlement""}"
TXN-91095,LED-91095,POSTED,12500.0,INR,2026-08-06 16:08:22,CREDIT,ACC-1089,"{""source"": ""mock_ledger"", ""environment"": ""hackathon"", ""accountType"": ""merchant_settlement""}"
TXN-91096,LED-91096,POSTED,1499.0,INR,2026-08-06 16:22:01,CREDIT,ACC-1064,"{""source"": ""mock_ledger"", ""environment"": ""hackathon"", ""accountType"": ""merchant_settlement""}"
TXN-91100,LED-91100,POSTED,4200.0,INR,2026-08-06 16:47:33,CREDIT,ACC-1003,"{""source"": ""mock_ledger"", ""environment"": ""hackathon"", ""accountType"": ""merchant_settlement""}"
TXN-91101,LED-91101,POSTED,1599.0,INR,2026-08-06 16:59:04,CREDIT,ACC-1077,"{""source"": ""mock_ledger"", ""environment"": ""hackathon"", ""accountType"": ""merchant_settlement""}"
TXN-91102,LED-91102,POSTED,2499.0,INR,2026-08-06 17:14:10,CREDIT,ACC-1096,"{""source"": ""mock_ledger"", ""environment"": ""hackathon"", ""accountType"": ""merchant_settlement""}"
TXN-91104,LED-91104,POSTED,8999.0,INR,2026-08-06 17:28:37,CREDIT,ACC-1045,"{""source"": ""mock_ledger"", ""environment"": ""hackathon"", ""accountType"": ""merchant_settlement""}"
TXN-91105,LED-91105,POSTED,6750.0,INR,2026-08-06 17:24:31,CREDIT,ACC-1030,"{""source"": ""mock_ledger"", ""environment"": ""hackathon"", ""accountType"": ""merchant_settlement""}"
TXN-91107,LED-91107,POSTED,12500.0,INR,2026-08-06 17:46:14,CREDIT,ACC-1006,"{""source"": ""mock_ledger"", ""environment"": ""hackathon"", ""accountType"": ""merchant_settlement""}"
TXN-91108,LED-91108,POSTED,999.0,INR,2026-08-06 17:38:22,CREDIT,ACC-1099,"{""source"": ""mock_ledger"", ""environment"": ""hackathon"", ""accountType"": ""merchant_settlement""}"
TXN-91109,LED-91109,POSTED,4200.0,INR,2026-08-06 17:58:33,CREDIT,ACC-1086,"{""source"": ""mock_ledger"", ""environment"": ""hackathon"", ""accountType"": ""merchant_settlement""}"
TXN-91110,LED-91110,POSTED,2499.0,INR,2026-08-06 18:07:56,CREDIT,ACC-1048,"{""source"": ""mock_ledger"", ""environment"": ""hackathon"", ""accountType"": ""merchant_settlement""}"
TXN-91111,LED-91111,POSTED,2899.0,INR,2026-08-06 18:18:55,CREDIT,ACC-1034,"{""source"": ""mock_ledger"", ""environment"": ""hackathon"", ""accountType"": ""merchant_settlement""}"
TXN-91112,LED-91112,POSTED,199.0,INR,2026-08-06 18:14:16,CREDIT,ACC-1090,"{""source"": ""mock_ledger"", ""environment"": ""hackathon"", ""accountType"": ""merchant_settlement""}"
TXN-91114,LED-91114,POSTED,1499.0,INR,2026-08-06 18:41:32,CREDIT,ACC-1034,"{""source"": ""mock_ledger"", ""environment"": ""hackathon"", ""accountType"": ""merchant_settlement""}"
TXN-91116,LED-91116,POSTED,2499.0,INR,2026-08-06 18:40:13,CREDIT,ACC-1010,"{""source"": ""mock_ledger"", ""environment"": ""hackathon"", ""accountType"": ""merchant_settlement""}"
TXN-91117,LED-91117,POSTED,1999.0,INR,2026-08-06 18:52:11,CREDIT,ACC-1061,"{""source"": ""mock_ledger"", ""environment"": ""hackathon"", ""accountType"": ""merchant_settlement""}"
TXN-91118,LED-91118,POSTED,8999.0,INR,2026-08-06 18:55:13,CREDIT,ACC-1046,"{""source"": ""mock_ledger"", ""environment"": ""hackathon"", ""accountType"": ""merchant_settlement""}"
TXN-91119,LED-91119,POSTED,12500.0,INR,2026-08-06 18:57:08,CREDIT,ACC-1005,"{""source"": ""mock_ledger"", ""environment"": ""hackathon"", ""accountType"": ""merchant_settlement""}"
TXN-91120,LED-91120,POSTED,2899.0,INR,2026-08-06 19:21:15,CREDIT,ACC-1010,"{""source"": ""mock_ledger"", ""environment"": ""hackathon"", ""accountType"": ""merchant_settlement""}"
TXN-91121,LED-91121,POSTED,499.0,INR,2026-08-06 19:19:46,CREDIT,ACC-1014,"{""source"": ""mock_ledger"", ""environment"": ""hackathon"", ""accountType"": ""merchant_settlement""}"
TXN-91122,LED-91122,POSTED,4200.0,INR,2026-08-06 18:50:02,CREDIT,ACC-1079,"{""source"": ""mock_ledger"", ""environment"": ""hackathon"", ""accountType"": ""merchant_settlement""}"
TXN-91123,LED-91123,POSTED,3499.0,INR,2026-08-06 19:38:55,CREDIT,ACC-1009,"{""source"": ""mock_ledger"", ""environment"": ""hackathon"", ""accountType"": ""merchant_settlement""}"
TXN-91125,LED-91125,POSTED,1599.0,INR,2026-08-06 19:43:43,CREDIT,ACC-1065,"{""source"": ""mock_ledger"", ""environment"": ""hackathon"", ""accountType"": ""merchant_settlement""}"
TXN-91126,LED-91126,POSTED,299.0,INR,2026-08-06 20:07:45,CREDIT,ACC-1044,"{""source"": ""mock_ledger"", ""environment"": ""hackathon"", ""accountType"": ""merchant_settlement""}"
TXN-91128,LED-91128,POSTED,2899.0,INR,2026-08-06 20:25:56,CREDIT,ACC-1024,"{""source"": ""mock_ledger"", ""environment"": ""hackathon"", ""accountType"": ""merchant_settlement""}"
TXN-91129,LED-91129,POSTED,1250.0,INR,2026-08-06 20:09:53,CREDIT,ACC-1083,"{""source"": ""mock_ledger"", ""environment"": ""hackathon"", ""accountType"": ""merchant_settlement""}"
TXN-91130,LED-91130,POSTED,299.0,INR,2026-08-06 20:18:10,CREDIT,ACC-1004,"{""source"": ""mock_ledger"", ""environment"": ""hackathon"", ""accountType"": ""merchant_settlement""}"
TXN-91133,LED-91133,POSTED,299.0,INR,2026-08-06 20:50:29,CREDIT,ACC-1089,"{""source"": ""mock_ledger"", ""environment"": ""hackathon"", ""accountType"": ""merchant_settlement""}"
TXN-91135,LED-91135,POSTED,1250.0,INR,2026-08-06 21:09:12,CREDIT,ACC-1058,"{""source"": ""mock_ledger"", ""environment"": ""hackathon"", ""accountType"": ""merchant_settlement""}"
TXN-91136,LED-91136,POSTED,2499.0,INR,2026-08-06 21:08:17,CREDIT,ACC-1001,"{""source"": ""mock_ledger"", ""environment"": ""hackathon"", ""accountType"": ""merchant_settlement""}"
TXN-91137,LED-91137,POSTED,8999.0,INR,2026-08-06 21:13:51,CREDIT,ACC-1063,"{""source"": ""mock_ledger"", ""environment"": ""hackathon"", ""accountType"": ""merchant_settlement""}"
TXN-91138,LED-91138,POSTED,3499.0,INR,2026-08-06 21:14:42,CREDIT,ACC-1088,"{""source"": ""mock_ledger"", ""environment"": ""hackathon"", ""accountType"": ""merchant_settlement""}"
TXN-91139,LED-91139,POSTED,3499.0,INR,2026-08-06 21:19:08,CREDIT,ACC-1046,"{""source"": ""mock_ledger"", ""environment"": ""hackathon"", ""accountType"": ""merchant_settlement""}"
TXN-91140,LED-91140,POSTED,2899.0,INR,2026-08-06 21:46:20,CREDIT,ACC-1085,"{""source"": ""mock_ledger"", ""environment"": ""hackathon"", ""accountType"": ""merchant_settlement""}"
TXN-91141,LED-91141,POSTED,499.0,INR,2026-08-06 21:39:13,CREDIT,ACC-1073,"{""source"": ""mock_ledger"", ""environment"": ""hackathon"", ""accountType"": ""merchant_settlement""}"
TXN-91143,LED-91143,POSTED,4200.0,INR,2026-08-06 22:01:13,CREDIT,ACC-1014,"{""source"": ""mock_ledger"", ""environment"": ""hackathon"", ""accountType"": ""merchant_settlement""}"
TXN-91144,LED-91144,POSTED,8999.0,INR,2026-08-06 22:13:57,CREDIT,ACC-1059,"{""source"": ""mock_ledger"", ""environment"": ""hackathon"", ""accountType"": ""merchant_settlement""}"
TXN-91145,LED-91145,POSTED,12500.0,INR,2026-08-06 22:13:37,CREDIT,ACC-1004,"{""source"": ""mock_ledger"", ""environment"": ""hackathon"", ""accountType"": ""merchant_settlement""}"
TXN-91146,LED-91146,POSTED,12500.0,INR,2026-08-06 22:18:15,CREDIT,ACC-1025,"{""source"": ""mock_ledger"", ""environment"": ""hackathon"", ""accountType"": ""merchant_settlement""}"
TXN-91147,LED-91147,POSTED,999.0,INR,2026-08-06 22:21:31,CREDIT,ACC-1078,"{""source"": ""mock_ledger"", ""environment"": ""hackathon"", ""accountType"": ""merchant_settlement""}"
TXN-91150,LED-91150,POSTED,2499.0,INR,2026-08-06 22:44:16,CREDIT,ACC-1090,"{""source"": ""mock_ledger"", ""environment"": ""hackathon"", ""accountType"": ""merchant_settlement""}"
TXN-91151,LED-91151,POSTED,299.0,INR,2026-08-06 22:54:09,CREDIT,ACC-1053,"{""source"": ""mock_ledger"", ""environment"": ""hackathon"", ""accountType"": ""merchant_settlement""}"
TXN-91152,LED-91152,POSTED,1599.0,INR,2026-08-06 22:25:58,CREDIT,ACC-1099,"{""source"": ""mock_ledger"", ""environment"": ""hackathon"", ""accountType"": ""merchant_settlement""}"
TXN-91153,LED-91153,POSTED,1599.0,INR,2026-08-06 23:15:17,CREDIT,ACC-1088,"{""source"": ""mock_ledger"", ""environment"": ""hackathon"", ""accountType"": ""merchant_settlement""}"
TXN-91155,LED-91155,POSTED,1499.0,INR,2026-08-06 23:17:38,CREDIT,ACC-1082,"{""source"": ""mock_ledger"", ""environment"": ""hackathon"", ""accountType"": ""merchant_settlement""}"
TXN-91156,LED-91156,POSTED,1250.0,INR,2026-08-06 23:21:34,CREDIT,ACC-1008,"{""source"": ""mock_ledger"", ""environment"": ""hackathon"", ""accountType"": ""merchant_settlement""}"
TXN-91157,LED-91157,POSTED,499.0,INR,2026-08-06 23:34:05,CREDIT,ACC-1039,"{""source"": ""mock_ledger"", ""environment"": ""hackathon"", ""accountType"": ""merchant_settlement""}"
TXN-91158,LED-91158,POSTED,299.0,INR,2026-08-06 23:32:51,CREDIT,ACC-1033,"{""source"": ""mock_ledger"", ""environment"": ""hackathon"", ""accountType"": ""merchant_settlement""}"
TXN-91159,LED-91159,POSTED,6750.0,INR,2026-08-06 23:45:00,CREDIT,ACC-1064,"{""source"": ""mock_ledger"", ""environment"": ""hackathon"", ""accountType"": ""merchant_settlement""}"
TXN-91161,LED-91161,POSTED,12500.0,INR,2026-08-06 23:55:43,CREDIT,ACC-1045,"{""source"": ""mock_ledger"", ""environment"": ""hackathon"", ""accountType"": ""merchant_settlement""}"
TXN-91162,LED-91162,POSTED,2499.0,INR,2026-08-07 00:00:16,CREDIT,ACC-1008,"{""source"": ""mock_ledger"", ""environment"": ""hackathon"", ""accountType"": ""merchant_settlement""}"
TXN-91163,LED-91163,POSTED,799.0,INR,2026-08-07 00:06:42,CREDIT,ACC-1050,"{""source"": ""mock_ledger"", ""environment"": ""hackathon"", ""accountType"": ""merchant_settlement""}"
TXN-91164,LED-91164,POSTED,3499.0,INR,2026-08-07 00:30:33,CREDIT,ACC-1086,"{""source"": ""mock_ledger"", ""environment"": ""hackathon"", ""accountType"": ""merchant_settlement""}"
TXN-91165,LED-91165,POSTED,299.0,INR,2026-08-07 00:29:57,CREDIT,ACC-1074,"{""source"": ""mock_ledger"", ""environment"": ""hackathon"", ""accountType"": ""merchant_settlement""}"
TXN-91166,LED-91166,POSTED,999.0,INR,2026-08-07 00:24:47,CREDIT,ACC-1006,"{""source"": ""mock_ledger"", ""environment"": ""hackathon"", ""accountType"": ""merchant_settlement""}"
TXN-91167,LED-91167,POSTED,1999.0,INR,2026-08-07 00:35:59,CREDIT,ACC-1021,"{""source"": ""mock_ledger"", ""environment"": ""hackathon"", ""accountType"": ""merchant_settlement""}"
TXN-91168,LED-91168,POSTED,199.0,INR,2026-08-07 00:59:49,CREDIT,ACC-1034,"{""source"": ""mock_ledger"", ""environment"": ""hackathon"", ""accountType"": ""merchant_settlement""}"
TXN-91169,LED-91169,POSTED,12500.0,INR,2026-08-07 00:48:57,CREDIT,ACC-1066,"{""source"": ""mock_ledger"", ""environment"": ""hackathon"", ""accountType"": ""merchant_settlement""}"
TXN-91170,LED-91170,POSTED,4999.0,INR,2026-08-07 01:15:24,CREDIT,ACC-1040,"{""source"": ""mock_ledger"", ""environment"": ""hackathon"", ""accountType"": ""merchant_settlement""}"
TXN-91171,LED-91171,POSTED,499.0,INR,2026-08-07 01:00:01,CREDIT,ACC-1047,"{""source"": ""mock_ledger"", ""environment"": ""hackathon"", ""accountType"": ""merchant_settlement""}"
TXN-91172,LED-91172,POSTED,199.0,INR,2026-08-07 00:39:41,CREDIT,ACC-1097,"{""source"": ""mock_ledger"", ""environment"": ""hackathon"", ""accountType"": ""merchant_settlement""}"
TXN-91173,LED-91173,POSTED,2899.0,INR,2026-08-07 01:37:35,CREDIT,ACC-1048,"{""source"": ""mock_ledger"", ""environment"": ""hackathon"", ""accountType"": ""merchant_settlement""}"
TXN-91175,LED-91175,POSTED,4200.0,INR,2026-08-07 01:49:17,CREDIT,ACC-1047,"{""source"": ""mock_ledger"", ""environment"": ""hackathon"", ""accountType"": ""merchant_settlement""}"
TXN-91176,LED-91176,POSTED,1599.0,INR,2026-08-07 01:39:12,CREDIT,ACC-1008,"{""source"": ""mock_ledger"", ""environment"": ""hackathon"", ""accountType"": ""merchant_settlement""}"
TXN-91178,LED-91178,POSTED,299.0,INR,2026-08-07 01:57:25,CREDIT,ACC-1059,"{""source"": ""mock_ledger"", ""environment"": ""hackathon"", ""accountType"": ""merchant_settlement""}"
TXN-91179,LED-91179,POSTED,499.0,INR,2026-08-07 02:08:18,CREDIT,ACC-1009,"{""source"": ""mock_ledger"", ""environment"": ""hackathon"", ""accountType"": ""merchant_settlement""}"
TXN-91181,LED-91181,POSTED,499.0,INR,2026-08-07 02:31:46,CREDIT,ACC-1005,"{""source"": ""mock_ledger"", ""environment"": ""hackathon"", ""accountType"": ""merchant_settlement""}"
TXN-91182,LED-91182,POSTED,1499.0,INR,2026-08-07 02:35:19,CREDIT,ACC-1017,"{""source"": ""mock_ledger"", ""environment"": ""hackathon"", ""accountType"": ""merchant_settlement""}"
TXN-91183,LED-91183,POSTED,12500.0,INR,2026-08-07 02:39:19,CREDIT,ACC-1048,"{""source"": ""mock_ledger"", ""environment"": ""hackathon"", ""accountType"": ""merchant_settlement""}"
TXN-91184,LED-91184,POSTED,199.0,INR,2026-08-07 02:40:25,CREDIT,ACC-1082,"{""source"": ""mock_ledger"", ""environment"": ""hackathon"", ""accountType"": ""merchant_settlement""}"
TXN-91185,LED-91185,POSTED,4999.0,INR,2026-08-07 02:49:37,CREDIT,ACC-1097,"{""source"": ""mock_ledger"", ""environment"": ""hackathon"", ""accountType"": ""merchant_settlement""}"
TXN-91186,LED-91186,POSTED,2499.0,INR,2026-08-07 02:55:15,CREDIT,ACC-1038,"{""source"": ""mock_ledger"", ""environment"": ""hackathon"", ""accountType"": ""merchant_settlement""}"
TXN-91187,LED-91187,POSTED,12500.0,INR,2026-08-07 02:56:33,CREDIT,ACC-1035,"{""source"": ""mock_ledger"", ""environment"": ""hackathon"", ""accountType"": ""merchant_settlement""}"
TXN-91188,LED-91188,POSTED,3499.0,INR,2026-08-07 03:25:48,CREDIT,ACC-1094,"{""source"": ""mock_ledger"", ""environment"": ""hackathon"", ""accountType"": ""merchant_settlement""}"
TXN-91189,LED-91189,POSTED,999.0,INR,2026-08-07 03:20:13,CREDIT,ACC-1009,"{""source"": ""mock_ledger"", ""environment"": ""hackathon"", ""accountType"": ""merchant_settlement""}"
TXN-91190,LED-91190,POSTED,799.0,INR,2026-08-07 03:30:03,CREDIT,ACC-1013,"{""source"": ""mock_ledger"", ""environment"": ""hackathon"", ""accountType"": ""merchant_settlement""}"
TXN-91192,LED-91192,POSTED,2899.0,INR,2026-08-07 03:38:23,CREDIT,ACC-1083,"{""source"": ""mock_ledger"", ""environment"": ""hackathon"", ""accountType"": ""merchant_settlement""}"
TXN-91193,LED-91193,POSTED,299.0,INR,2026-08-07 03:44:15,CREDIT,ACC-1049,"{""source"": ""mock_ledger"", ""environment"": ""hackathon"", ""accountType"": ""merchant_settlement""}"
TXN-91194,LED-91194,POSTED,499.0,INR,2026-08-07 03:45:54,CREDIT,ACC-1031,"{""source"": ""mock_ledger"", ""environment"": ""hackathon"", ""accountType"": ""merchant_settlement""}"
TXN-91195,LED-91195,POSTED,2899.0,INR,2026-08-07 03:55:16,CREDIT,ACC-1099,"{""source"": ""mock_ledger"", ""environment"": ""hackathon"", ""accountType"": ""merchant_settlement""}"
TXN-91196,LED-91196,POSTED,1599.0,INR,2026-08-07 04:18:33,CREDIT,ACC-1067,"{""source"": ""mock_ledger"", ""environment"": ""hackathon"", ""accountType"": ""merchant_settlement""}"
TXN-91197,LED-91197,POSTED,1599.0,INR,2026-08-07 04:27:51,CREDIT,ACC-1082,"{""source"": ""mock_ledger"", ""environment"": ""hackathon"", ""accountType"": ""merchant_settlement""}"
TXN-91198,LED-91198,POSTED,1599.0,INR,2026-08-07 04:06:42,CREDIT,ACC-1018,"{""source"": ""mock_ledger"", ""environment"": ""hackathon"", ""accountType"": ""merchant_settlement""}"
TXN-91199,LED-91199,POSTED,8999.0,INR,2026-08-07 04:18:23,CREDIT,ACC-1060,"{""source"": ""mock_ledger"", ""environment"": ""hackathon"", ""accountType"": ""merchant_settlement""}"
TXN-DEMO-SUCCESS,LED-DEMO-1,POSTED,3499.0,INR,2026-08-03 08:40:00,CREDIT,ACC-DEMO-1,"{""source"": ""mock_ledger"", ""environment"": ""hackathon"", ""demoCase"": true}"
TXN-DEMO-MISMATCH,LED-DEMO-4,POSTED,5000.0,INR,2026-08-03 11:40:00,CREDIT,ACC-DEMO-4,"{""source"": ""mock_ledger"", ""environment"": ""hackathon"", ""demoCase"": true}"
