transactionId,gatewayReference,status,amount,currency,processedAt,responseCode,responseMessage,metadata
TXN-82941,GW-90000,SUCCESS,5000.0,INR,2026-08-01 08:01:05,00,Transaction approved,"{""source"": ""mock_gateway"", ""environment"": ""hackathon"", ""channel"": ""UPI""}"
TXN-90001,GW-90001,SUCCESS,1999.0,INR,2026-08-01 08:09:30,00,Transaction approved,"{""source"": ""mock_gateway"", ""environment"": ""hackathon"", ""channel"": ""CARD""}"
TXN-90002,GW-90002,SUCCESS,3499.0,INR,2026-08-01 08:17:16,00,Transaction approved,"{""source"": ""mock_gateway"", ""environment"": ""hackathon"", ""channel"": ""UPI""}"
TXN-90003,GW-90003,SUCCESS,3499.0,INR,2026-08-01 08:24:58,00,Transaction approved,"{""source"": ""mock_gateway"", ""environment"": ""hackathon"", ""channel"": ""CARD""}"
TXN-90004,GW-90004,SUCCESS,8999.0,INR,2026-08-01 08:28:23,00,Transaction approved,"{""source"": ""mock_gateway"", ""environment"": ""hackathon"", ""channel"": ""UPI""}"
TXN-90005,GW-90005,SUCCESS,499.0,INR,2026-08-01 08:37:54,00,Transaction approved,"{""source"": ""mock_gateway"", ""environment"": ""hackathon"", ""channel"": ""UPI""}"
TXN-90006,GW-90006,SUCCESS,1250.0,INR,2026-08-01 08:46:33,00,Transaction approved,"{""source"": ""mock_gateway"", ""environment"": ""hackathon"", ""channel"": ""NETBANKING""}"
TXN-90007,GW-90007,SUCCESS,1250.0,INR,2026-08-01 08:51:27,00,Transaction approved,"{""source"": ""mock_gateway"", ""environment"": ""hackathon"", ""channel"": ""NETBANKING""}"
TXN-90008,GW-90008,SUCCESS,4200.0,INR,2026-08-01 09:00:36,00,Transaction approved,"{""source"": ""mock_gateway"", ""environment"": ""hackathon"", ""channel"": ""CARD""}"
TXN-90009,GW-90009,SUCCESS,2499.0,INR,2026-08-01 09:03:33,00,Transaction approved,"{""source"": ""mock_gateway"", ""environment"": ""hackathon"", ""channel"": ""UPI""}"
TXN-90010,GW-90010,SUCCESS,799.0,INR,2026-08-01 09:14:26,00,Transaction approved,"{""source"": ""mock_gateway"", ""environment"": ""hackathon"", ""channel"": ""UPI""}"
TXN-90011,GW-90011,SUCCESS,199.0,INR,2026-08-01 09:22:15,00,Transaction approved,"{""source"": ""mock_gateway"", ""environment"": ""hackathon"", ""channel"": ""UPI""}"
TXN-90012,GW-90012,SUCCESS,4999.0,INR,2026-08-01 09:28:04,00,Transaction approved,"{""source"": ""mock_gateway"", ""environment"": ""hackathon"", ""channel"": ""NETBANKING""}"
TXN-90013,GW-90013,SUCCESS,4200.0,INR,2026-08-01 09:35:26,00,Transaction approved,"{""source"": ""mock_gateway"", ""environment"": ""hackathon"", ""channel"": ""NETBANKING""}"
TXN-90014,GW-90014,SUCCESS,4999.0,INR,2026-08-01 09:43:12,00,Transaction approved,"{""source"": ""mock_gateway"", ""environment"": ""hackathon"", ""channel"": ""NETBANKING""}"
TXN-90015,GW-90015,SUCCESS,799.0,INR,2026-08-01 09:45:45,00,Transaction approved,"{""source"": ""mock_gateway"", ""environment"": ""hackathon"", ""channel"": ""NETBANKING""}"
TXN-90016,GW-90016,SUCCESS,299.0,INR,2026-08-01 09:56:49,00,Transaction approved,"{""source"": ""mock_gateway"", ""environment"": ""hackathon"", ""channel"": ""CARD""}"
TXN-90017,GW-90017,SUCCESS,499.0,INR,2026-08-01 10:03:05,00,Transaction approved,"{""source"": ""mock_gateway"", ""environment"": ""hackathon"", ""channel"": ""CARD""}"
TXN-90018,GW-90018,SUCCESS,199.0,INR,2026-08-01 10:10:12,00,Transaction approved,"{""source"": ""mock_gateway"", ""environment"": ""hackathon"", ""channel"": ""UPI""}"
TXN-90019,GW-90019,SUCCESS,8999.0,INR,2026-08-01 10:15:13,00,Transaction approved,"{""source"": ""mock_gateway"", ""environment"": ""hackathon"", ""channel"": ""UPI""}"
TXN-90020,GW-90020,SUCCESS,1599.0,INR,2026-08-01 10:23:29,00,Transaction approved,"{""source"": ""mock_gateway"", ""environment"": ""hackathon"", ""channel"": ""UPI""}"
TXN-90021,GW-90021,SUCCESS,499.0,INR,2026-08-01 10:29:17,00,Transaction approved,"{""source"": ""mock_gateway"", ""environment"": ""hackathon"", ""channel"": ""NETBANKING""}"
TXN-90022,GW-90022,SUCCESS,12500.0,INR,2026-08-01 10:35:08,00,Transaction approved,"{""source"": ""mock_gateway"", ""environment"": ""hackathon"", ""channel"": ""CARD""}"
TXN-90023,GW-90023,SUCCESS,1999.0,INR,2026-08-01 10:47:16,00,Transaction approved,"{""source"": ""mock_gateway"", ""environment"": ""hackathon"", ""channel"": ""UPI""}"
TXN-90024,GW-90024,SUCCESS,4999.0,INR,2026-08-01 10:52:36,00,Transaction approved,"{""source"": ""mock_gateway"", ""environment"": ""hackathon"", ""channel"": ""CARD""}"
TXN-90025,GW-90025,SUCCESS,499.0,INR,2026-08-01 10:59:08,00,Transaction approved,"{""source"": ""mock_gateway"", ""environment"": ""hackathon"", ""channel"": ""NETBANKING""}"
TXN-90026,GW-90026,SUCCESS,199.0,INR,2026-08-01 11:06:47,00,Transaction approved,"{""source"": ""mock_gateway"", ""environment"": ""hackathon"", ""channel"": ""CARD""}"
TXN-90027,GW-90027,SUCCESS,199.0,INR,2026-08-01 11:14:40,00,Transaction approved,"{""source"": ""mock_gateway"", ""environment"": ""hackathon"", ""channel"": ""NETBANKING""}"
TXN-90028,GW-90028,SUCCESS,999.0,INR,2026-08-01 11:18:03,00,Transaction approved,"{""source"": ""mock_gateway"", ""environment"": ""hackathon"", ""channel"": ""NETBANKING""}"
TXN-90029,GW-90029,SUCCESS,1999.0,INR,2026-08-01 11:23:24,00,Transaction approved,"{""source"": ""mock_gateway"", ""environment"": ""hackathon"", ""channel"": ""UPI""}"
TXN-90030,GW-90030,SUCCESS,1599.0,INR,2026-08-01 11:31:42,00,Transaction approved,"{""source"": ""mock_gateway"", ""environment"": ""hackathon"", ""channel"": ""CARD""}"
TXN-90031,GW-90031,SUCCESS,6750.0,INR,2026-08-01 11:41:56,00,Transaction approved,"{""source"": ""mock_gateway"", ""environment"": ""hackathon"", ""channel"": ""CARD""}"
TXN-90032,GW-90032,PENDING,999.0,INR,2026-08-01 11:44:52,91,Issuer or switch temporarily unavailable,"{""source"": ""mock_gateway"", ""environment"": ""hackathon"", ""channel"": ""UPI""}"
TXN-90033,GW-90033,SUCCESS,4999.0,INR,2026-08-01 11:52:10,00,Transaction approved,"{""source"": ""mock_gateway"", ""environment"": ""hackathon"", ""channel"": ""NETBANKING""}"
TXN-90034,GW-90034,SUCCESS,499.0,INR,2026-08-01 11:59:54,00,Transaction approved,"{""source"": ""mock_gateway"", ""environment"": ""hackathon"", ""channel"": ""UPI""}"
TXN-90035,GW-90035,SUCCESS,1599.0,INR,2026-08-01 12:09:05,00,Transaction approved,"{""source"": ""mock_gateway"", ""environment"": ""hackathon"", ""channel"": ""CARD""}"
TXN-90036,GW-90036,SUCCESS,799.0,INR,2026-08-01 12:15:39,00,Transaction approved,"{""source"": ""mock_gateway"", ""environment"": ""hackathon"", ""channel"": ""NETBANKING""}"
TXN-90037,GW-90037,SUCCESS,6750.0,INR,2026-08-01 12:23:19,00,Transaction approved,"{""source"": ""mock_gateway"", ""environment"": ""hackathon"", ""channel"": ""CARD""}"
TXN-90038,GW-90038,SUCCESS,299.0,INR,2026-08-01 12:27:50,00,Transaction approved,"{""source"": ""mock_gateway"", ""environment"": ""hackathon"", ""channel"": ""NETBANKING""}"
TXN-90039,GW-90039,SUCCESS,2499.0,INR,2026-08-01 12:34:38,00,Transaction approved,"{""source"": ""mock_gateway"", ""environment"": ""hackathon"", ""channel"": ""NETBANKING""}"
TXN-90040,GW-90040,SUCCESS,12500.0,INR,2026-08-01 12:41:58,00,Transaction approved,"{""source"": ""mock_gateway"", ""environment"": ""hackathon"", ""channel"": ""UPI""}"
TXN-90041,GW-90041,SUCCESS,299.0,INR,2026-08-01 12:50:52,00,Transaction approved,"{""source"": ""mock_gateway"", ""environment"": ""hackathon"", ""channel"": ""CARD""}"
TXN-90042,GW-90042,SUCCESS,12500.0,INR,2026-08-01 12:58:25,00,Transaction approved,"{""source"": ""mock_gateway"", ""environment"": ""hackathon"", ""channel"": ""NETBANKING""}"
TXN-90043,GW-90043,SUCCESS,1599.0,INR,2026-08-01 13:06:49,00,Transaction approved,"{""source"": ""mock_gateway"", ""environment"": ""hackathon"", ""channel"": ""CARD""}"
TXN-90044,GW-90044,SUCCESS,799.0,INR,2026-08-01 13:10:32,00,Transaction approved,"{""source"": ""mock_gateway"", ""environment"": ""hackathon"", ""channel"": ""NETBANKING""}"
TXN-90045,GW-90045,SUCCESS,12500.0,INR,2026-08-01 13:15:59,00,Transaction approved,"{""source"": ""mock_gateway"", ""environment"": ""hackathon"", ""channel"": ""CARD""}"
TXN-90046,GW-90046,SUCCESS,2499.0,INR,2026-08-01 13:25:23,00,Transaction approved,"{""source"": ""mock_gateway"", ""environment"": ""hackathon"", ""channel"": ""CARD""}"
TXN-90047,GW-90047,SUCCESS,3499.0,INR,2026-08-01 13:31:50,00,Transaction approved,"{""source"": ""mock_gateway"", ""environment"": ""hackathon"", ""channel"": ""NETBANKING""}"
TXN-90048,GW-90048,SUCCESS,3499.0,INR,2026-08-01 13:37:27,00,Transaction approved,"{""source"": ""mock_gateway"", ""environment"": ""hackathon"", ""channel"": ""UPI""}"
TXN-90049,GW-90049,SUCCESS,4999.0,INR,2026-08-01 13:47:00,00,Transaction approved,"{""source"": ""mock_gateway"", ""environment"": ""hackathon"", ""channel"": ""UPI""}"
TXN-90050,GW-90050,SUCCESS,2899.0,INR,2026-08-01 13:53:41,00,Transaction approved,"{""source"": ""mock_gateway"", ""environment"": ""hackathon"", ""channel"": ""CARD""}"
TXN-90051,GW-90051,SUCCESS,1599.0,INR,2026-08-01 14:00:40,00,Transaction approved,"{""source"": ""mock_gateway"", ""environment"": ""hackathon"", ""channel"": ""UPI""}"
TXN-90052,GW-90052,SUCCESS,4999.0,INR,2026-08-01 14:04:48,00,Transaction approved,"{""source"": ""mock_gateway"", ""environment"": ""hackathon"", ""channel"": ""NETBANKING""}"
TXN-90053,GW-90053,SUCCESS,4200.0,INR,2026-08-01 14:14:25,00,Transaction approved,"{""source"": ""mock_gateway"", ""environment"": ""hackathon"", ""channel"": ""NETBANKING""}"
TXN-90054,GW-90054,SUCCESS,999.0,INR,2026-08-01 14:22:27,00,Transaction approved,"{""source"": ""mock_gateway"", ""environment"": ""hackathon"", ""channel"": ""CARD""}"
TXN-90055,GW-90055,SUCCESS,4999.0,INR,2026-08-01 14:31:01,00,Transaction approved,"{""source"": ""mock_gateway"", ""environment"": ""hackathon"", ""channel"": ""CARD""}"
TXN-90056,GW-90056,SUCCESS,799.0,INR,2026-08-01 14:38:00,00,Transaction approved,"{""source"": ""mock_gateway"", ""environment"": ""hackathon"", ""channel"": ""NETBANKING""}"
TXN-90057,GW-90057,SUCCESS,199.0,INR,2026-08-01 14:40:49,00,Transaction approved,"{""source"": ""mock_gateway"", ""environment"": ""hackathon"", ""channel"": ""UPI""}"
TXN-90058,GW-90058,SUCCESS,6750.0,INR,2026-08-01 14:48:34,00,Transaction approved,"{""source"": ""mock_gateway"", ""environment"": ""hackathon"", ""channel"": ""NETBANKING""}"
TXN-90059,GW-90059,SUCCESS,12500.0,INR,2026-08-01 14:57:37,00,Transaction approved,"{""source"": ""mock_gateway"", ""environment"": ""hackathon"", ""channel"": ""CARD""}"
TXN-90060,GW-90060,SUCCESS,4999.0,INR,2026-08-01 15:04:07,00,Transaction approved,"{""source"": ""mock_gateway"", ""environment"": ""hackathon"", ""channel"": ""CARD""}"
TXN-90061,GW-90061,SUCCESS,199.0,INR,2026-08-01 15:07:27,00,Transaction approved,"{""source"": ""mock_gateway"", ""environment"": ""hackathon"", ""channel"": ""UPI""}"
TXN-90062,GW-90062,SUCCESS,499.0,INR,2026-08-01 15:15:09,00,Transaction approved,"{""source"": ""mock_gateway"", ""environment"": ""hackathon"", ""channel"": ""CARD""}"
TXN-90063,GW-90063,SUCCESS,299.0,INR,2026-08-01 15:23:15,00,Transaction approved,"{""source"": ""mock_gateway"", ""environment"": ""hackathon"", ""channel"": ""UPI""}"
TXN-90064,GW-90064,SUCCESS,299.0,INR,2026-08-01 15:30:02,00,Transaction approved,"{""source"": ""mock_gateway"", ""environment"": ""hackathon"", ""channel"": ""NETBANKING""}"
TXN-90065,GW-90065,SUCCESS,4999.0,INR,2026-08-01 15:36:03,00,Transaction approved,"{""source"": ""mock_gateway"", ""environment"": ""hackathon"", ""channel"": ""NETBANKING""}"
TXN-90066,GW-90066,SUCCESS,199.0,INR,2026-08-01 15:48:08,00,Transaction approved,"{""source"": ""mock_gateway"", ""environment"": ""hackathon"", ""channel"": ""UPI""}"
TXN-90067,GW-90067,SUCCESS,799.0,INR,2026-08-01 15:55:19,00,Transaction approved,"{""source"": ""mock_gateway"", ""environment"": ""hackathon"", ""channel"": ""CARD""}"
TXN-90068,GW-90068,SUCCESS,799.0,INR,2026-08-01 15:57:54,00,Transaction approved,"{""source"": ""mock_gateway"", ""environment"": ""hackathon"", ""channel"": ""NETBANKING""}"
TXN-90069,GW-90069,SUCCESS,999.0,INR,2026-08-01 16:07:16,00,Transaction approved,"{""source"": ""mock_gateway"", ""environment"": ""hackathon"", ""channel"": ""NETBANKING""}"
TXN-90070,GW-90070,SUCCESS,2899.0,INR,2026-08-01 16:13:53,00,Transaction approved,"{""source"": ""mock_gateway"", ""environment"": ""hackathon"", ""channel"": ""CARD""}"
TXN-90071,GW-90071,SUCCESS,12500.0,INR,2026-08-01 16:21:51,00,Transaction approved,"{""source"": ""mock_gateway"", ""environment"": ""hackathon"", ""channel"": ""UPI""}"
TXN-90072,GW-90072,SUCCESS,1599.0,INR,2026-08-01 16:26:21,00,Transaction approved,"{""source"": ""mock_gateway"", ""environment"": ""hackathon"", ""channel"": ""CARD""}"
TXN-90073,GW-90073,SUCCESS,2899.0,INR,2026-08-01 16:31:55,00,Transaction approved,"{""source"": ""mock_gateway"", ""environment"": ""hackathon"", ""channel"": ""NETBANKING""}"
TXN-90074,GW-90074,SUCCESS,999.0,INR,2026-08-01 16:43:15,00,Transaction approved,"{""source"": ""mock_gateway"", ""environment"": ""hackathon"", ""channel"": ""CARD""}"
TXN-90075,GW-90075,SUCCESS,299.0,INR,2026-08-01 16:49:55,00,Transaction approved,"{""source"": ""mock_gateway"", ""environment"": ""hackathon"", ""channel"": ""UPI""}"
TXN-90076,GW-90076,SUCCESS,799.0,INR,2026-08-01 16:57:08,00,Transaction approved,"{""source"": ""mock_gateway"", ""environment"": ""hackathon"", ""channel"": ""NETBANKING""}"
TXN-90077,GW-90077,SUCCESS,199.0,INR,2026-08-01 17:04:59,00,Transaction approved,"{""source"": ""mock_gateway"", ""environment"": ""hackathon"", ""channel"": ""CARD""}"
TXN-90078,GW-90078,SUCCESS,199.0,INR,2026-08-01 17:08:22,00,Transaction approved,"{""source"": ""mock_gateway"", ""environment"": ""hackathon"", ""channel"": ""NETBANKING""}"
TXN-90079,GW-90079,SUCCESS,2499.0,INR,2026-08-01 17:16:29,00,Transaction approved,"{""source"": ""mock_gateway"", ""environment"": ""hackathon"", ""channel"": ""UPI""}"
TXN-90080,GW-90080,SUCCESS,6750.0,INR,2026-08-01 17:24:51,00,Transaction approved,"{""source"": ""mock_gateway"", ""environment"": ""hackathon"", ""channel"": ""CARD""}"
TXN-90081,GW-90081,SUCCESS,1599.0,INR,2026-08-01 17:31:43,00,Transaction approved,"{""source"": ""mock_gateway"", ""environment"": ""hackathon"", ""channel"": ""CARD""}"
TXN-90082,GW-90082,SUCCESS,1599.0,INR,2026-08-01 17:34:52,00,Transaction approved,"{""source"": ""mock_gateway"", ""environment"": ""hackathon"", ""channel"": ""CARD""}"
TXN-90083,GW-90083,SUCCESS,1999.0,INR,2026-08-01 17:45:00,00,Transaction approved,"{""source"": ""mock_gateway"", ""environment"": ""hackathon"", ""channel"": ""UPI""}"
TXN-90084,GW-90084,SUCCESS,2499.0,INR,2026-08-01 17:53:03,00,Transaction approved,"{""source"": ""mock_gateway"", ""environment"": ""hackathon"", ""channel"": ""UPI""}"
TXN-90085,GW-90085,SUCCESS,799.0,INR,2026-08-01 17:57:04,00,Transaction approved,"{""source"": ""mock_gateway"", ""environment"": ""hackathon"", ""channel"": ""UPI""}"
TXN-90086,GW-90086,SUCCESS,199.0,INR,2026-08-01 18:07:57,00,Transaction approved,"{""source"": ""mock_gateway"", ""environment"": ""hackathon"", ""channel"": ""CARD""}"
TXN-90087,GW-90087,SUCCESS,1250.0,INR,2026-08-01 18:12:18,00,Transaction approved,"{""source"": ""mock_gateway"", ""environment"": ""hackathon"", ""channel"": ""NETBANKING""}"
TXN-90088,GW-90088,SUCCESS,799.0,INR,2026-08-01 18:21:40,00,Transaction approved,"{""source"": ""mock_gateway"", ""environment"": ""hackathon"", ""channel"": ""UPI""}"
TXN-90089,GW-90089,SUCCESS,299.0,INR,2026-08-01 18:25:30,00,Transaction approved,"{""source"": ""mock_gateway"", ""environment"": ""hackathon"", ""channel"": ""UPI""}"
TXN-90090,GW-90090,SUCCESS,12500.0,INR,2026-08-01 18:33:19,00,Transaction approved,"{""source"": ""mock_gateway"", ""environment"": ""hackathon"", ""channel"": ""CARD""}"
TXN-90091,GW-90091,SUCCESS,12500.0,INR,2026-08-01 18:42:51,00,Transaction approved,"{""source"": ""mock_gateway"", ""environment"": ""hackathon"", ""channel"": ""CARD""}"
TXN-90092,GW-90092,SUCCESS,199.0,INR,2026-08-01 18:45:10,00,Transaction approved,"{""source"": ""mock_gateway"", ""environment"": ""hackathon"", ""channel"": ""CARD""}"
TXN-90093,GW-90093,SUCCESS,1499.0,INR,2026-08-01 18:55:23,00,Transaction approved,"{""source"": ""mock_gateway"", ""environment"": ""hackathon"", ""channel"": ""CARD""}"
TXN-90094,GW-90094,SUCCESS,3499.0,INR,2026-08-01 19:01:36,00,Transaction approved,"{""source"": ""mock_gateway"", ""environment"": ""hackathon"", ""channel"": ""CARD""}"
TXN-90095,GW-90095,SUCCESS,1250.0,INR,2026-08-01 19:08:15,00,Transaction approved,"{""source"": ""mock_gateway"", ""environment"": ""hackathon"", ""channel"": ""NETBANKING""}"
TXN-90096,GW-90096,SUCCESS,1999.0,INR,2026-08-01 19:12:20,00,Transaction approved,"{""source"": ""mock_gateway"", ""environment"": ""hackathon"", ""channel"": ""CARD""}"
TXN-90097,GW-90097,SUCCESS,4999.0,INR,2026-08-01 19:22:36,00,Transaction approved,"{""source"": ""mock_gateway"", ""environment"": ""hackathon"", ""channel"": ""NETBANKING""}"
TXN-90098,GW-90098,SUCCESS,799.0,INR,2026-08-01 19:31:43,00,Transaction approved,"{""source"": ""mock_gateway"", ""environment"": ""hackathon"", ""channel"": ""UPI""}"
TXN-90099,GW-90099,SUCCESS,1999.0,INR,2026-08-01 19:34:10,00,Transaction approved,"{""source"": ""mock_gateway"", ""environment"": ""hackathon"", ""channel"": ""UPI""}"
TXN-90100,GW-90100,SUCCESS,2499.0,INR,2026-08-01 19:45:16,00,Transaction approved,"{""source"": ""mock_gateway"", ""environment"": ""hackathon"", ""channel"": ""NETBANKING""}"
TXN-90101,GW-90101,SUCCESS,2899.0,INR,2026-08-01 19:48:51,00,Transaction approved,"{""source"": ""mock_gateway"", ""environment"": ""hackathon"", ""channel"": ""CARD""}"
TXN-90102,GW-90102,SUCCESS,1599.0,INR,2026-08-01 19:54:20,00,Transaction approved,"{""source"": ""mock_gateway"", ""environment"": ""hackathon"", ""channel"": ""NETBANKING""}"
TXN-90103,GW-90103,SUCCESS,499.0,INR,2026-08-01 20:01:55,00,Transaction approved,"{""source"": ""mock_gateway"", ""environment"": ""hackathon"", ""channel"": ""UPI""}"
TXN-90104,GW-90104,SUCCESS,1599.0,INR,2026-08-01 20:12:15,00,Transaction approved,"{""source"": ""mock_gateway"", ""environment"": ""hackathon"", ""channel"": ""NETBANKING""}"
TXN-90105,GW-90105,SUCCESS,12500.0,INR,2026-08-01 20:18:26,00,Transaction approved,"{""source"": ""mock_gateway"", ""environment"": ""hackathon"", ""channel"": ""NETBANKING""}"
TXN-90106,GW-90106,SUCCESS,12500.0,INR,2026-08-01 20:25:31,00,Transaction approved,"{""source"": ""mock_gateway"", ""environment"": ""hackathon"", ""channel"": ""NETBANKING""}"
TXN-90107,GW-90107,SUCCESS,6750.0,INR,2026-08-01 20:33:26,00,Transaction approved,"{""source"": ""mock_gateway"", ""environment"": ""hackathon"", ""channel"": ""CARD""}"
TXN-90108,GW-90108,SUCCESS,3499.0,INR,2026-08-01 20:39:19,00,Transaction approved,"{""source"": ""mock_gateway"", ""environment"": ""hackathon"", ""channel"": ""CARD""}"
TXN-90109,GW-90109,SUCCESS,4999.0,INR,2026-08-01 20:43:50,00,Transaction approved,"{""source"": ""mock_gateway"", ""environment"": ""hackathon"", ""channel"": ""NETBANKING""}"
TXN-90110,GW-90110,SUCCESS,1250.0,INR,2026-08-01 20:50:51,00,Transaction approved,"{""source"": ""mock_gateway"", ""environment"": ""hackathon"", ""channel"": ""CARD""}"
TXN-90111,GW-90111,SUCCESS,2499.0,INR,2026-08-01 21:01:55,00,Transaction approved,"{""source"": ""mock_gateway"", ""environment"": ""hackathon"", ""channel"": ""UPI""}"
TXN-90112,GW-90112,SUCCESS,12500.0,INR,2026-08-01 21:05:32,00,Transaction approved,"{""source"": ""mock_gateway"", ""environment"": ""hackathon"", ""channel"": ""CARD""}"
TXN-90113,GW-90113,SUCCESS,499.0,INR,2026-08-01 21:17:16,00,Transaction approved,"{""source"": ""mock_gateway"", ""environment"": ""hackathon"", ""channel"": ""CARD""}"
TXN-90114,GW-90114,SUCCESS,2899.0,INR,2026-08-01 21:21:01,00,Transaction approved,"{""source"": ""mock_gateway"", ""environment"": ""hackathon"", ""channel"": ""CARD""}"
TXN-90115,GW-90115,SUCCESS,4999.0,INR,2026-08-01 21:28:11,00,Transaction approved,"{""source"": ""mock_gateway"", ""environment"": ""hackathon"", ""channel"": ""CARD""}"
TXN-90116,GW-90116,SUCCESS,8999.0,INR,2026-08-01 21:35:14,00,Transaction approved,"{""source"": ""mock_gateway"", ""environment"": ""hackathon"", ""channel"": ""UPI""}"
TXN-90117,GW-90117,SUCCESS,299.0,INR,2026-08-01 21:41:02,00,Transaction approved,"{""source"": ""mock_gateway"", ""environment"": ""hackathon"", ""channel"": ""UPI""}"
TXN-90118,GW-90118,SUCCESS,2499.0,INR,2026-08-01 21:49:20,00,Transaction approved,"{""source"": ""mock_gateway"", ""environment"": ""hackathon"", ""channel"": ""UPI""}"
TXN-90119,GW-90119,SUCCESS,2899.0,INR,2026-08-01 21:58:37,00,Transaction approved,"{""source"": ""mock_gateway"", ""environment"": ""hackathon"", ""channel"": ""CARD""}"
TXN-90120,GW-90120,SUCCESS,2499.0,INR,2026-08-01 22:05:15,00,Transaction approved,"{""source"": ""mock_gateway"", ""environment"": ""hackathon"", ""channel"": ""UPI""}"
TXN-90121,GW-90121,SUCCESS,999.0,INR,2026-08-01 22:09:23,00,Transaction approved,"{""source"": ""mock_gateway"", ""environment"": ""hackathon"", ""channel"": ""CARD""}"
TXN-90122,GW-90122,SUCCESS,3499.0,INR,2026-08-01 22:19:22,00,Transaction approved,"{""source"": ""mock_gateway"", ""environment"": ""hackathon"", ""channel"": ""UPI""}"
TXN-90123,GW-90123,SUCCESS,4999.0,INR,2026-08-01 22:27:09,00,Transaction approved,"{""source"": ""mock_gateway"", ""environment"": ""hackathon"", ""channel"": ""NETBANKING""}"
TXN-90124,GW-90124,SUCCESS,199.0,INR,2026-08-01 22:33:15,00,Transaction approved,"{""source"": ""mock_gateway"", ""environment"": ""hackathon"", ""channel"": ""UPI""}"
TXN-90125,GW-90125,SUCCESS,3499.0,INR,2026-08-01 22:38:10,00,Transaction approved,"{""source"": ""mock_gateway"", ""environment"": ""hackathon"", ""channel"": ""UPI""}"
TXN-90126,GW-90126,SUCCESS,1250.0,INR,2026-08-01 22:48:19,00,Transaction approved,"{""source"": ""mock_gateway"", ""environment"": ""hackathon"", ""channel"": ""NETBANKING""}"
TXN-90127,GW-90127,SUCCESS,1999.0,INR,2026-08-01 22:50:52,00,Transaction approved,"{""source"": ""mock_gateway"", ""environment"": ""hackathon"", ""channel"": ""UPI""}"
TXN-90128,GW-90128,SUCCESS,499.0,INR,2026-08-01 23:00:54,00,Transaction approved,"{""source"": ""mock_gateway"", ""environment"": ""hackathon"", ""channel"": ""NETBANKING""}"
TXN-90129,GW-90129,SUCCESS,4200.0,INR,2026-08-01 23:03:17,00,Transaction approved,"{""source"": ""mock_gateway"", ""environment"": ""hackathon"", ""channel"": ""CARD""}"
TXN-90130,GW-90130,SUCCESS,6750.0,INR,2026-08-01 23:11:28,00,Transaction approved,"{""source"": ""mock_gateway"", ""environment"": ""hackathon"", ""channel"": ""NETBANKING""}"
TXN-90131,GW-90131,SUCCESS,12500.0,INR,2026-08-01 23:17:04,00,Transaction approved,"{""source"": ""mock_gateway"", ""environment"": ""hackathon"", ""channel"": ""UPI""}"
TXN-90132,GW-90132,SUCCESS,199.0,INR,2026-08-01 23:30:13,00,Transaction approved,"{""source"": ""mock_gateway"", ""environment"": ""hackathon"", ""channel"": ""UPI""}"
TXN-90133,GW-90133,SUCCESS,4200.0,INR,2026-08-01 23:33:43,00,Transaction approved,"{""source"": ""mock_gateway"", ""environment"": ""hackathon"", ""channel"": ""NETBANKING""}"
TXN-90134,GW-90134,SUCCESS,199.0,INR,2026-08-01 23:39:35,00,Transaction approved,"{""source"": ""mock_gateway"", ""environment"": ""hackathon"", ""channel"": ""NETBANKING""}"
TXN-90135,GW-90135,SUCCESS,999.0,INR,2026-08-01 23:45:40,00,Transaction approved,"{""source"": ""mock_gateway"", ""environment"": ""hackathon"", ""channel"": ""CARD""}"
TXN-90136,GW-90136,SUCCESS,999.0,INR,2026-08-01 23:56:27,00,Transaction approved,"{""source"": ""mock_gateway"", ""environment"": ""hackathon"", ""channel"": ""NETBANKING""}"
TXN-90137,GW-90137,SUCCESS,6750.0,INR,2026-08-01 23:59:49,00,Transaction approved,"{""source"": ""mock_gateway"", ""environment"": ""hackathon"", ""channel"": ""CARD""}"
TXN-90138,GW-90138,SUCCESS,999.0,INR,2026-08-02 00:08:10,00,Transaction approved,"{""source"": ""mock_gateway"", ""environment"": ""hackathon"", ""channel"": ""CARD""}"
TXN-90139,GW-90139,SUCCESS,499.0,INR,2026-08-02 00:18:36,00,Transaction approved,"{""source"": ""mock_gateway"", ""environment"": ""hackathon"", ""channel"": ""NETBANKING""}"
TXN-90140,GW-90140,SUCCESS,4200.0,INR,2026-08-02 00:21:30,00,Transaction approved,"{""source"": ""mock_gateway"", ""environment"": ""hackathon"", ""channel"": ""UPI""}"
TXN-90141,GW-90141,SUCCESS,1250.0,INR,2026-08-02 00:31:42,00,Transaction approved,"{""source"": ""mock_gateway"", ""environment"": ""hackathon"", ""channel"": ""CARD""}"
TXN-90142,GW-90142,SUCCESS,499.0,INR,2026-08-02 00:37:15,00,Transaction approved,"{""source"": ""mock_gateway"", ""environment"": ""hackathon"", ""channel"": ""UPI""}"
TXN-90143,GW-90143,SUCCESS,499.0,INR,2026-08-02 00:42:42,00,Transaction approved,"{""source"": ""mock_gateway"", ""environment"": ""hackathon"", ""channel"": ""CARD""}"
TXN-90144,GW-90144,SUCCESS,8999.0,INR,2026-08-02 00:49:43,00,Transaction approved,"{""source"": ""mock_gateway"", ""environment"": ""hackathon"", ""channel"": ""CARD""}"
TXN-90145,GW-90145,SUCCESS,1999.0,INR,2026-08-02 01:00:51,00,Transaction approved,"{""source"": ""mock_gateway"", ""environment"": ""hackathon"", ""channel"": ""UPI""}"
TXN-90146,GW-90146,SUCCESS,199.0,INR,2026-08-02 01:05:46,00,Transaction approved,"{""source"": ""mock_gateway"", ""environment"": ""hackathon"", ""channel"": ""NETBANKING""}"
TXN-90147,GW-90147,SUCCESS,6750.0,INR,2026-08-02 01:10:02,00,Transaction approved,"{""source"": ""mock_gateway"", ""environment"": ""hackathon"", ""channel"": ""UPI""}"
TXN-90148,GW-90148,SUCCESS,4200.0,INR,2026-08-02 01:19:42,00,Transaction approved,"{""source"": ""mock_gateway"", ""environment"": ""hackathon"", ""channel"": ""NETBANKING""}"
TXN-90149,GW-90149,SUCCESS,1499.0,INR,2026-08-02 01:23:40,00,Transaction approved,"{""source"": ""mock_gateway"", ""environment"": ""hackathon"", ""channel"": ""CARD""}"
TXN-90150,GW-90150,SUCCESS,12500.0,INR,2026-08-02 01:35:26,00,Transaction approved,"{""source"": ""mock_gateway"", ""environment"": ""hackathon"", ""channel"": ""UPI""}"
TXN-90151,GW-90151,SUCCESS,299.0,INR,2026-08-02 01:41:50,00,Transaction approved,"{""source"": ""mock_gateway"", ""environment"": ""hackathon"", ""channel"": ""CARD""}"
TXN-90152,GW-90152,SUCCESS,12500.0,INR,2026-08-02 01:47:37,00,Transaction approved,"{""source"": ""mock_gateway"", ""environment"": ""hackathon"", ""channel"": ""NETBANKING""}"
TXN-90153,GW-90153,SUCCESS,499.0,INR,2026-08-02 01:56:48,00,Transaction approved,"{""source"": ""mock_gateway"", ""environment"": ""hackathon"", ""channel"": ""CARD""}"
TXN-90154,GW-90154,SUCCESS,999.0,INR,2026-08-02 02:01:43,00,Transaction approved,"{""source"": ""mock_gateway"", ""environment"": ""hackathon"", ""channel"": ""UPI""}"
TXN-90155,GW-90155,SUCCESS,1499.0,INR,2026-08-02 02:07:26,00,Transaction approved,"{""source"": ""mock_gateway"", ""environment"": ""hackathon"", ""channel"": ""CARD""}"
TXN-90156,GW-90156,SUCCESS,1250.0,INR,2026-08-02 02:15:42,00,Transaction approved,"{""source"": ""mock_gateway"", ""environment"": ""hackathon"", ""channel"": ""CARD""}"
TXN-90157,GW-90157,SUCCESS,8999.0,INR,2026-08-02 02:20:49,00,Transaction approved,"{""source"": ""mock_gateway"", ""environment"": ""hackathon"", ""channel"": ""CARD""}"
TXN-90158,GW-90158,SUCCESS,1250.0,INR,2026-08-02 02:30:38,00,Transaction approved,"{""source"": ""mock_gateway"", ""environment"": ""hackathon"", ""channel"": ""UPI""}"
TXN-90159,GW-90159,SUCCESS,299.0,INR,2026-08-02 02:36:06,00,Transaction approved,"{""source"": ""mock_gateway"", ""environment"": ""hackathon"", ""channel"": ""CARD""}"
TXN-90160,GW-90160,SUCCESS,2499.0,INR,2026-08-02 02:41:55,00,Transaction approved,"{""source"": ""mock_gateway"", ""environment"": ""hackathon"", ""channel"": ""CARD""}"
TXN-90161,GW-90161,SUCCESS,4999.0,INR,2026-08-02 02:51:31,00,Transaction approved,"{""source"": ""mock_gateway"", ""environment"": ""hackathon"", ""channel"": ""NETBANKING""}"
TXN-90162,GW-90162,SUCCESS,4999.0,INR,2026-08-02 02:59:04,00,Transaction approved,"{""source"": ""mock_gateway"", ""environment"": ""hackathon"", ""channel"": ""UPI""}"
TXN-90163,GW-90163,SUCCESS,3499.0,INR,2026-08-02 03:05:27,00,Transaction approved,"{""source"": ""mock_gateway"", ""environment"": ""hackathon"", ""channel"": ""CARD""}"
TXN-90164,GW-90164,SUCCESS,3499.0,INR,2026-08-02 03:09:27,00,Transaction approved,"{""source"": ""mock_gateway"", ""environment"": ""hackathon"", ""channel"": ""UPI""}"
TXN-90165,GW-90165,SUCCESS,8999.0,INR,2026-08-02 03:16:27,00,Transaction approved,"{""source"": ""mock_gateway"", ""environment"": ""hackathon"", ""channel"": ""NETBANKING""}"
TXN-90166,GW-90166,SUCCESS,2499.0,INR,2026-08-02 03:25:57,00,Transaction approved,"{""source"": ""mock_gateway"", ""environment"": ""hackathon"", ""channel"": ""CARD""}"
TXN-90167,GW-90167,SUCCESS,4200.0,INR,2026-08-02 03:33:12,00,Transaction approved,"{""source"": ""mock_gateway"", ""environment"": ""hackathon"", ""channel"": ""UPI""}"
TXN-90168,GW-90168,SUCCESS,1250.0,INR,2026-08-02 03:38:30,00,Transaction approved,"{""source"": ""mock_gateway"", ""environment"": ""hackathon"", ""channel"": ""NETBANKING""}"
TXN-90169,GW-90169,SUCCESS,1250.0,INR,2026-08-02 03:45:21,00,Transaction approved,"{""source"": ""mock_gateway"", ""environment"": ""hackathon"", ""channel"": ""CARD""}"
TXN-90170,GW-90170,SUCCESS,1250.0,INR,2026-08-02 03:52:56,00,Transaction approved,"{""source"": ""mock_gateway"", ""environment"": ""hackathon"", ""channel"": ""NETBANKING""}"
TXN-90171,GW-90171,SUCCESS,1999.0,INR,2026-08-02 04:00:49,00,Transaction approved,"{""source"": ""mock_gateway"", ""environment"": ""hackathon"", ""channel"": ""CARD""}"
TXN-90172,GW-90172,SUCCESS,1599.0,INR,2026-08-02 04:09:53,00,Transaction approved,"{""source"": ""mock_gateway"", ""environment"": ""hackathon"", ""channel"": ""NETBANKING""}"
TXN-90173,GW-90173,SUCCESS,4999.0,INR,2026-08-02 04:16:20,00,Transaction approved,"{""source"": ""mock_gateway"", ""environment"": ""hackathon"", ""channel"": ""UPI""}"
TXN-90174,GW-90174,SUCCESS,1599.0,INR,2026-08-02 04:21:54,00,Transaction approved,"{""source"": ""mock_gateway"", ""environment"": ""hackathon"", ""channel"": ""CARD""}"
TXN-90175,GW-90175,SUCCESS,1599.0,INR,2026-08-02 04:25:51,00,Transaction approved,"{""source"": ""mock_gateway"", ""environment"": ""hackathon"", ""channel"": ""UPI""}"
TXN-90176,GW-90176,SUCCESS,1599.0,INR,2026-08-02 04:37:44,00,Transaction approved,"{""source"": ""mock_gateway"", ""environment"": ""hackathon"", ""channel"": ""CARD""}"
TXN-90177,GW-90177,SUCCESS,1250.0,INR,2026-08-02 04:44:32,00,Transaction approved,"{""source"": ""mock_gateway"", ""environment"": ""hackathon"", ""channel"": ""NETBANKING""}"
TXN-90178,GW-90178,SUCCESS,2499.0,INR,2026-08-02 04:49:28,00,Transaction approved,"{""source"": ""mock_gateway"", ""environment"": ""hackathon"", ""channel"": ""NETBANKING""}"
TXN-90179,GW-90179,SUCCESS,1599.0,INR,2026-08-02 04:57:17,00,Transaction approved,"{""source"": ""mock_gateway"", ""environment"": ""hackathon"", ""channel"": ""CARD""}"
TXN-90180,GW-90180,SUCCESS,199.0,INR,2026-08-02 05:00:40,00,Transaction approved,"{""source"": ""mock_gateway"", ""environment"": ""hackathon"", ""channel"": ""CARD""}"
TXN-90181,GW-90181,SUCCESS,4999.0,INR,2026-08-02 05:11:35,00,Transaction approved,"{""source"": ""mock_gateway"", ""environment"": ""hackathon"", ""channel"": ""UPI""}"
TXN-90182,GW-90182,SUCCESS,8999.0,INR,2026-08-02 05:17:00,00,Transaction approved,"{""source"": ""mock_gateway"", ""environment"": ""hackathon"", ""channel"": ""CARD""}"
TXN-90183,GW-90183,SUCCESS,1250.0,INR,2026-08-02 05:22:02,00,Transaction approved,"{""source"": ""mock_gateway"", ""environment"": ""hackathon"", ""channel"": ""UPI""}"
TXN-90184,GW-90184,SUCCESS,3499.0,INR,2026-08-02 05:28:34,00,Transaction approved,"{""source"": ""mock_gateway"", ""environment"": ""hackathon"", ""channel"": ""UPI""}"
TXN-90185,GW-90185,SUCCESS,1599.0,INR,2026-08-02 05:40:45,00,Transaction approved,"{""source"": ""mock_gateway"", ""environment"": ""hackathon"", ""channel"": ""UPI""}"
TXN-90186,GW-90186,SUCCESS,1599.0,INR,2026-08-02 05:45:04,00,Transaction approved,"{""source"": ""mock_gateway"", ""environment"": ""hackathon"", ""channel"": ""NETBANKING""}"
TXN-90187,GW-90187,SUCCESS,6750.0,INR,2026-08-02 05:55:01,00,Transaction approved,"{""source"": ""mock_gateway"", ""environment"": ""hackathon"", ""channel"": ""CARD""}"
TXN-90188,GW-90188,SUCCESS,4999.0,INR,2026-08-02 05:57:59,00,Transaction approved,"{""source"": ""mock_gateway"", ""environment"": ""hackathon"", ""channel"": ""NETBANKING""}"
TXN-90189,GW-90189,SUCCESS,4999.0,INR,2026-08-02 06:07:00,00,Transaction approved,"{""source"": ""mock_gateway"", ""environment"": ""hackathon"", ""channel"": ""CARD""}"
TXN-90190,GW-90190,SUCCESS,999.0,INR,2026-08-02 06:12:31,00,Transaction approved,"{""source"": ""mock_gateway"", ""environment"": ""hackathon"", ""channel"": ""NETBANKING""}"
TXN-90191,GW-90191,SUCCESS,4200.0,INR,2026-08-02 06:21:09,00,Transaction approved,"{""source"": ""mock_gateway"", ""environment"": ""hackathon"", ""channel"": ""UPI""}"
TXN-90192,GW-90192,SUCCESS,1250.0,INR,2026-08-02 06:27:16,00,Transaction approved,"{""source"": ""mock_gateway"", ""environment"": ""hackathon"", ""channel"": ""CARD""}"
TXN-90193,GW-90193,SUCCESS,4999.0,INR,2026-08-02 06:37:07,00,Transaction approved,"{""source"": ""mock_gateway"", ""environment"": ""hackathon"", ""channel"": ""NETBANKING""}"
TXN-90194,GW-90194,SUCCESS,1999.0,INR,2026-08-02 06:43:13,00,Transaction approved,"{""source"": ""mock_gateway"", ""environment"": ""hackathon"", ""channel"": ""UPI""}"
TXN-90195,GW-90195,SUCCESS,4999.0,INR,2026-08-02 06:45:13,00,Transaction approved,"{""source"": ""mock_gateway"", ""environment"": ""hackathon"", ""channel"": ""UPI""}"
TXN-90196,GW-90196,SUCCESS,2899.0,INR,2026-08-02 06:53:39,00,Transaction approved,"{""source"": ""mock_gateway"", ""environment"": ""hackathon"", ""channel"": ""UPI""}"
TXN-90197,GW-90197,SUCCESS,799.0,INR,2026-08-02 07:04:37,00,Transaction approved,"{""source"": ""mock_gateway"", ""environment"": ""hackathon"", ""channel"": ""CARD""}"
TXN-90198,GW-90198,SUCCESS,1250.0,INR,2026-08-02 07:11:17,00,Transaction approved,"{""source"": ""mock_gateway"", ""environment"": ""hackathon"", ""channel"": ""NETBANKING""}"
TXN-90199,GW-90199,SUCCESS,3499.0,INR,2026-08-02 07:14:54,00,Transaction approved,"{""source"": ""mock_gateway"", ""environment"": ""hackathon"", ""channel"": ""UPI""}"
TXN-90200,GW-90200,SUCCESS,999.0,INR,2026-08-02 07:23:17,00,Transaction approved,"{""source"": ""mock_gateway"", ""environment"": ""hackathon"", ""channel"": ""NETBANKING""}"
TXN-90201,GW-90201,SUCCESS,2899.0,INR,2026-08-02 07:27:17,00,Transaction approved,"{""source"": ""mock_gateway"", ""environment"": ""hackathon"", ""channel"": ""NETBANKING""}"
TXN-90202,GW-90202,SUCCESS,3499.0,INR,2026-08-02 07:36:59,00,Transaction approved,"{""source"": ""mock_gateway"", ""environment"": ""hackathon"", ""channel"": ""UPI""}"
TXN-90203,GW-90203,SUCCESS,4999.0,INR,2026-08-02 07:47:02,00,Transaction approved,"{""source"": ""mock_gateway"", ""environment"": ""hackathon"", ""channel"": ""CARD""}"
TXN-90204,GW-90204,SUCCESS,499.0,INR,2026-08-02 07:53:25,00,Transaction approved,"{""source"": ""mock_gateway"", ""environment"": ""hackathon"", ""channel"": ""NETBANKING""}"
TXN-90205,GW-90205,SUCCESS,799.0,INR,2026-08-02 08:00:37,00,Transaction approved,"{""source"": ""mock_gateway"", ""environment"": ""hackathon"", ""channel"": ""CARD""}"
TXN-90206,GW-90206,SUCCESS,8999.0,INR,2026-08-02 08:02:39,00,Transaction approved,"{""source"": ""mock_gateway"", ""environment"": ""hackathon"", ""channel"": ""NETBANKING""}"
TXN-90207,GW-90207,SUCCESS,3499.0,INR,2026-08-02 08:12:40,00,Transaction approved,"{""source"": ""mock_gateway"", ""environment"": ""hackathon"", ""channel"": ""NETBANKING""}"
TXN-90208,GW-90208,SUCCESS,2899.0,INR,2026-08-02 08:21:54,00,Transaction approved,"{""source"": ""mock_gateway"", ""environment"": ""hackathon"", ""channel"": ""CARD""}"
TXN-90209,GW-90209,SUCCESS,6750.0,INR,2026-08-02 08:25:21,00,Transaction approved,"{""source"": ""mock_gateway"", ""environment"": ""hackathon"", ""channel"": ""NETBANKING""}"
TXN-90210,GW-90210,SUCCESS,199.0,INR,2026-08-02 08:34:36,00,Transaction approved,"{""source"": ""mock_gateway"", ""environment"": ""hackathon"", ""channel"": ""CARD""}"
TXN-90211,GW-90211,SUCCESS,2499.0,INR,2026-08-02 08:39:35,00,Transaction approved,"{""source"": ""mock_gateway"", ""environment"": ""hackathon"", ""channel"": ""CARD""}"
TXN-90212,GW-90212,SUCCESS,1599.0,INR,2026-08-02 08:49:59,00,Transaction approved,"{""source"": ""mock_gateway"", ""environment"": ""hackathon"", ""channel"": ""UPI""}"
TXN-90213,GW-90213,SUCCESS,999.0,INR,2026-08-02 08:51:39,00,Transaction approved,"{""source"": ""mock_gateway"", ""environment"": ""hackathon"", ""channel"": ""NETBANKING""}"
TXN-90214,GW-90214,SUCCESS,199.0,INR,2026-08-02 09:01:42,00,Transaction approved,"{""source"": ""mock_gateway"", ""environment"": ""hackathon"", ""channel"": ""NETBANKING""}"
TXN-90215,GW-90215,SUCCESS,2499.0,INR,2026-08-02 09:09:21,00,Transaction approved,"{""source"": ""mock_gateway"", ""environment"": ""hackathon"", ""channel"": ""UPI""}"
TXN-90216,GW-90216,SUCCESS,2499.0,INR,2026-08-02 09:16:00,00,Transaction approved,"{""source"": ""mock_gateway"", ""environment"": ""hackathon"", ""channel"": ""CARD""}"
TXN-90217,GW-90217,SUCCESS,1499.0,INR,2026-08-02 09:23:48,00,Transaction approved,"{""source"": ""mock_gateway"", ""environment"": ""hackathon"", ""channel"": ""UPI""}"
TXN-90218,GW-90218,SUCCESS,4999.0,INR,2026-08-02 09:31:48,00,Transaction approved,"{""source"": ""mock_gateway"", ""environment"": ""hackathon"", ""channel"": ""CARD""}"
TXN-90219,GW-90219,SUCCESS,1499.0,INR,2026-08-02 09:34:14,00,Transaction approved,"{""source"": ""mock_gateway"", ""environment"": ""hackathon"", ""channel"": ""NETBANKING""}"
TXN-90220,GW-90220,SUCCESS,799.0,INR,2026-08-02 09:42:33,00,Transaction approved,"{""source"": ""mock_gateway"", ""environment"": ""hackathon"", ""channel"": ""CARD""}"
TXN-90221,GW-90221,SUCCESS,6750.0,INR,2026-08-02 09:47:31,00,Transaction approved,"{""source"": ""mock_gateway"", ""environment"": ""hackathon"", ""channel"": ""NETBANKING""}"
TXN-90222,GW-90222,SUCCESS,1250.0,INR,2026-08-02 09:59:18,00,Transaction approved,"{""source"": ""mock_gateway"", ""environment"": ""hackathon"", ""channel"": ""NETBANKING""}"
TXN-90223,GW-90223,SUCCESS,4200.0,INR,2026-08-02 10:01:29,00,Transaction approved,"{""source"": ""mock_gateway"", ""environment"": ""hackathon"", ""channel"": ""UPI""}"
TXN-90224,GW-90224,SUCCESS,4200.0,INR,2026-08-02 10:10:30,00,Transaction approved,"{""source"": ""mock_gateway"", ""environment"": ""hackathon"", ""channel"": ""UPI""}"
TXN-90225,GW-90225,SUCCESS,1599.0,INR,2026-08-02 10:17:41,00,Transaction approved,"{""source"": ""mock_gateway"", ""environment"": ""hackathon"", ""channel"": ""UPI""}"
TXN-90226,GW-90226,SUCCESS,1999.0,INR,2026-08-02 10:22:52,00,Transaction approved,"{""source"": ""mock_gateway"", ""environment"": ""hackathon"", ""channel"": ""UPI""}"
TXN-90227,GW-90227,SUCCESS,799.0,INR,2026-08-02 10:32:29,00,Transaction approved,"{""source"": ""mock_gateway"", ""environment"": ""hackathon"", ""channel"": ""NETBANKING""}"
TXN-90228,GW-90228,SUCCESS,4200.0,INR,2026-08-02 10:36:43,00,Transaction approved,"{""source"": ""mock_gateway"", ""environment"": ""hackathon"", ""channel"": ""CARD""}"
TXN-90229,GW-90229,SUCCESS,499.0,INR,2026-08-02 10:46:05,00,Transaction approved,"{""source"": ""mock_gateway"", ""environment"": ""hackathon"", ""channel"": ""NETBANKING""}"
TXN-90230,GW-90230,SUCCESS,2899.0,INR,2026-08-02 10:54:07,00,Transaction approved,"{""source"": ""mock_gateway"", ""environment"": ""hackathon"", ""channel"": ""NETBANKING""}"
TXN-90231,GW-90231,SUCCESS,4999.0,INR,2026-08-02 10:58:08,00,Transaction approved,"{""source"": ""mock_gateway"", ""environment"": ""hackathon"", ""channel"": ""NETBANKING""}"
TXN-90232,GW-90232,SUCCESS,1599.0,INR,2026-08-02 11:08:35,00,Transaction approved,"{""source"": ""mock_gateway"", ""environment"": ""hackathon"", ""channel"": ""CARD""}"
TXN-90233,GW-90233,SUCCESS,499.0,INR,2026-08-02 11:12:38,00,Transaction approved,"{""source"": ""mock_gateway"", ""environment"": ""hackathon"", ""channel"": ""UPI""}"
TXN-90234,GW-90234,SUCCESS,799.0,INR,2026-08-02 11:18:45,00,Transaction approved,"{""source"": ""mock_gateway"", ""environment"": ""hackathon"", ""channel"": ""CARD""}"
TXN-90235,GW-90235,SUCCESS,199.0,INR,2026-08-02 11:27:58,00,Transaction approved,"{""source"": ""mock_gateway"", ""environment"": ""hackathon"", ""channel"": ""NETBANKING""}"
TXN-90236,GW-90236,SUCCESS,12500.0,INR,2026-08-02 11:34:53,00,Transaction approved,"{""source"": ""mock_gateway"", ""environment"": ""hackathon"", ""channel"": ""CARD""}"
TXN-90237,GW-90237,SUCCESS,2499.0,INR,2026-08-02 11:43:44,00,Transaction approved,"{""source"": ""mock_gateway"", ""environment"": ""hackathon"", ""channel"": ""NETBANKING""}"
TXN-90238,GW-90238,SUCCESS,6750.0,INR,2026-08-02 11:46:38,00,Transaction approved,"{""source"": ""mock_gateway"", ""environment"": ""hackathon"", ""channel"": ""CARD""}"
TXN-90239,GW-90239,SUCCESS,499.0,INR,2026-08-02 11:57:51,00,Transaction approved,"{""source"": ""mock_gateway"", ""environment"": ""hackathon"", ""channel"": ""NETBANKING""}"
TXN-90240,GW-90240,SUCCESS,1999.0,INR,2026-08-02 12:04:55,00,Transaction approved,"{""source"": ""mock_gateway"", ""environment"": ""hackathon"", ""channel"": ""UPI""}"
TXN-90241,GW-90241,SUCCESS,1499.0,INR,2026-08-02 12:12:21,00,Transaction approved,"{""source"": ""mock_gateway"", ""environment"": ""hackathon"", ""channel"": ""UPI""}"
TXN-90242,GW-90242,SUCCESS,1250.0,INR,2026-08-02 12:17:02,00,Transaction approved,"{""source"": ""mock_gateway"", ""environment"": ""hackathon"", ""channel"": ""CARD""}"
TXN-90243,GW-90243,SUCCESS,4999.0,INR,2026-08-02 12:24:31,00,Transaction approved,"{""source"": ""mock_gateway"", ""environment"": ""hackathon"", ""channel"": ""NETBANKING""}"
TXN-90244,GW-90244,PENDING,6750.0,INR,2026-08-02 12:33:02,91,Issuer or switch temporarily unavailable,"{""source"": ""mock_gateway"", ""environment"": ""hackathon"", ""channel"": ""NETBANKING""}"
TXN-90245,GW-90245,SUCCESS,1250.0,INR,2026-08-02 12:36:31,00,Transaction approved,"{""source"": ""mock_gateway"", ""environment"": ""hackathon"", ""channel"": ""CARD""}"
TXN-90246,GW-90246,SUCCESS,6750.0,INR,2026-08-02 12:42:55,00,Transaction approved,"{""source"": ""mock_gateway"", ""environment"": ""hackathon"", ""channel"": ""NETBANKING""}"
TXN-90247,GW-90247,SUCCESS,8999.0,INR,2026-08-02 12:55:09,00,Transaction approved,"{""source"": ""mock_gateway"", ""environment"": ""hackathon"", ""channel"": ""UPI""}"
TXN-90248,GW-90248,SUCCESS,1250.0,INR,2026-08-02 12:59:18,00,Transaction approved,"{""source"": ""mock_gateway"", ""environment"": ""hackathon"", ""channel"": ""UPI""}"
TXN-90249,GW-90249,SUCCESS,4999.0,INR,2026-08-02 13:07:47,00,Transaction approved,"{""source"": ""mock_gateway"", ""environment"": ""hackathon"", ""channel"": ""UPI""}"
TXN-90250,GW-90250,SUCCESS,799.0,INR,2026-08-02 13:13:59,00,Transaction approved,"{""source"": ""mock_gateway"", ""environment"": ""hackathon"", ""channel"": ""UPI""}"
TXN-90251,GW-90251,SUCCESS,6750.0,INR,2026-08-02 13:21:50,00,Transaction approved,"{""source"": ""mock_gateway"", ""environment"": ""hackathon"", ""channel"": ""CARD""}"
TXN-90252,GW-90252,SUCCESS,1250.0,INR,2026-08-02 13:26:44,00,Transaction approved,"{""source"": ""mock_gateway"", ""environment"": ""hackathon"", ""channel"": ""NETBANKING""}"
TXN-90253,GW-90253,SUCCESS,8999.0,INR,2026-08-02 13:36:27,00,Transaction approved,"{""source"": ""mock_gateway"", ""environment"": ""hackathon"", ""channel"": ""CARD""}"
TXN-90254,GW-90254,SUCCESS,1499.0,INR,2026-08-02 13:39:11,00,Transaction approved,"{""source"": ""mock_gateway"", ""environment"": ""hackathon"", ""channel"": ""CARD""}"
TXN-90255,GW-90255,SUCCESS,4200.0,INR,2026-08-02 13:47:43,00,Transaction approved,"{""source"": ""mock_gateway"", ""environment"": ""hackathon"", ""channel"": ""UPI""}"
TXN-90256,GW-90256,SUCCESS,799.0,INR,2026-08-02 13:55:25,00,Transaction approved,"{""source"": ""mock_gateway"", ""environment"": ""hackathon"", ""channel"": ""NETBANKING""}"
TXN-90257,GW-90257,SUCCESS,1599.0,INR,2026-08-02 14:01:37,00,Transaction approved,"{""source"": ""mock_gateway"", ""environment"": ""hackathon"", ""channel"": ""CARD""}"
TXN-90258,GW-90258,SUCCESS,12500.0,INR,2026-08-02 14:11:47,00,Transaction approved,"{""source"": ""mock_gateway"", ""environment"": ""hackathon"", ""channel"": ""CARD""}"
TXN-90259,GW-90259,SUCCESS,6750.0,INR,2026-08-02 14:17:32,00,Transaction approved,"{""source"": ""mock_gateway"", ""environment"": ""hackathon"", ""channel"": ""CARD""}"
TXN-90260,GW-90260,SUCCESS,1499.0,INR,2026-08-02 14:22:50,00,Transaction approved,"{""source"": ""mock_gateway"", ""environment"": ""hackathon"", ""channel"": ""CARD""}"
TXN-90261,GW-90261,SUCCESS,799.0,INR,2026-08-02 14:33:00,00,Transaction approved,"{""source"": ""mock_gateway"", ""environment"": ""hackathon"", ""channel"": ""CARD""}"
TXN-90262,GW-90262,SUCCESS,1599.0,INR,2026-08-02 14:39:28,00,Transaction approved,"{""source"": ""mock_gateway"", ""environment"": ""hackathon"", ""channel"": ""CARD""}"
TXN-90263,GW-90263,PENDING,4999.0,INR,2026-08-02 14:43:49,91,Issuer or switch temporarily unavailable,"{""source"": ""mock_gateway"", ""environment"": ""hackathon"", ""channel"": ""NETBANKING""}"
TXN-90264,GW-90264,SUCCESS,2899.0,INR,2026-08-02 14:52:39,00,Transaction approved,"{""source"": ""mock_gateway"", ""environment"": ""hackathon"", ""channel"": ""UPI""}"
TXN-90265,GW-90265,SUCCESS,499.0,INR,2026-08-02 14:59:17,00,Transaction approved,"{""source"": ""mock_gateway"", ""environment"": ""hackathon"", ""channel"": ""CARD""}"
TXN-90266,GW-90266,SUCCESS,799.0,INR,2026-08-02 15:06:02,00,Transaction approved,"{""source"": ""mock_gateway"", ""environment"": ""hackathon"", ""channel"": ""UPI""}"
TXN-90267,GW-90267,SUCCESS,12500.0,INR,2026-08-02 15:10:45,00,Transaction approved,"{""source"": ""mock_gateway"", ""environment"": ""hackathon"", ""channel"": ""CARD""}"
TXN-90268,GW-90268,SUCCESS,799.0,INR,2026-08-02 15:21:03,00,Transaction approved,"{""source"": ""mock_gateway"", ""environment"": ""hackathon"", ""channel"": ""CARD""}"
TXN-90269,GW-90269,SUCCESS,2899.0,INR,2026-08-02 15:29:08,00,Transaction approved,"{""source"": ""mock_gateway"", ""environment"": ""hackathon"", ""channel"": ""UPI""}"
TXN-90270,GW-90270,SUCCESS,2899.0,INR,2026-08-02 15:35:29,00,Transaction approved,"{""source"": ""mock_gateway"", ""environment"": ""hackathon"", ""channel"": ""CARD""}"
TXN-90271,GW-90271,SUCCESS,199.0,INR,2026-08-02 15:43:21,00,Transaction approved,"{""source"": ""mock_gateway"", ""environment"": ""hackathon"", ""channel"": ""CARD""}"
TXN-90272,GW-90272,SUCCESS,6750.0,INR,2026-08-02 15:47:39,00,Transaction approved,"{""source"": ""mock_gateway"", ""environment"": ""hackathon"", ""channel"": ""UPI""}"
TXN-90273,GW-90273,SUCCESS,4200.0,INR,2026-08-02 15:56:29,00,Transaction approved,"{""source"": ""mock_gateway"", ""environment"": ""hackathon"", ""channel"": ""CARD""}"
TXN-90274,GW-90274,SUCCESS,199.0,INR,2026-08-02 15:58:06,00,Transaction approved,"{""source"": ""mock_gateway"", ""environment"": ""hackathon"", ""channel"": ""CARD""}"
TXN-90275,GW-90275,SUCCESS,999.0,INR,2026-08-02 16:09:48,00,Transaction approved,"{""source"": ""mock_gateway"", ""environment"": ""hackathon"", ""channel"": ""UPI""}"
TXN-90276,GW-90276,SUCCESS,1599.0,INR,2026-08-02 16:15:44,00,Transaction approved,"{""source"": ""mock_gateway"", ""environment"": ""hackathon"", ""channel"": ""NETBANKING""}"
TXN-90277,GW-90277,SUCCESS,999.0,INR,2026-08-02 16:21:47,00,Transaction approved,"{""source"": ""mock_gateway"", ""environment"": ""hackathon"", ""channel"": ""UPI""}"
TXN-90278,GW-90278,SUCCESS,12500.0,INR,2026-08-02 16:30:13,00,Transaction approved,"{""source"": ""mock_gateway"", ""environment"": ""hackathon"", ""channel"": ""NETBANKING""}"
TXN-90279,GW-90279,SUCCESS,2899.0,INR,2026-08-02 16:38:05,00,Transaction approved,"{""source"": ""mock_gateway"", ""environment"": ""hackathon"", ""channel"": ""NETBANKING""}"
TXN-90280,GW-90280,SUCCESS,1999.0,INR,2026-08-02 16:44:13,00,Transaction approved,"{""source"": ""mock_gateway"", ""environment"": ""hackathon"", ""channel"": ""CARD""}"
TXN-90281,GW-90281,SUCCESS,299.0,INR,2026-08-02 16:50:51,00,Transaction approved,"{""source"": ""mock_gateway"", ""environment"": ""hackathon"", ""channel"": ""CARD""}"
TXN-90282,GW-90282,SUCCESS,1599.0,INR,2026-08-02 16:57:05,00,Transaction approved,"{""source"": ""mock_gateway"", ""environment"": ""hackathon"", ""channel"": ""UPI""}"
TXN-90283,GW-90283,SUCCESS,799.0,INR,2026-08-02 17:06:49,00,Transaction approved,"{""source"": ""mock_gateway"", ""environment"": ""hackathon"", ""channel"": ""NETBANKING""}"
TXN-90284,GW-90284,SUCCESS,2899.0,INR,2026-08-02 17:09:46,00,Transaction approved,"{""source"": ""mock_gateway"", ""environment"": ""hackathon"", ""channel"": ""NETBANKING""}"
TXN-90285,GW-90285,SUCCESS,299.0,INR,2026-08-02 17:15:40,00,Transaction approved,"{""source"": ""mock_gateway"", ""environment"": ""hackathon"", ""channel"": ""UPI""}"
TXN-90286,GW-90286,SUCCESS,1499.0,INR,2026-08-02 17:25:45,00,Transaction approved,"{""source"": ""mock_gateway"", ""environment"": ""hackathon"", ""channel"": ""CARD""}"
TXN-90287,GW-90287,SUCCESS,1499.0,INR,2026-08-02 17:30:23,00,Transaction approved,"{""source"": ""mock_gateway"", ""environment"": ""hackathon"", ""channel"": ""CARD""}"
TXN-90288,GW-90288,SUCCESS,499.0,INR,2026-08-02 17:39:20,00,Transaction approved,"{""source"": ""mock_gateway"", ""environment"": ""hackathon"", ""channel"": ""UPI""}"
TXN-90289,GW-90289,SUCCESS,4999.0,INR,2026-08-02 17:43:49,00,Transaction approved,"{""source"": ""mock_gateway"", ""environment"": ""hackathon"", ""channel"": ""UPI""}"
TXN-90290,GW-90290,SUCCESS,1250.0,INR,2026-08-02 17:54:55,00,Transaction approved,"{""source"": ""mock_gateway"", ""environment"": ""hackathon"", ""channel"": ""UPI""}"
TXN-90291,GW-90291,SUCCESS,1250.0,INR,2026-08-02 17:57:54,00,Transaction approved,"{""source"": ""mock_gateway"", ""environment"": ""hackathon"", ""channel"": ""NETBANKING""}"
TXN-90292,GW-90292,SUCCESS,2899.0,INR,2026-08-02 18:10:17,00,Transaction approved,"{""source"": ""mock_gateway"", ""environment"": ""hackathon"", ""channel"": ""NETBANKING""}"
TXN-90293,GW-90293,SUCCESS,1599.0,INR,2026-08-02 18:12:46,00,Transaction approved,"{""source"": ""mock_gateway"", ""environment"": ""hackathon"", ""channel"": ""UPI""}"
TXN-90294,GW-90294,SUCCESS,3499.0,INR,2026-08-02 18:21:09,00,Transaction approved,"{""source"": ""mock_gateway"", ""environment"": ""hackathon"", ""channel"": ""UPI""}"
TXN-90295,GW-90295,SUCCESS,199.0,INR,2026-08-02 18:27:28,00,Transaction approved,"{""source"": ""mock_gateway"", ""environment"": ""hackathon"", ""channel"": ""UPI""}"
TXN-90296,GW-90296,SUCCESS,2899.0,INR,2026-08-02 18:33:51,00,Transaction approved,"{""source"": ""mock_gateway"", ""environment"": ""hackathon"", ""channel"": ""NETBANKING""}"
TXN-90297,GW-90297,SUCCESS,4999.0,INR,2026-08-02 18:42:04,00,Transaction approved,"{""source"": ""mock_gateway"", ""environment"": ""hackathon"", ""channel"": ""UPI""}"
TXN-90298,GW-90298,SUCCESS,799.0,INR,2026-08-02 18:47:34,00,Transaction approved,"{""source"": ""mock_gateway"", ""environment"": ""hackathon"", ""channel"": ""NETBANKING""}"
TXN-90299,GW-90299,SUCCESS,299.0,INR,2026-08-02 18:56:00,00,Transaction approved,"{""source"": ""mock_gateway"", ""environment"": ""hackathon"", ""channel"": ""UPI""}"
TXN-90300,GW-90300,SUCCESS,4200.0,INR,2026-08-02 19:04:32,00,Transaction approved,"{""source"": ""mock_gateway"", ""environment"": ""hackathon"", ""channel"": ""NETBANKING""}"
TXN-90301,GW-90301,SUCCESS,6750.0,INR,2026-08-02 19:09:36,00,Transaction approved,"{""source"": ""mock_gateway"", ""environment"": ""hackathon"", ""channel"": ""CARD""}"
TXN-90302,GW-90302,SUCCESS,1999.0,INR,2026-08-02 19:16:02,00,Transaction approved,"{""source"": ""mock_gateway"", ""environment"": ""hackathon"", ""channel"": ""UPI""}"
TXN-90303,GW-90303,SUCCESS,799.0,INR,2026-08-02 19:25:39,00,Transaction approved,"{""source"": ""mock_gateway"", ""environment"": ""hackathon"", ""channel"": ""CARD""}"
TXN-90304,GW-90304,SUCCESS,499.0,INR,2026-08-02 19:31:56,00,Transaction approved,"{""source"": ""mock_gateway"", ""environment"": ""hackathon"", ""channel"": ""UPI""}"
TXN-90305,GW-90305,SUCCESS,299.0,INR,2026-08-02 19:40:57,00,Transaction approved,"{""source"": ""mock_gateway"", ""environment"": ""hackathon"", ""channel"": ""NETBANKING""}"
TXN-90306,GW-90306,SUCCESS,799.0,INR,2026-08-02 19:45:52,00,Transaction approved,"{""source"": ""mock_gateway"", ""environment"": ""hackathon"", ""channel"": ""UPI""}"
TXN-90307,GW-90307,SUCCESS,2899.0,INR,2026-08-02 19:54:38,00,Transaction approved,"{""source"": ""mock_gateway"", ""environment"": ""hackathon"", ""channel"": ""NETBANKING""}"
TXN-90308,GW-90308,SUCCESS,2499.0,INR,2026-08-02 19:58:08,00,Transaction approved,"{""source"": ""mock_gateway"", ""environment"": ""hackathon"", ""channel"": ""UPI""}"
TXN-90309,GW-90309,SUCCESS,1599.0,INR,2026-08-02 20:04:53,00,Transaction approved,"{""source"": ""mock_gateway"", ""environment"": ""hackathon"", ""channel"": ""CARD""}"
TXN-90310,GW-90310,SUCCESS,2499.0,INR,2026-08-02 20:12:36,00,Transaction approved,"{""source"": ""mock_gateway"", ""environment"": ""hackathon"", ""channel"": ""UPI""}"
TXN-90311,GW-90311,SUCCESS,2499.0,INR,2026-08-02 20:21:21,00,Transaction approved,"{""source"": ""mock_gateway"", ""environment"": ""hackathon"", ""channel"": ""UPI""}"
TXN-90312,GW-90312,SUCCESS,299.0,INR,2026-08-02 20:26:52,00,Transaction approved,"{""source"": ""mock_gateway"", ""environment"": ""hackathon"", ""channel"": ""NETBANKING""}"
TXN-90313,GW-90313,SUCCESS,799.0,INR,2026-08-02 20:32:34,00,Transaction approved,"{""source"": ""mock_gateway"", ""environment"": ""hackathon"", ""channel"": ""NETBANKING""}"
TXN-90314,GW-90314,SUCCESS,199.0,INR,2026-08-02 20:39:21,00,Transaction approved,"{""source"": ""mock_gateway"", ""environment"": ""hackathon"", ""channel"": ""UPI""}"
TXN-90315,GW-90315,SUCCESS,12500.0,INR,2026-08-02 20:50:42,00,Transaction approved,"{""source"": ""mock_gateway"", ""environment"": ""hackathon"", ""channel"": ""NETBANKING""}"
TXN-90316,GW-90316,SUCCESS,6750.0,INR,2026-08-02 20:56:55,00,Transaction approved,"{""source"": ""mock_gateway"", ""environment"": ""hackathon"", ""channel"": ""CARD""}"
TXN-90317,GW-90317,SUCCESS,12500.0,INR,2026-08-02 21:03:11,00,Transaction approved,"{""source"": ""mock_gateway"", ""environment"": ""hackathon"", ""channel"": ""UPI""}"
TXN-90318,GW-90318,SUCCESS,4999.0,INR,2026-08-02 21:10:48,00,Transaction approved,"{""source"": ""mock_gateway"", ""environment"": ""hackathon"", ""channel"": ""UPI""}"
TXN-90319,GW-90319,SUCCESS,12500.0,INR,2026-08-02 21:18:27,00,Transaction approved,"{""source"": ""mock_gateway"", ""environment"": ""hackathon"", ""channel"": ""UPI""}"
TXN-90320,GW-90320,SUCCESS,8999.0,INR,2026-08-02 21:24:43,00,Transaction approved,"{""source"": ""mock_gateway"", ""environment"": ""hackathon"", ""channel"": ""UPI""}"
TXN-90321,GW-90321,SUCCESS,1999.0,INR,2026-08-02 21:29:03,00,Transaction approved,"{""source"": ""mock_gateway"", ""environment"": ""hackathon"", ""channel"": ""UPI""}"
TXN-90322,GW-90322,SUCCESS,6750.0,INR,2026-08-02 21:37:48,00,Transaction approved,"{""source"": ""mock_gateway"", ""environment"": ""hackathon"", ""channel"": ""NETBANKING""}"
TXN-90323,GW-90323,SUCCESS,199.0,INR,2026-08-02 21:43:28,00,Transaction approved,"{""source"": ""mock_gateway"", ""environment"": ""hackathon"", ""channel"": ""CARD""}"
TXN-90324,GW-90324,SUCCESS,499.0,INR,2026-08-02 21:51:20,00,Transaction approved,"{""source"": ""mock_gateway"", ""environment"": ""hackathon"", ""channel"": ""UPI""}"
TXN-90325,GW-90325,SUCCESS,1999.0,INR,2026-08-02 21:55:56,00,Transaction approved,"{""source"": ""mock_gateway"", ""environment"": ""hackathon"", ""channel"": ""UPI""}"
TXN-90326,GW-90326,SUCCESS,3499.0,INR,2026-08-02 22:05:22,00,Transaction approved,"{""source"": ""mock_gateway"", ""environment"": ""hackathon"", ""channel"": ""UPI""}"
TXN-90327,GW-90327,SUCCESS,4200.0,INR,2026-08-02 22:13:34,00,Transaction approved,"{""source"": ""mock_gateway"", ""environment"": ""hackathon"", ""channel"": ""NETBANKING""}"
TXN-90328,GW-90328,SUCCESS,199.0,INR,2026-08-02 22:20:57,00,Transaction approved,"{""source"": ""mock_gateway"", ""environment"": ""hackathon"", ""channel"": ""CARD""}"
TXN-90329,GW-90329,SUCCESS,2899.0,INR,2026-08-02 22:23:24,00,Transaction approved,"{""source"": ""mock_gateway"", ""environment"": ""hackathon"", ""channel"": ""UPI""}"
TXN-90330,GW-90330,SUCCESS,1499.0,INR,2026-08-02 22:31:44,00,Transaction approved,"{""source"": ""mock_gateway"", ""environment"": ""hackathon"", ""channel"": ""CARD""}"
TXN-90331,GW-90331,SUCCESS,1250.0,INR,2026-08-02 22:41:16,00,Transaction approved,"{""source"": ""mock_gateway"", ""environment"": ""hackathon"", ""channel"": ""NETBANKING""}"
TXN-90332,GW-90332,SUCCESS,1999.0,INR,2026-08-02 22:47:09,00,Transaction approved,"{""source"": ""mock_gateway"", ""environment"": ""hackathon"", ""channel"": ""CARD""}"
TXN-90333,GW-90333,SUCCESS,499.0,INR,2026-08-02 22:55:45,00,Transaction approved,"{""source"": ""mock_gateway"", ""environment"": ""hackathon"", ""channel"": ""NETBANKING""}"
TXN-90334,GW-90334,SUCCESS,4200.0,INR,2026-08-02 23:02:20,00,Transaction approved,"{""source"": ""mock_gateway"", ""environment"": ""hackathon"", ""channel"": ""NETBANKING""}"
TXN-90335,GW-90335,SUCCESS,1499.0,INR,2026-08-02 23:08:21,00,Transaction approved,"{""source"": ""mock_gateway"", ""environment"": ""hackathon"", ""channel"": ""NETBANKING""}"
TXN-90336,GW-90336,SUCCESS,12500.0,INR,2026-08-02 23:13:22,00,Transaction approved,"{""source"": ""mock_gateway"", ""environment"": ""hackathon"", ""channel"": ""CARD""}"
TXN-90337,GW-90337,SUCCESS,799.0,INR,2026-08-02 23:22:58,00,Transaction approved,"{""source"": ""mock_gateway"", ""environment"": ""hackathon"", ""channel"": ""NETBANKING""}"
TXN-90338,GW-90338,SUCCESS,2899.0,INR,2026-08-02 23:29:11,00,Transaction approved,"{""source"": ""mock_gateway"", ""environment"": ""hackathon"", ""channel"": ""UPI""}"
TXN-90339,GW-90339,SUCCESS,12500.0,INR,2026-08-02 23:38:59,00,Transaction approved,"{""source"": ""mock_gateway"", ""environment"": ""hackathon"", ""channel"": ""UPI""}"
TXN-90340,GW-90340,SUCCESS,8999.0,INR,2026-08-02 23:44:43,00,Transaction approved,"{""source"": ""mock_gateway"", ""environment"": ""hackathon"", ""channel"": ""UPI""}"
TXN-90341,GW-90341,SUCCESS,4200.0,INR,2026-08-02 23:48:53,00,Transaction approved,"{""source"": ""mock_gateway"", ""environment"": ""hackathon"", ""channel"": ""NETBANKING""}"
TXN-90342,GW-90342,SUCCESS,999.0,INR,2026-08-02 23:58:36,00,Transaction approved,"{""source"": ""mock_gateway"", ""environment"": ""hackathon"", ""channel"": ""UPI""}"
TXN-90343,GW-90343,SUCCESS,1250.0,INR,2026-08-03 00:04:52,00,Transaction approved,"{""source"": ""mock_gateway"", ""environment"": ""hackathon"", ""channel"": ""CARD""}"
TXN-90344,GW-90344,SUCCESS,999.0,INR,2026-08-03 00:11:25,00,Transaction approved,"{""source"": ""mock_gateway"", ""environment"": ""hackathon"", ""channel"": ""CARD""}"
TXN-90345,GW-90345,SUCCESS,799.0,INR,2026-08-03 00:15:19,00,Transaction approved,"{""source"": ""mock_gateway"", ""environment"": ""hackathon"", ""channel"": ""CARD""}"
TXN-90346,GW-90346,SUCCESS,1599.0,INR,2026-08-03 00:26:41,00,Transaction approved,"{""source"": ""mock_gateway"", ""environment"": ""hackathon"", ""channel"": ""UPI""}"
TXN-90347,GW-90347,SUCCESS,8999.0,INR,2026-08-03 00:34:33,00,Transaction approved,"{""source"": ""mock_gateway"", ""environment"": ""hackathon"", ""channel"": ""NETBANKING""}"
TXN-90348,GW-90348,SUCCESS,4200.0,INR,2026-08-03 00:40:06,00,Transaction approved,"{""source"": ""mock_gateway"", ""environment"": ""hackathon"", ""channel"": ""NETBANKING""}"
TXN-90349,GW-90349,SUCCESS,2899.0,INR,2026-08-03 00:48:04,00,Transaction approved,"{""source"": ""mock_gateway"", ""environment"": ""hackathon"", ""channel"": ""CARD""}"
TXN-90350,GW-90350,SUCCESS,2499.0,INR,2026-08-03 00:50:57,00,Transaction approved,"{""source"": ""mock_gateway"", ""environment"": ""hackathon"", ""channel"": ""NETBANKING""}"
TXN-90351,GW-90351,SUCCESS,799.0,INR,2026-08-03 00:59:11,00,Transaction approved,"{""source"": ""mock_gateway"", ""environment"": ""hackathon"", ""channel"": ""UPI""}"
TXN-90352,GW-90352,SUCCESS,199.0,INR,2026-08-03 01:04:35,00,Transaction approved,"{""source"": ""mock_gateway"", ""environment"": ""hackathon"", ""channel"": ""CARD""}"
TXN-90353,GW-90353,SUCCESS,3499.0,INR,2026-08-03 01:14:34,00,Transaction approved,"{""source"": ""mock_gateway"", ""environment"": ""hackathon"", ""channel"": ""CARD""}"
TXN-90354,GW-90354,SUCCESS,8999.0,INR,2026-08-03 01:19:55,00,Transaction approved,"{""source"": ""mock_gateway"", ""environment"": ""hackathon"", ""channel"": ""UPI""}"
TXN-90355,GW-90355,SUCCESS,1250.0,INR,2026-08-03 01:28:05,00,Transaction approved,"{""source"": ""mock_gateway"", ""environment"": ""hackathon"", ""channel"": ""NETBANKING""}"
TXN-90356,GW-90356,SUCCESS,1499.0,INR,2026-08-03 01:33:42,00,Transaction approved,"{""source"": ""mock_gateway"", ""environment"": ""hackathon"", ""channel"": ""CARD""}"
TXN-90357,GW-90357,SUCCESS,12500.0,INR,2026-08-03 01:39:28,00,Transaction approved,"{""source"": ""mock_gateway"", ""environment"": ""hackathon"", ""channel"": ""CARD""}"
TXN-90358,GW-90358,SUCCESS,199.0,INR,2026-08-03 01:48:12,00,Transaction approved,"{""source"": ""mock_gateway"", ""environment"": ""hackathon"", ""channel"": ""NETBANKING""}"
TXN-90359,GW-90359,SUCCESS,199.0,INR,2026-08-03 01:55:51,00,Transaction approved,"{""source"": ""mock_gateway"", ""environment"": ""hackathon"", ""channel"": ""UPI""}"
TXN-90360,GW-90360,SUCCESS,4999.0,INR,2026-08-03 02:00:59,00,Transaction approved,"{""source"": ""mock_gateway"", ""environment"": ""hackathon"", ""channel"": ""UPI""}"
TXN-90361,GW-90361,SUCCESS,1999.0,INR,2026-08-03 02:08:35,00,Transaction approved,"{""source"": ""mock_gateway"", ""environment"": ""hackathon"", ""channel"": ""NETBANKING""}"
TXN-90362,GW-90362,SUCCESS,1999.0,INR,2026-08-03 02:15:55,00,Transaction approved,"{""source"": ""mock_gateway"", ""environment"": ""hackathon"", ""channel"": ""NETBANKING""}"
TXN-90363,GW-90363,SUCCESS,999.0,INR,2026-08-03 02:23:48,00,Transaction approved,"{""source"": ""mock_gateway"", ""environment"": ""hackathon"", ""channel"": ""CARD""}"
TXN-90364,GW-90364,PENDING,12500.0,INR,2026-08-03 02:30:15,91,Issuer or switch temporarily unavailable,"{""source"": ""mock_gateway"", ""environment"": ""hackathon"", ""channel"": ""UPI""}"
TXN-90365,GW-90365,SUCCESS,1499.0,INR,2026-08-03 02:35:33,00,Transaction approved,"{""source"": ""mock_gateway"", ""environment"": ""hackathon"", ""channel"": ""UPI""}"
TXN-90366,GW-90366,SUCCESS,3499.0,INR,2026-08-03 02:44:57,00,Transaction approved,"{""source"": ""mock_gateway"", ""environment"": ""hackathon"", ""channel"": ""NETBANKING""}"
TXN-90367,GW-90367,SUCCESS,4999.0,INR,2026-08-03 02:52:32,00,Transaction approved,"{""source"": ""mock_gateway"", ""environment"": ""hackathon"", ""channel"": ""CARD""}"
TXN-90368,GW-90368,SUCCESS,199.0,INR,2026-08-03 03:00:25,00,Transaction approved,"{""source"": ""mock_gateway"", ""environment"": ""hackathon"", ""channel"": ""UPI""}"
TXN-90369,GW-90369,SUCCESS,1999.0,INR,2026-08-03 03:08:13,00,Transaction approved,"{""source"": ""mock_gateway"", ""environment"": ""hackathon"", ""channel"": ""UPI""}"
TXN-90370,GW-90370,SUCCESS,199.0,INR,2026-08-03 03:15:07,00,Transaction approved,"{""source"": ""mock_gateway"", ""environment"": ""hackathon"", ""channel"": ""UPI""}"
TXN-90371,GW-90371,SUCCESS,3499.0,INR,2026-08-03 03:18:24,00,Transaction approved,"{""source"": ""mock_gateway"", ""environment"": ""hackathon"", ""channel"": ""UPI""}"
TXN-90372,GW-90372,SUCCESS,1499.0,INR,2026-08-03 03:25:11,00,Transaction approved,"{""source"": ""mock_gateway"", ""environment"": ""hackathon"", ""channel"": ""CARD""}"
TXN-90373,GW-90373,SUCCESS,1599.0,INR,2026-08-03 03:34:10,00,Transaction approved,"{""source"": ""mock_gateway"", ""environment"": ""hackathon"", ""channel"": ""NETBANKING""}"
TXN-90374,GW-90374,SUCCESS,4999.0,INR,2026-08-03 03:38:54,00,Transaction approved,"{""source"": ""mock_gateway"", ""environment"": ""hackathon"", ""channel"": ""NETBANKING""}"
TXN-90375,GW-90375,SUCCESS,3499.0,INR,2026-08-03 03:50:48,00,Transaction approved,"{""source"": ""mock_gateway"", ""environment"": ""hackathon"", ""channel"": ""UPI""}"
TXN-90376,GW-90376,SUCCESS,12500.0,INR,2026-08-03 03:58:04,00,Transaction approved,"{""source"": ""mock_gateway"", ""environment"": ""hackathon"", ""channel"": ""NETBANKING""}"
TXN-90377,GW-90377,SUCCESS,299.0,INR,2026-08-03 04:00:39,00,Transaction approved,"{""source"": ""mock_gateway"", ""environment"": ""hackathon"", ""channel"": ""UPI""}"
TXN-90378,GW-90378,SUCCESS,1599.0,INR,2026-08-03 04:08:09,00,Transaction approved,"{""source"": ""mock_gateway"", ""environment"": ""hackathon"", ""channel"": ""NETBANKING""}"
TXN-90379,GW-90379,SUCCESS,1250.0,INR,2026-08-03 04:15:29,00,Transaction approved,"{""source"": ""mock_gateway"", ""environment"": ""hackathon"", ""channel"": ""UPI""}"
TXN-90380,GW-90380,SUCCESS,12500.0,INR,2026-08-03 04:24:37,00,Transaction approved,"{""source"": ""mock_gateway"", ""environment"": ""hackathon"", ""channel"": ""CARD""}"
TXN-90381,GW-90381,SUCCESS,3499.0,INR,2026-08-03 04:29:03,00,Transaction approved,"{""source"": ""mock_gateway"", ""environment"": ""hackathon"", ""channel"": ""NETBANKING""}"
TXN-90382,GW-90382,SUCCESS,1499.0,INR,2026-08-03 04:40:05,00,Transaction approved,"{""source"": ""mock_gateway"", ""environment"": ""hackathon"", ""channel"": ""UPI""}"
TXN-90383,GW-90383,SUCCESS,4999.0,INR,2026-08-03 04:46:03,00,Transaction approved,"{""source"": ""mock_gateway"", ""environment"": ""hackathon"", ""channel"": ""CARD""}"
TXN-90384,GW-90384,SUCCESS,2499.0,INR,2026-08-03 04:51:07,00,Transaction approved,"{""source"": ""mock_gateway"", ""environment"": ""hackathon"", ""channel"": ""UPI""}"
TXN-90385,GW-90385,SUCCESS,299.0,INR,2026-08-03 05:00:53,00,Transaction approved,"{""source"": ""mock_gateway"", ""environment"": ""hackathon"", ""channel"": ""UPI""}"
TXN-90386,GW-90386,SUCCESS,1599.0,INR,2026-08-03 05:07:13,00,Transaction approved,"{""source"": ""mock_gateway"", ""environment"": ""hackathon"", ""channel"": ""CARD""}"
TXN-90387,GW-90387,SUCCESS,299.0,INR,2026-08-03 05:13:03,00,Transaction approved,"{""source"": ""mock_gateway"", ""environment"": ""hackathon"", ""channel"": ""CARD""}"
TXN-90388,GW-90388,SUCCESS,2899.0,INR,2026-08-03 05:18:35,00,Transaction approved,"{""source"": ""mock_gateway"", ""environment"": ""hackathon"", ""channel"": ""UPI""}"
TXN-90389,GW-90389,SUCCESS,1599.0,INR,2026-08-03 05:26:54,00,Transaction approved,"{""source"": ""mock_gateway"", ""environment"": ""hackathon"", ""channel"": ""UPI""}"
TXN-90390,GW-90390,SUCCESS,2899.0,INR,2026-08-03 05:33:01,00,Transaction approved,"{""source"": ""mock_gateway"", ""environment"": ""hackathon"", ""channel"": ""CARD""}"
TXN-90391,GW-90391,SUCCESS,1499.0,INR,2026-08-03 05:38:20,00,Transaction approved,"{""source"": ""mock_gateway"", ""environment"": ""hackathon"", ""channel"": ""CARD""}"
TXN-90392,GW-90392,SUCCESS,3499.0,INR,2026-08-03 05:48:14,00,Transaction approved,"{""source"": ""mock_gateway"", ""environment"": ""hackathon"", ""channel"": ""CARD""}"
TXN-90393,GW-90393,SUCCESS,2899.0,INR,2026-08-03 05:51:08,00,Transaction approved,"{""source"": ""mock_gateway"", ""environment"": ""hackathon"", ""channel"": ""CARD""}"
TXN-90394,GW-90394,SUCCESS,1999.0,INR,2026-08-03 06:01:01,00,Transaction approved,"{""source"": ""mock_gateway"", ""environment"": ""hackathon"", ""channel"": ""UPI""}"
TXN-90395,GW-90395,SUCCESS,799.0,INR,2026-08-03 06:08:49,00,Transaction approved,"{""source"": ""mock_gateway"", ""environment"": ""hackathon"", ""channel"": ""NETBANKING""}"
TXN-90396,GW-90396,SUCCESS,4999.0,INR,2026-08-03 06:14:17,00,Transaction approved,"{""source"": ""mock_gateway"", ""environment"": ""hackathon"", ""channel"": ""NETBANKING""}"
TXN-90397,GW-90397,SUCCESS,1599.0,INR,2026-08-03 06:20:31,00,Transaction approved,"{""source"": ""mock_gateway"", ""environment"": ""hackathon"", ""channel"": ""NETBANKING""}"
TXN-90398,GW-90398,SUCCESS,499.0,INR,2026-08-03 06:28:25,00,Transaction approved,"{""source"": ""mock_gateway"", ""environment"": ""hackathon"", ""channel"": ""CARD""}"
TXN-90399,GW-90399,SUCCESS,6750.0,INR,2026-08-03 06:37:23,00,Transaction approved,"{""source"": ""mock_gateway"", ""environment"": ""hackathon"", ""channel"": ""CARD""}"
TXN-90400,GW-90400,SUCCESS,799.0,INR,2026-08-03 06:42:54,00,Transaction approved,"{""source"": ""mock_gateway"", ""environment"": ""hackathon"", ""channel"": ""CARD""}"
TXN-90401,GW-90401,SUCCESS,1499.0,INR,2026-08-03 06:52:00,00,Transaction approved,"{""source"": ""mock_gateway"", ""environment"": ""hackathon"", ""channel"": ""CARD""}"
TXN-90402,GW-90402,SUCCESS,2499.0,INR,2026-08-03 06:56:37,00,Transaction approved,"{""source"": ""mock_gateway"", ""environment"": ""hackathon"", ""channel"": ""UPI""}"
TXN-90403,GW-90403,SUCCESS,1499.0,INR,2026-08-03 07:03:22,00,Transaction approved,"{""source"": ""mock_gateway"", ""environment"": ""hackathon"", ""channel"": ""UPI""}"
TXN-90404,GW-90404,SUCCESS,199.0,INR,2026-08-03 07:09:49,00,Transaction approved,"{""source"": ""mock_gateway"", ""environment"": ""hackathon"", ""channel"": ""UPI""}"
TXN-90405,GW-90405,SUCCESS,4200.0,INR,2026-08-03 07:17:32,00,Transaction approved,"{""source"": ""mock_gateway"", ""environment"": ""hackathon"", ""channel"": ""CARD""}"
TXN-90406,GW-90406,SUCCESS,2899.0,INR,2026-08-03 07:26:07,00,Transaction approved,"{""source"": ""mock_gateway"", ""environment"": ""hackathon"", ""channel"": ""UPI""}"
TXN-90407,GW-90407,SUCCESS,299.0,INR,2026-08-03 07:30:07,00,Transaction approved,"{""source"": ""mock_gateway"", ""environment"": ""hackathon"", ""channel"": ""NETBANKING""}"
TXN-90408,GW-90408,SUCCESS,1599.0,INR,2026-08-03 07:37:17,00,Transaction approved,"{""source"": ""mock_gateway"", ""environment"": ""hackathon"", ""channel"": ""UPI""}"
TXN-90409,GW-90409,SUCCESS,4999.0,INR,2026-08-03 07:45:28,00,Transaction approved,"{""source"": ""mock_gateway"", ""environment"": ""hackathon"", ""channel"": ""UPI""}"
TXN-90410,GW-90410,SUCCESS,499.0,INR,2026-08-03 07:51:21,00,Transaction approved,"{""source"": ""mock_gateway"", ""environment"": ""hackathon"", ""channel"": ""UPI""}"
TXN-90411,GW-90411,SUCCESS,199.0,INR,2026-08-03 07:58:03,00,Transaction approved,"{""source"": ""mock_gateway"", ""environment"": ""hackathon"", ""channel"": ""NETBANKING""}"
TXN-90412,GW-90412,SUCCESS,499.0,INR,2026-08-03 08:06:16,00,Transaction approved,"{""source"": ""mock_gateway"", ""environment"": ""hackathon"", ""channel"": ""CARD""}"
TXN-90413,GW-90413,SUCCESS,299.0,INR,2026-08-03 08:17:04,00,Transaction approved,"{""source"": ""mock_gateway"", ""environment"": ""hackathon"", ""channel"": ""UPI""}"
TXN-90414,GW-90414,SUCCESS,6750.0,INR,2026-08-03 08:20:31,00,Transaction approved,"{""source"": ""mock_gateway"", ""environment"": ""hackathon"", ""channel"": ""UPI""}"
TXN-90415,GW-90415,SUCCESS,3499.0,INR,2026-08-03 08:30:10,00,Transaction approved,"{""source"": ""mock_gateway"", ""environment"": ""hackathon"", ""channel"": ""UPI""}"
TXN-90416,GW-90416,SUCCESS,8999.0,INR,2026-08-03 08:38:02,00,Transaction approved,"{""source"": ""mock_gateway"", ""environment"": ""hackathon"", ""channel"": ""UPI""}"
TXN-90417,GW-90417,SUCCESS,199.0,INR,2026-08-03 08:41:53,00,Transaction approved,"{""source"": ""mock_gateway"", ""environment"": ""hackathon"", ""channel"": ""CARD""}"
TXN-90418,GW-90418,SUCCESS,499.0,INR,2026-08-03 08:51:49,00,Transaction approved,"{""source"": ""mock_gateway"", ""environment"": ""hackathon"", ""channel"": ""NETBANKING""}"
TXN-90419,GW-90419,PENDING,12500.0,INR,2026-08-03 08:56:30,91,Issuer or switch temporarily unavailable,"{""source"": ""mock_gateway"", ""environment"": ""hackathon"", ""channel"": ""CARD""}"
TXN-90420,GW-90420,SUCCESS,1999.0,INR,2026-08-03 09:02:37,00,Transaction approved,"{""source"": ""mock_gateway"", ""environment"": ""hackathon"", ""channel"": ""NETBANKING""}"
TXN-90421,GW-90421,SUCCESS,2899.0,INR,2026-08-03 09:08:55,00,Transaction approved,"{""source"": ""mock_gateway"", ""environment"": ""hackathon"", ""channel"": ""UPI""}"
TXN-90422,GW-90422,SUCCESS,1999.0,INR,2026-08-03 09:16:51,00,Transaction approved,"{""source"": ""mock_gateway"", ""environment"": ""hackathon"", ""channel"": ""CARD""}"
TXN-90423,GW-90423,SUCCESS,4200.0,INR,2026-08-03 09:24:57,00,Transaction approved,"{""source"": ""mock_gateway"", ""environment"": ""hackathon"", ""channel"": ""CARD""}"
TXN-90424,GW-90424,SUCCESS,4200.0,INR,2026-08-03 09:30:41,00,Transaction approved,"{""source"": ""mock_gateway"", ""environment"": ""hackathon"", ""channel"": ""UPI""}"
TXN-90425,GW-90425,SUCCESS,499.0,INR,2026-08-03 09:37:42,00,Transaction approved,"{""source"": ""mock_gateway"", ""environment"": ""hackathon"", ""channel"": ""CARD""}"
TXN-90426,GW-90426,SUCCESS,2499.0,INR,2026-08-03 09:46:30,00,Transaction approved,"{""source"": ""mock_gateway"", ""environment"": ""hackathon"", ""channel"": ""UPI""}"
TXN-90427,GW-90427,SUCCESS,999.0,INR,2026-08-03 09:51:21,00,Transaction approved,"{""source"": ""mock_gateway"", ""environment"": ""hackathon"", ""channel"": ""NETBANKING""}"
TXN-90428,GW-90428,SUCCESS,1250.0,INR,2026-08-03 09:59:33,00,Transaction approved,"{""source"": ""mock_gateway"", ""environment"": ""hackathon"", ""channel"": ""UPI""}"
TXN-90429,GW-90429,SUCCESS,299.0,INR,2026-08-03 10:04:18,00,Transaction approved,"{""source"": ""mock_gateway"", ""environment"": ""hackathon"", ""channel"": ""NETBANKING""}"
TXN-90430,GW-90430,SUCCESS,999.0,INR,2026-08-03 10:12:25,00,Transaction approved,"{""source"": ""mock_gateway"", ""environment"": ""hackathon"", ""channel"": ""NETBANKING""}"
TXN-90431,GW-90431,SUCCESS,8999.0,INR,2026-08-03 10:19:30,00,Transaction approved,"{""source"": ""mock_gateway"", ""environment"": ""hackathon"", ""channel"": ""NETBANKING""}"
TXN-90432,GW-90432,SUCCESS,2499.0,INR,2026-08-03 10:30:13,00,Transaction approved,"{""source"": ""mock_gateway"", ""environment"": ""hackathon"", ""channel"": ""NETBANKING""}"
TXN-90433,GW-90433,SUCCESS,999.0,INR,2026-08-03 10:33:46,00,Transaction approved,"{""source"": ""mock_gateway"", ""environment"": ""hackathon"", ""channel"": ""UPI""}"
TXN-90434,GW-90434,SUCCESS,4999.0,INR,2026-08-03 10:41:41,00,Transaction approved,"{""source"": ""mock_gateway"", ""environment"": ""hackathon"", ""channel"": ""NETBANKING""}"
TXN-90435,GW-90435,SUCCESS,4999.0,INR,2026-08-03 10:45:33,00,Transaction approved,"{""source"": ""mock_gateway"", ""environment"": ""hackathon"", ""channel"": ""NETBANKING""}"
TXN-90436,GW-90436,SUCCESS,3499.0,INR,2026-08-03 10:56:51,00,Transaction approved,"{""source"": ""mock_gateway"", ""environment"": ""hackathon"", ""channel"": ""NETBANKING""}"
TXN-90437,GW-90437,SUCCESS,999.0,INR,2026-08-03 11:02:51,00,Transaction approved,"{""source"": ""mock_gateway"", ""environment"": ""hackathon"", ""channel"": ""NETBANKING""}"
TXN-90438,GW-90438,SUCCESS,1999.0,INR,2026-08-03 11:08:16,00,Transaction approved,"{""source"": ""mock_gateway"", ""environment"": ""hackathon"", ""channel"": ""NETBANKING""}"
TXN-90439,GW-90439,SUCCESS,4200.0,INR,2026-08-03 11:13:18,00,Transaction approved,"{""source"": ""mock_gateway"", ""environment"": ""hackathon"", ""channel"": ""UPI""}"
TXN-90440,GW-90440,SUCCESS,3499.0,INR,2026-08-03 11:26:18,00,Transaction approved,"{""source"": ""mock_gateway"", ""environment"": ""hackathon"", ""channel"": ""NETBANKING""}"
TXN-90441,GW-90441,SUCCESS,999.0,INR,2026-08-03 11:28:46,00,Transaction approved,"{""source"": ""mock_gateway"", ""environment"": ""hackathon"", ""channel"": ""CARD""}"
TXN-90442,GW-90442,SUCCESS,2899.0,INR,2026-08-03 11:34:45,00,Transaction approved,"{""source"": ""mock_gateway"", ""environment"": ""hackathon"", ""channel"": ""UPI""}"
TXN-90443,GW-90443,SUCCESS,1250.0,INR,2026-08-03 11:41:13,00,Transaction approved,"{""source"": ""mock_gateway"", ""environment"": ""hackathon"", ""channel"": ""CARD""}"
TXN-90444,GW-90444,SUCCESS,1499.0,INR,2026-08-03 11:51:55,00,Transaction approved,"{""source"": ""mock_gateway"", ""environment"": ""hackathon"", ""channel"": ""CARD""}"
TXN-90445,GW-90445,SUCCESS,799.0,INR,2026-08-03 11:57:34,00,Transaction approved,"{""source"": ""mock_gateway"", ""environment"": ""hackathon"", ""channel"": ""NETBANKING""}"
TXN-90446,GW-90446,SUCCESS,12500.0,INR,2026-08-03 12:04:24,00,Transaction approved,"{""source"": ""mock_gateway"", ""environment"": ""hackathon"", ""channel"": ""UPI""}"
TXN-90447,GW-90447,SUCCESS,12500.0,INR,2026-08-03 12:10:46,00,Transaction approved,"{""source"": ""mock_gateway"", ""environment"": ""hackathon"", ""channel"": ""UPI""}"
TXN-90448,GW-90448,SUCCESS,12500.0,INR,2026-08-03 12:18:04,00,Transaction approved,"{""source"": ""mock_gateway"", ""environment"": ""hackathon"", ""channel"": ""NETBANKING""}"
TXN-90449,GW-90449,SUCCESS,8999.0,INR,2026-08-03 12:28:49,00,Transaction approved,"{""source"": ""mock_gateway"", ""environment"": ""hackathon"", ""channel"": ""NETBANKING""}"
TXN-90450,GW-90450,SUCCESS,299.0,INR,2026-08-03 12:30:23,00,Transaction approved,"{""source"": ""mock_gateway"", ""environment"": ""hackathon"", ""channel"": ""NETBANKING""}"
TXN-90451,GW-90451,SUCCESS,2899.0,INR,2026-08-03 12:42:00,00,Transaction approved,"{""source"": ""mock_gateway"", ""environment"": ""hackathon"", ""channel"": ""NETBANKING""}"
TXN-90452,GW-90452,SUCCESS,4999.0,INR,2026-08-03 12:44:25,00,Transaction approved,"{""source"": ""mock_gateway"", ""environment"": ""hackathon"", ""channel"": ""CARD""}"
TXN-90453,GW-90453,SUCCESS,1250.0,INR,2026-08-03 12:52:59,00,Transaction approved,"{""source"": ""mock_gateway"", ""environment"": ""hackathon"", ""channel"": ""UPI""}"
TXN-90454,GW-90454,SUCCESS,4200.0,INR,2026-08-03 13:02:06,00,Transaction approved,"{""source"": ""mock_gateway"", ""environment"": ""hackathon"", ""channel"": ""UPI""}"
TXN-90455,GW-90455,SUCCESS,2899.0,INR,2026-08-03 13:07:04,00,Transaction approved,"{""source"": ""mock_gateway"", ""environment"": ""hackathon"", ""channel"": ""UPI""}"
TXN-90456,GW-90456,SUCCESS,12500.0,INR,2026-08-03 13:16:21,00,Transaction approved,"{""source"": ""mock_gateway"", ""environment"": ""hackathon"", ""channel"": ""CARD""}"
TXN-90457,GW-90457,SUCCESS,1250.0,INR,2026-08-03 13:21:34,00,Transaction approved,"{""source"": ""mock_gateway"", ""environment"": ""hackathon"", ""channel"": ""CARD""}"
TXN-90458,GW-90458,SUCCESS,1999.0,INR,2026-08-03 13:30:05,00,Transaction approved,"{""source"": ""mock_gateway"", ""environment"": ""hackathon"", ""channel"": ""NETBANKING""}"
TXN-90459,GW-90459,SUCCESS,299.0,INR,2026-08-03 13:38:27,00,Transaction approved,"{""source"": ""mock_gateway"", ""environment"": ""hackathon"", ""channel"": ""CARD""}"
TXN-90460,GW-90460,SUCCESS,1999.0,INR,2026-08-03 13:44:25,00,Transaction approved,"{""source"": ""mock_gateway"", ""environment"": ""hackathon"", ""channel"": ""NETBANKING""}"
TXN-90461,GW-90461,SUCCESS,1250.0,INR,2026-08-03 13:51:57,00,Transaction approved,"{""source"": ""mock_gateway"", ""environment"": ""hackathon"", ""channel"": ""CARD""}"
TXN-90462,GW-90462,SUCCESS,1499.0,INR,2026-08-03 13:54:20,00,Transaction approved,"{""source"": ""mock_gateway"", ""environment"": ""hackathon"", ""channel"": ""UPI""}"
TXN-90463,GW-90463,SUCCESS,299.0,INR,2026-08-03 14:03:06,00,Transaction approved,"{""source"": ""mock_gateway"", ""environment"": ""hackathon"", ""channel"": ""NETBANKING""}"
TXN-90464,GW-90464,SUCCESS,1599.0,INR,2026-08-03 14:09:17,00,Transaction approved,"{""source"": ""mock_gateway"", ""environment"": ""hackathon"", ""channel"": ""UPI""}"
TXN-90465,GW-90465,SUCCESS,1999.0,INR,2026-08-03 14:19:09,00,Transaction approved,"{""source"": ""mock_gateway"", ""environment"": ""hackathon"", ""channel"": ""UPI""}"
TXN-90466,GW-90466,SUCCESS,199.0,INR,2026-08-03 14:26:36,00,Transaction approved,"{""source"": ""mock_gateway"", ""environment"": ""hackathon"", ""channel"": ""NETBANKING""}"
TXN-90467,GW-90467,SUCCESS,2899.0,INR,2026-08-03 14:31:22,00,Transaction approved,"{""source"": ""mock_gateway"", ""environment"": ""hackathon"", ""channel"": ""UPI""}"
TXN-90468,GW-90468,SUCCESS,4200.0,INR,2026-08-03 14:36:46,00,Transaction approved,"{""source"": ""mock_gateway"", ""environment"": ""hackathon"", ""channel"": ""CARD""}"
TXN-90469,GW-90469,SUCCESS,299.0,INR,2026-08-03 14:44:53,00,Transaction approved,"{""source"": ""mock_gateway"", ""environment"": ""hackathon"", ""channel"": ""UPI""}"
TXN-90470,GW-90470,SUCCESS,1499.0,INR,2026-08-03 14:54:59,00,Transaction approved,"{""source"": ""mock_gateway"", ""environment"": ""hackathon"", ""channel"": ""CARD""}"
TXN-90471,GW-90471,SUCCESS,4999.0,INR,2026-08-03 14:57:42,00,Transaction approved,"{""source"": ""mock_gateway"", ""environment"": ""hackathon"", ""channel"": ""UPI""}"
TXN-90472,GW-90472,SUCCESS,1499.0,INR,2026-08-03 15:04:14,00,Transaction approved,"{""source"": ""mock_gateway"", ""environment"": ""hackathon"", ""channel"": ""NETBANKING""}"
TXN-90473,GW-90473,SUCCESS,4999.0,INR,2026-08-03 15:16:35,00,Transaction approved,"{""source"": ""mock_gateway"", ""environment"": ""hackathon"", ""channel"": ""UPI""}"
TXN-90474,GW-90474,SUCCESS,1999.0,INR,2026-08-03 15:19:56,00,Transaction approved,"{""source"": ""mock_gateway"", ""environment"": ""hackathon"", ""channel"": ""NETBANKING""}"
TXN-90475,GW-90475,SUCCESS,3499.0,INR,2026-08-03 15:30:55,00,Transaction approved,"{""source"": ""mock_gateway"", ""environment"": ""hackathon"", ""channel"": ""UPI""}"
TXN-90476,GW-90476,SUCCESS,6750.0,INR,2026-08-03 15:33:39,00,Transaction approved,"{""source"": ""mock_gateway"", ""environment"": ""hackathon"", ""channel"": ""UPI""}"
TXN-90477,GW-90477,SUCCESS,3499.0,INR,2026-08-03 15:41:52,00,Transaction approved,"{""source"": ""mock_gateway"", ""environment"": ""hackathon"", ""channel"": ""CARD""}"
TXN-90478,GW-90478,SUCCESS,2899.0,INR,2026-08-03 15:49:39,00,Transaction approved,"{""source"": ""mock_gateway"", ""environment"": ""hackathon"", ""channel"": ""UPI""}"
TXN-90479,GW-90479,SUCCESS,2899.0,INR,2026-08-03 15:57:43,00,Transaction approved,"{""source"": ""mock_gateway"", ""environment"": ""hackathon"", ""channel"": ""CARD""}"
TXN-90480,GW-90480,SUCCESS,1250.0,INR,2026-08-03 16:02:12,00,Transaction approved,"{""source"": ""mock_gateway"", ""environment"": ""hackathon"", ""channel"": ""NETBANKING""}"
TXN-90481,GW-90481,SUCCESS,799.0,INR,2026-08-03 16:13:02,00,Transaction approved,"{""source"": ""mock_gateway"", ""environment"": ""hackathon"", ""channel"": ""NETBANKING""}"
TXN-90482,GW-90482,SUCCESS,499.0,INR,2026-08-03 16:16:21,00,Transaction approved,"{""source"": ""mock_gateway"", ""environment"": ""hackathon"", ""channel"": ""CARD""}"
TXN-90483,GW-90483,SUCCESS,1999.0,INR,2026-08-03 16:23:58,00,Transaction approved,"{""source"": ""mock_gateway"", ""environment"": ""hackathon"", ""channel"": ""NETBANKING""}"
TXN-90484,GW-90484,SUCCESS,8999.0,INR,2026-08-03 16:33:56,00,Transaction approved,"{""source"": ""mock_gateway"", ""environment"": ""hackathon"", ""channel"": ""NETBANKING""}"
TXN-90485,GW-90485,SUCCESS,1499.0,INR,2026-08-03 16:39:23,00,Transaction approved,"{""source"": ""mock_gateway"", ""environment"": ""hackathon"", ""channel"": ""NETBANKING""}"
TXN-90486,GW-90486,SUCCESS,499.0,INR,2026-08-03 16:42:39,00,Transaction approved,"{""source"": ""mock_gateway"", ""environment"": ""hackathon"", ""channel"": ""NETBANKING""}"
TXN-90487,GW-90487,SUCCESS,3499.0,INR,2026-08-03 16:53:03,00,Transaction approved,"{""source"": ""mock_gateway"", ""environment"": ""hackathon"", ""channel"": ""CARD""}"
TXN-90488,GW-90488,SUCCESS,1999.0,INR,2026-08-03 16:58:04,00,Transaction approved,"{""source"": ""mock_gateway"", ""environment"": ""hackathon"", ""channel"": ""UPI""}"
TXN-90489,GW-90489,SUCCESS,3499.0,INR,2026-08-03 17:09:00,00,Transaction approved,"{""source"": ""mock_gateway"", ""environment"": ""hackathon"", ""channel"": ""NETBANKING""}"
TXN-90490,GW-90490,SUCCESS,1999.0,INR,2026-08-03 17:10:52,00,Transaction approved,"{""source"": ""mock_gateway"", ""environment"": ""hackathon"", ""channel"": ""CARD""}"
TXN-90491,GW-90491,SUCCESS,4999.0,INR,2026-08-03 17:19:01,00,Transaction approved,"{""source"": ""mock_gateway"", ""environment"": ""hackathon"", ""channel"": ""NETBANKING""}"
TXN-90492,GW-90492,SUCCESS,1599.0,INR,2026-08-03 17:24:54,00,Transaction approved,"{""source"": ""mock_gateway"", ""environment"": ""hackathon"", ""channel"": ""UPI""}"
TXN-90493,GW-90493,SUCCESS,2899.0,INR,2026-08-03 17:36:33,00,Transaction approved,"{""source"": ""mock_gateway"", ""environment"": ""hackathon"", ""channel"": ""CARD""}"
TXN-90494,GW-90494,SUCCESS,1250.0,INR,2026-08-03 17:41:55,00,Transaction approved,"{""source"": ""mock_gateway"", ""environment"": ""hackathon"", ""channel"": ""UPI""}"
TXN-90495,GW-90495,SUCCESS,299.0,INR,2026-08-03 17:50:43,00,Transaction approved,"{""source"": ""mock_gateway"", ""environment"": ""hackathon"", ""channel"": ""NETBANKING""}"
TXN-90496,GW-90496,SUCCESS,8999.0,INR,2026-08-03 17:55:18,00,Transaction approved,"{""source"": ""mock_gateway"", ""environment"": ""hackathon"", ""channel"": ""NETBANKING""}"
TXN-90497,GW-90497,SUCCESS,4999.0,INR,2026-08-03 18:04:45,00,Transaction approved,"{""source"": ""mock_gateway"", ""environment"": ""hackathon"", ""channel"": ""CARD""}"
TXN-90498,GW-90498,SUCCESS,299.0,INR,2026-08-03 18:08:05,00,Transaction approved,"{""source"": ""mock_gateway"", ""environment"": ""hackathon"", ""channel"": ""UPI""}"
TXN-90499,GW-90499,SUCCESS,12500.0,INR,2026-08-03 18:14:21,00,Transaction approved,"{""source"": ""mock_gateway"", ""environment"": ""hackathon"", ""channel"": ""CARD""}"
TXN-90500,GW-90500,SUCCESS,4999.0,INR,2026-08-03 18:23:31,00,Transaction approved,"{""source"": ""mock_gateway"", ""environment"": ""hackathon"", ""channel"": ""CARD""}"
TXN-90501,GW-90501,SUCCESS,4200.0,INR,2026-08-03 18:27:52,00,Transaction approved,"{""source"": ""mock_gateway"", ""environment"": ""hackathon"", ""channel"": ""NETBANKING""}"
TXN-90502,GW-90502,SUCCESS,4200.0,INR,2026-08-03 18:39:44,00,Transaction approved,"{""source"": ""mock_gateway"", ""environment"": ""hackathon"", ""channel"": ""NETBANKING""}"
TXN-90503,GW-90503,SUCCESS,4200.0,INR,2026-08-03 18:41:19,00,Transaction approved,"{""source"": ""mock_gateway"", ""environment"": ""hackathon"", ""channel"": ""UPI""}"
TXN-90504,GW-90504,SUCCESS,3499.0,INR,2026-08-03 18:48:30,00,Transaction approved,"{""source"": ""mock_gateway"", ""environment"": ""hackathon"", ""channel"": ""UPI""}"
TXN-90505,GW-90505,SUCCESS,8999.0,INR,2026-08-03 18:58:53,00,Transaction approved,"{""source"": ""mock_gateway"", ""environment"": ""hackathon"", ""channel"": ""CARD""}"
TXN-90506,GW-90506,SUCCESS,199.0,INR,2026-08-03 19:03:24,00,Transaction approved,"{""source"": ""mock_gateway"", ""environment"": ""hackathon"", ""channel"": ""NETBANKING""}"
TXN-90507,GW-90507,SUCCESS,1999.0,INR,2026-08-03 19:13:26,00,Transaction approved,"{""source"": ""mock_gateway"", ""environment"": ""hackathon"", ""channel"": ""NETBANKING""}"
TXN-90508,GW-90508,SUCCESS,2499.0,INR,2026-08-03 19:17:21,00,Transaction approved,"{""source"": ""mock_gateway"", ""environment"": ""hackathon"", ""channel"": ""CARD""}"
TXN-90509,GW-90509,SUCCESS,299.0,INR,2026-08-03 19:24:18,00,Transaction approved,"{""source"": ""mock_gateway"", ""environment"": ""hackathon"", ""channel"": ""CARD""}"
TXN-90510,GW-90510,SUCCESS,3499.0,INR,2026-08-03 19:34:40,00,Transaction approved,"{""source"": ""mock_gateway"", ""environment"": ""hackathon"", ""channel"": ""UPI""}"
TXN-90511,GW-90511,SUCCESS,1250.0,INR,2026-08-03 19:39:34,00,Transaction approved,"{""source"": ""mock_gateway"", ""environment"": ""hackathon"", ""channel"": ""NETBANKING""}"
TXN-90512,GW-90512,SUCCESS,799.0,INR,2026-08-03 19:49:14,00,Transaction approved,"{""source"": ""mock_gateway"", ""environment"": ""hackathon"", ""channel"": ""UPI""}"
TXN-90513,GW-90513,SUCCESS,3499.0,INR,2026-08-03 19:53:31,00,Transaction approved,"{""source"": ""mock_gateway"", ""environment"": ""hackathon"", ""channel"": ""NETBANKING""}"
TXN-90514,GW-90514,SUCCESS,299.0,INR,2026-08-03 20:03:23,00,Transaction approved,"{""source"": ""mock_gateway"", ""environment"": ""hackathon"", ""channel"": ""UPI""}"
TXN-90515,GW-90515,SUCCESS,2899.0,INR,2026-08-03 20:09:33,00,Transaction approved,"{""source"": ""mock_gateway"", ""environment"": ""hackathon"", ""channel"": ""NETBANKING""}"
TXN-90516,GW-90516,SUCCESS,1499.0,INR,2026-08-03 20:14:22,00,Transaction approved,"{""source"": ""mock_gateway"", ""environment"": ""hackathon"", ""channel"": ""NETBANKING""}"
TXN-90517,GW-90517,SUCCESS,6750.0,INR,2026-08-03 20:21:05,00,Transaction approved,"{""source"": ""mock_gateway"", ""environment"": ""hackathon"", ""channel"": ""NETBANKING""}"
TXN-90518,GW-90518,SUCCESS,999.0,INR,2026-08-03 20:30:23,00,Transaction approved,"{""source"": ""mock_gateway"", ""environment"": ""hackathon"", ""channel"": ""NETBANKING""}"
TXN-90519,GW-90519,SUCCESS,2499.0,INR,2026-08-03 20:35:46,00,Transaction approved,"{""source"": ""mock_gateway"", ""environment"": ""hackathon"", ""channel"": ""CARD""}"
TXN-90520,GW-90520,SUCCESS,6750.0,INR,2026-08-03 20:43:08,00,Transaction approved,"{""source"": ""mock_gateway"", ""environment"": ""hackathon"", ""channel"": ""NETBANKING""}"
TXN-90521,GW-90521,SUCCESS,299.0,INR,2026-08-03 20:52:08,00,Transaction approved,"{""source"": ""mock_gateway"", ""environment"": ""hackathon"", ""channel"": ""UPI""}"
TXN-90522,GW-90522,SUCCESS,8999.0,INR,2026-08-03 20:58:31,00,Transaction approved,"{""source"": ""mock_gateway"", ""environment"": ""hackathon"", ""channel"": ""CARD""}"
TXN-90523,GW-90523,SUCCESS,199.0,INR,2026-08-03 21:02:20,00,Transaction approved,"{""source"": ""mock_gateway"", ""environment"": ""hackathon"", ""channel"": ""UPI""}"
TXN-90524,GW-90524,SUCCESS,199.0,INR,2026-08-03 21:13:50,00,Transaction approved,"{""source"": ""mock_gateway"", ""environment"": ""hackathon"", ""channel"": ""UPI""}"
TXN-90525,GW-90525,PENDING,799.0,INR,2026-08-03 21:18:12,91,Issuer or switch temporarily unavailable,"{""source"": ""mock_gateway"", ""environment"": ""hackathon"", ""channel"": ""CARD""}"
TXN-90526,GW-90526,SUCCESS,2499.0,INR,2026-08-03 21:24:29,00,Transaction approved,"{""source"": ""mock_gateway"", ""environment"": ""hackathon"", ""channel"": ""NETBANKING""}"
TXN-90527,GW-90527,SUCCESS,499.0,INR,2026-08-03 21:30:03,00,Transaction approved,"{""source"": ""mock_gateway"", ""environment"": ""hackathon"", ""channel"": ""CARD""}"
TXN-90528,GW-90528,SUCCESS,4200.0,INR,2026-08-03 21:36:18,00,Transaction approved,"{""source"": ""mock_gateway"", ""environment"": ""hackathon"", ""channel"": ""NETBANKING""}"
TXN-90529,GW-90529,SUCCESS,8999.0,INR,2026-08-03 21:43:28,00,Transaction approved,"{""source"": ""mock_gateway"", ""environment"": ""hackathon"", ""channel"": ""CARD""}"
TXN-90530,GW-90530,SUCCESS,2499.0,INR,2026-08-03 21:55:33,00,Transaction approved,"{""source"": ""mock_gateway"", ""environment"": ""hackathon"", ""channel"": ""NETBANKING""}"
TXN-90531,GW-90531,SUCCESS,2899.0,INR,2026-08-03 22:01:54,00,Transaction approved,"{""source"": ""mock_gateway"", ""environment"": ""hackathon"", ""channel"": ""NETBANKING""}"
TXN-90532,GW-90532,SUCCESS,799.0,INR,2026-08-03 22:04:35,00,Transaction approved,"{""source"": ""mock_gateway"", ""environment"": ""hackathon"", ""channel"": ""UPI""}"
TXN-90533,GW-90533,SUCCESS,299.0,INR,2026-08-03 22:14:21,00,Transaction approved,"{""source"": ""mock_gateway"", ""environment"": ""hackathon"", ""channel"": ""CARD""}"
TXN-90534,GW-90534,SUCCESS,999.0,INR,2026-08-03 22:20:19,00,Transaction approved,"{""source"": ""mock_gateway"", ""environment"": ""hackathon"", ""channel"": ""CARD""}"
TXN-90535,GW-90535,SUCCESS,4999.0,INR,2026-08-03 22:25:55,00,Transaction approved,"{""source"": ""mock_gateway"", ""environment"": ""hackathon"", ""channel"": ""UPI""}"
TXN-90536,GW-90536,SUCCESS,6750.0,INR,2026-08-03 22:33:40,00,Transaction approved,"{""source"": ""mock_gateway"", ""environment"": ""hackathon"", ""channel"": ""NETBANKING""}"
TXN-90537,GW-90537,SUCCESS,4999.0,INR,2026-08-03 22:42:33,00,Transaction approved,"{""source"": ""mock_gateway"", ""environment"": ""hackathon"", ""channel"": ""UPI""}"
TXN-90538,GW-90538,SUCCESS,199.0,INR,2026-08-03 22:51:24,00,Transaction approved,"{""source"": ""mock_gateway"", ""environment"": ""hackathon"", ""channel"": ""CARD""}"
TXN-90539,GW-90539,SUCCESS,1250.0,INR,2026-08-03 22:53:28,00,Transaction approved,"{""source"": ""mock_gateway"", ""environment"": ""hackathon"", ""channel"": ""NETBANKING""}"
TXN-90540,GW-90540,SUCCESS,1499.0,INR,2026-08-03 23:01:39,00,Transaction approved,"{""source"": ""mock_gateway"", ""environment"": ""hackathon"", ""channel"": ""CARD""}"
TXN-90541,GW-90541,SUCCESS,1250.0,INR,2026-08-03 23:12:58,00,Transaction approved,"{""source"": ""mock_gateway"", ""environment"": ""hackathon"", ""channel"": ""CARD""}"
TXN-90542,GW-90542,SUCCESS,12500.0,INR,2026-08-03 23:18:37,00,Transaction approved,"{""source"": ""mock_gateway"", ""environment"": ""hackathon"", ""channel"": ""CARD""}"
TXN-90543,GW-90543,SUCCESS,199.0,INR,2026-08-03 23:25:23,00,Transaction approved,"{""source"": ""mock_gateway"", ""environment"": ""hackathon"", ""channel"": ""CARD""}"
TXN-90544,GW-90544,SUCCESS,6750.0,INR,2026-08-03 23:33:00,00,Transaction approved,"{""source"": ""mock_gateway"", ""environment"": ""hackathon"", ""channel"": ""NETBANKING""}"
TXN-90545,GW-90545,SUCCESS,4999.0,INR,2026-08-03 23:36:22,00,Transaction approved,"{""source"": ""mock_gateway"", ""environment"": ""hackathon"", ""channel"": ""CARD""}"
TXN-90546,GW-90546,SUCCESS,3499.0,INR,2026-08-03 23:42:36,00,Transaction approved,"{""source"": ""mock_gateway"", ""environment"": ""hackathon"", ""channel"": ""UPI""}"
TXN-90547,GW-90547,SUCCESS,4999.0,INR,2026-08-03 23:55:05,00,Transaction approved,"{""source"": ""mock_gateway"", ""environment"": ""hackathon"", ""channel"": ""NETBANKING""}"
TXN-90548,GW-90548,SUCCESS,4999.0,INR,2026-08-03 23:56:30,00,Transaction approved,"{""source"": ""mock_gateway"", ""environment"": ""hackathon"", ""channel"": ""NETBANKING""}"
TXN-90549,GW-90549,SUCCESS,6750.0,INR,2026-08-04 00:07:30,00,Transaction approved,"{""source"": ""mock_gateway"", ""environment"": ""hackathon"", ""channel"": ""CARD""}"
TXN-90550,GW-90550,SUCCESS,4999.0,INR,2026-08-04 00:14:44,00,Transaction approved,"{""source"": ""mock_gateway"", ""environment"": ""hackathon"", ""channel"": ""CARD""}"
TXN-90551,GW-90551,SUCCESS,2499.0,INR,2026-08-04 00:21:51,00,Transaction approved,"{""source"": ""mock_gateway"", ""environment"": ""hackathon"", ""channel"": ""NETBANKING""}"
TXN-90552,GW-90552,SUCCESS,1999.0,INR,2026-08-04 00:28:51,00,Transaction approved,"{""source"": ""mock_gateway"", ""environment"": ""hackathon"", ""channel"": ""UPI""}"
TXN-90553,GW-90553,SUCCESS,1999.0,INR,2026-08-04 00:35:55,00,Transaction approved,"{""source"": ""mock_gateway"", ""environment"": ""hackathon"", ""channel"": ""UPI""}"
TXN-90554,GW-90554,SUCCESS,6750.0,INR,2026-08-04 00:39:04,00,Transaction approved,"{""source"": ""mock_gateway"", ""environment"": ""hackathon"", ""channel"": ""UPI""}"
TXN-90555,GW-90555,SUCCESS,3499.0,INR,2026-08-04 00:47:32,00,Transaction approved,"{""source"": ""mock_gateway"", ""environment"": ""hackathon"", ""channel"": ""UPI""}"
TXN-90556,GW-90556,SUCCESS,1250.0,INR,2026-08-04 00:52:10,00,Transaction approved,"{""source"": ""mock_gateway"", ""environment"": ""hackathon"", ""channel"": ""NETBANKING""}"
TXN-90557,GW-90557,SUCCESS,4200.0,INR,2026-08-04 01:04:18,00,Transaction approved,"{""source"": ""mock_gateway"", ""environment"": ""hackathon"", ""channel"": ""CARD""}"
TXN-90558,GW-90558,SUCCESS,4999.0,INR,2026-08-04 01:11:54,00,Transaction approved,"{""source"": ""mock_gateway"", ""environment"": ""hackathon"", ""channel"": ""CARD""}"
TXN-90559,GW-90559,SUCCESS,1999.0,INR,2026-08-04 01:13:42,00,Transaction approved,"{""source"": ""mock_gateway"", ""environment"": ""hackathon"", ""channel"": ""UPI""}"
TXN-90560,GW-90560,SUCCESS,199.0,INR,2026-08-04 01:24:14,00,Transaction approved,"{""source"": ""mock_gateway"", ""environment"": ""hackathon"", ""channel"": ""NETBANKING""}"
TXN-90561,GW-90561,SUCCESS,1250.0,INR,2026-08-04 01:27:40,00,Transaction approved,"{""source"": ""mock_gateway"", ""environment"": ""hackathon"", ""channel"": ""UPI""}"
TXN-90562,GW-90562,SUCCESS,6750.0,INR,2026-08-04 01:37:44,00,Transaction approved,"{""source"": ""mock_gateway"", ""environment"": ""hackathon"", ""channel"": ""CARD""}"
TXN-90563,GW-90563,SUCCESS,799.0,INR,2026-08-04 01:43:21,00,Transaction approved,"{""source"": ""mock_gateway"", ""environment"": ""hackathon"", ""channel"": ""CARD""}"
TXN-90564,GW-90564,SUCCESS,2899.0,INR,2026-08-04 01:48:51,00,Transaction approved,"{""source"": ""mock_gateway"", ""environment"": ""hackathon"", ""channel"": ""CARD""}"
TXN-90565,GW-90565,SUCCESS,4200.0,INR,2026-08-04 01:56:57,00,Transaction approved,"{""source"": ""mock_gateway"", ""environment"": ""hackathon"", ""channel"": ""UPI""}"
TXN-90566,GW-90566,SUCCESS,12500.0,INR,2026-08-04 02:03:37,00,Transaction approved,"{""source"": ""mock_gateway"", ""environment"": ""hackathon"", ""channel"": ""UPI""}"
TXN-90567,GW-90567,SUCCESS,999.0,INR,2026-08-04 02:10:16,00,Transaction approved,"{""source"": ""mock_gateway"", ""environment"": ""hackathon"", ""channel"": ""NETBANKING""}"
TXN-90568,GW-90568,SUCCESS,12500.0,INR,2026-08-04 02:19:39,00,Transaction approved,"{""source"": ""mock_gateway"", ""environment"": ""hackathon"", ""channel"": ""UPI""}"
TXN-90569,GW-90569,SUCCESS,6750.0,INR,2026-08-04 02:28:04,00,Transaction approved,"{""source"": ""mock_gateway"", ""environment"": ""hackathon"", ""channel"": ""CARD""}"
TXN-90570,GW-90570,SUCCESS,1499.0,INR,2026-08-04 02:35:26,00,Transaction approved,"{""source"": ""mock_gateway"", ""environment"": ""hackathon"", ""channel"": ""NETBANKING""}"
TXN-90571,GW-90571,SUCCESS,4200.0,INR,2026-08-04 02:41:51,00,Transaction approved,"{""source"": ""mock_gateway"", ""environment"": ""hackathon"", ""channel"": ""NETBANKING""}"
TXN-90572,GW-90572,SUCCESS,799.0,INR,2026-08-04 02:48:29,00,Transaction approved,"{""source"": ""mock_gateway"", ""environment"": ""hackathon"", ""channel"": ""CARD""}"
TXN-90573,GW-90573,SUCCESS,799.0,INR,2026-08-04 02:55:59,00,Transaction approved,"{""source"": ""mock_gateway"", ""environment"": ""hackathon"", ""channel"": ""UPI""}"
TXN-90574,GW-90574,SUCCESS,4999.0,INR,2026-08-04 02:59:57,00,Transaction approved,"{""source"": ""mock_gateway"", ""environment"": ""hackathon"", ""channel"": ""CARD""}"
TXN-90575,GW-90575,SUCCESS,799.0,INR,2026-08-04 03:09:41,00,Transaction approved,"{""source"": ""mock_gateway"", ""environment"": ""hackathon"", ""channel"": ""UPI""}"
TXN-90576,GW-90576,SUCCESS,299.0,INR,2026-08-04 03:14:48,00,Transaction approved,"{""source"": ""mock_gateway"", ""environment"": ""hackathon"", ""channel"": ""NETBANKING""}"
TXN-90577,GW-90577,SUCCESS,1999.0,INR,2026-08-04 03:22:12,00,Transaction approved,"{""source"": ""mock_gateway"", ""environment"": ""hackathon"", ""channel"": ""CARD""}"
TXN-90578,GW-90578,SUCCESS,2499.0,INR,2026-08-04 03:31:32,00,Transaction approved,"{""source"": ""mock_gateway"", ""environment"": ""hackathon"", ""channel"": ""CARD""}"
TXN-90579,GW-90579,SUCCESS,2499.0,INR,2026-08-04 03:33:28,00,Transaction approved,"{""source"": ""mock_gateway"", ""environment"": ""hackathon"", ""channel"": ""CARD""}"
TXN-90580,GW-90580,SUCCESS,299.0,INR,2026-08-04 03:44:34,00,Transaction approved,"{""source"": ""mock_gateway"", ""environment"": ""hackathon"", ""channel"": ""CARD""}"
TXN-90581,GW-90581,SUCCESS,199.0,INR,2026-08-04 03:48:10,00,Transaction approved,"{""source"": ""mock_gateway"", ""environment"": ""hackathon"", ""channel"": ""UPI""}"
TXN-90582,GW-90582,SUCCESS,8999.0,INR,2026-08-04 03:58:07,00,Transaction approved,"{""source"": ""mock_gateway"", ""environment"": ""hackathon"", ""channel"": ""NETBANKING""}"
TXN-90583,GW-90583,SUCCESS,1499.0,INR,2026-08-04 04:01:38,00,Transaction approved,"{""source"": ""mock_gateway"", ""environment"": ""hackathon"", ""channel"": ""NETBANKING""}"
TXN-90584,GW-90584,SUCCESS,1599.0,INR,2026-08-04 04:12:40,00,Transaction approved,"{""source"": ""mock_gateway"", ""environment"": ""hackathon"", ""channel"": ""UPI""}"
TXN-90585,GW-90585,SUCCESS,3499.0,INR,2026-08-04 04:20:24,00,Transaction approved,"{""source"": ""mock_gateway"", ""environment"": ""hackathon"", ""channel"": ""UPI""}"
TXN-90586,GW-90586,SUCCESS,1599.0,INR,2026-08-04 04:26:23,00,Transaction approved,"{""source"": ""mock_gateway"", ""environment"": ""hackathon"", ""channel"": ""UPI""}"
TXN-90587,GW-90587,SUCCESS,6750.0,INR,2026-08-04 04:31:34,00,Transaction approved,"{""source"": ""mock_gateway"", ""environment"": ""hackathon"", ""channel"": ""UPI""}"
TXN-90588,GW-90588,SUCCESS,8999.0,INR,2026-08-04 04:38:25,00,Transaction approved,"{""source"": ""mock_gateway"", ""environment"": ""hackathon"", ""channel"": ""CARD""}"
TXN-90589,GW-90589,SUCCESS,2899.0,INR,2026-08-04 04:44:37,00,Transaction approved,"{""source"": ""mock_gateway"", ""environment"": ""hackathon"", ""channel"": ""NETBANKING""}"
TXN-90590,GW-90590,SUCCESS,6750.0,INR,2026-08-04 04:51:53,00,Transaction approved,"{""source"": ""mock_gateway"", ""environment"": ""hackathon"", ""channel"": ""NETBANKING""}"
TXN-90591,GW-90591,SUCCESS,6750.0,INR,2026-08-04 05:03:10,00,Transaction approved,"{""source"": ""mock_gateway"", ""environment"": ""hackathon"", ""channel"": ""CARD""}"
TXN-90592,GW-90592,SUCCESS,1999.0,INR,2026-08-04 05:07:42,00,Transaction approved,"{""source"": ""mock_gateway"", ""environment"": ""hackathon"", ""channel"": ""NETBANKING""}"
TXN-90593,GW-90593,SUCCESS,2899.0,INR,2026-08-04 05:16:03,00,Transaction approved,"{""source"": ""mock_gateway"", ""environment"": ""hackathon"", ""channel"": ""UPI""}"
TXN-90594,GW-90594,SUCCESS,299.0,INR,2026-08-04 05:23:17,00,Transaction approved,"{""source"": ""mock_gateway"", ""environment"": ""hackathon"", ""channel"": ""CARD""}"
TXN-90595,GW-90595,SUCCESS,8999.0,INR,2026-08-04 05:29:57,00,Transaction approved,"{""source"": ""mock_gateway"", ""environment"": ""hackathon"", ""channel"": ""NETBANKING""}"
TXN-90596,GW-90596,SUCCESS,6750.0,INR,2026-08-04 05:35:07,00,Transaction approved,"{""source"": ""mock_gateway"", ""environment"": ""hackathon"", ""channel"": ""UPI""}"
TXN-90597,GW-90597,SUCCESS,8999.0,INR,2026-08-04 05:41:02,00,Transaction approved,"{""source"": ""mock_gateway"", ""environment"": ""hackathon"", ""channel"": ""NETBANKING""}"
TXN-90598,GW-90598,SUCCESS,1250.0,INR,2026-08-04 05:47:17,00,Transaction approved,"{""source"": ""mock_gateway"", ""environment"": ""hackathon"", ""channel"": ""NETBANKING""}"
TXN-90599,GW-90599,SUCCESS,199.0,INR,2026-08-04 05:53:39,00,Transaction approved,"{""source"": ""mock_gateway"", ""environment"": ""hackathon"", ""channel"": ""UPI""}"
TXN-90600,GW-90600,SUCCESS,4200.0,INR,2026-08-04 06:00:50,00,Transaction approved,"{""source"": ""mock_gateway"", ""environment"": ""hackathon"", ""channel"": ""CARD""}"
TXN-90601,GW-90601,SUCCESS,799.0,INR,2026-08-04 06:10:38,00,Transaction approved,"{""source"": ""mock_gateway"", ""environment"": ""hackathon"", ""channel"": ""NETBANKING""}"
TXN-90602,GW-90602,SUCCESS,499.0,INR,2026-08-04 06:16:05,00,Transaction approved,"{""source"": ""mock_gateway"", ""environment"": ""hackathon"", ""channel"": ""UPI""}"
TXN-90603,GW-90603,SUCCESS,4999.0,INR,2026-08-04 06:26:50,00,Transaction approved,"{""source"": ""mock_gateway"", ""environment"": ""hackathon"", ""channel"": ""NETBANKING""}"
TXN-90604,GW-90604,SUCCESS,12500.0,INR,2026-08-04 06:29:40,00,Transaction approved,"{""source"": ""mock_gateway"", ""environment"": ""hackathon"", ""channel"": ""CARD""}"
TXN-90605,GW-90605,SUCCESS,3499.0,INR,2026-08-04 06:40:36,00,Transaction approved,"{""source"": ""mock_gateway"", ""environment"": ""hackathon"", ""channel"": ""CARD""}"
TXN-90606,GW-90606,SUCCESS,999.0,INR,2026-08-04 06:45:21,00,Transaction approved,"{""source"": ""mock_gateway"", ""environment"": ""hackathon"", ""channel"": ""NETBANKING""}"
TXN-90607,GW-90607,SUCCESS,2499.0,INR,2026-08-04 06:52:06,00,Transaction approved,"{""source"": ""mock_gateway"", ""environment"": ""hackathon"", ""channel"": ""NETBANKING""}"
TXN-90608,GW-90608,SUCCESS,8999.0,INR,2026-08-04 06:57:59,00,Transaction approved,"{""source"": ""mock_gateway"", ""environment"": ""hackathon"", ""channel"": ""NETBANKING""}"
TXN-90609,GW-90609,SUCCESS,4200.0,INR,2026-08-04 07:04:12,00,Transaction approved,"{""source"": ""mock_gateway"", ""environment"": ""hackathon"", ""channel"": ""CARD""}"
TXN-90610,GW-90610,SUCCESS,2499.0,INR,2026-08-04 07:12:07,00,Transaction approved,"{""source"": ""mock_gateway"", ""environment"": ""hackathon"", ""channel"": ""CARD""}"
TXN-90611,GW-90611,SUCCESS,8999.0,INR,2026-08-04 07:18:03,00,Transaction approved,"{""source"": ""mock_gateway"", ""environment"": ""hackathon"", ""channel"": ""UPI""}"
TXN-90612,GW-90612,SUCCESS,4200.0,INR,2026-08-04 07:29:49,00,Transaction approved,"{""source"": ""mock_gateway"", ""environment"": ""hackathon"", ""channel"": ""UPI""}"
TXN-90613,GW-90613,SUCCESS,6750.0,INR,2026-08-04 07:31:39,00,Transaction approved,"{""source"": ""mock_gateway"", ""environment"": ""hackathon"", ""channel"": ""UPI""}"
TXN-90614,GW-90614,SUCCESS,2499.0,INR,2026-08-04 07:39:53,00,Transaction approved,"{""source"": ""mock_gateway"", ""environment"": ""hackathon"", ""channel"": ""NETBANKING""}"
TXN-90615,GW-90615,SUCCESS,8999.0,INR,2026-08-04 07:50:36,00,Transaction approved,"{""source"": ""mock_gateway"", ""environment"": ""hackathon"", ""channel"": ""UPI""}"
TXN-90616,GW-90616,SUCCESS,4200.0,INR,2026-08-04 07:54:36,00,Transaction approved,"{""source"": ""mock_gateway"", ""environment"": ""hackathon"", ""channel"": ""CARD""}"
TXN-90617,GW-90617,SUCCESS,299.0,INR,2026-08-04 08:00:43,00,Transaction approved,"{""source"": ""mock_gateway"", ""environment"": ""hackathon"", ""channel"": ""UPI""}"
TXN-90618,GW-90618,SUCCESS,299.0,INR,2026-08-04 08:10:07,00,Transaction approved,"{""source"": ""mock_gateway"", ""environment"": ""hackathon"", ""channel"": ""CARD""}"
TXN-90619,GW-90619,SUCCESS,1999.0,INR,2026-08-04 08:17:33,00,Transaction approved,"{""source"": ""mock_gateway"", ""environment"": ""hackathon"", ""channel"": ""UPI""}"
TXN-90620,GW-90620,SUCCESS,2899.0,INR,2026-08-04 08:24:30,00,Transaction approved,"{""source"": ""mock_gateway"", ""environment"": ""hackathon"", ""channel"": ""UPI""}"
TXN-90621,GW-90621,SUCCESS,799.0,INR,2026-08-04 08:31:59,00,Transaction approved,"{""source"": ""mock_gateway"", ""environment"": ""hackathon"", ""channel"": ""UPI""}"
TXN-90622,GW-90622,SUCCESS,999.0,INR,2026-08-04 08:39:23,00,Transaction approved,"{""source"": ""mock_gateway"", ""environment"": ""hackathon"", ""channel"": ""UPI""}"
TXN-90623,GW-90623,SUCCESS,4999.0,INR,2026-08-04 08:46:23,00,Transaction approved,"{""source"": ""mock_gateway"", ""environment"": ""hackathon"", ""channel"": ""UPI""}"
TXN-90624,GW-90624,SUCCESS,2899.0,INR,2026-08-04 08:48:59,00,Transaction approved,"{""source"": ""mock_gateway"", ""environment"": ""hackathon"", ""channel"": ""UPI""}"
TXN-90625,GW-90625,PENDING,1999.0,INR,2026-08-04 08:57:25,91,Issuer or switch temporarily unavailable,"{""source"": ""mock_gateway"", ""environment"": ""hackathon"", ""channel"": ""CARD""}"
TXN-90626,GW-90626,SUCCESS,499.0,INR,2026-08-04 09:03:26,00,Transaction approved,"{""source"": ""mock_gateway"", ""environment"": ""hackathon"", ""channel"": ""UPI""}"
TXN-90627,GW-90627,SUCCESS,999.0,INR,2026-08-04 09:12:44,00,Transaction approved,"{""source"": ""mock_gateway"", ""environment"": ""hackathon"", ""channel"": ""NETBANKING""}"
TXN-90628,GW-90628,SUCCESS,12500.0,INR,2026-08-04 09:19:31,00,Transaction approved,"{""source"": ""mock_gateway"", ""environment"": ""hackathon"", ""channel"": ""CARD""}"
TXN-90629,GW-90629,SUCCESS,1250.0,INR,2026-08-04 09:27:44,00,Transaction approved,"{""source"": ""mock_gateway"", ""environment"": ""hackathon"", ""channel"": ""NETBANKING""}"
TXN-90630,GW-90630,SUCCESS,12500.0,INR,2026-08-04 09:31:59,00,Transaction approved,"{""source"": ""mock_gateway"", ""environment"": ""hackathon"", ""channel"": ""UPI""}"
TXN-90631,GW-90631,SUCCESS,1250.0,INR,2026-08-04 09:43:15,00,Transaction approved,"{""source"": ""mock_gateway"", ""environment"": ""hackathon"", ""channel"": ""NETBANKING""}"
TXN-90632,GW-90632,SUCCESS,3499.0,INR,2026-08-04 09:49:22,00,Transaction approved,"{""source"": ""mock_gateway"", ""environment"": ""hackathon"", ""channel"": ""UPI""}"
TXN-90633,GW-90633,SUCCESS,2499.0,INR,2026-08-04 09:52:35,00,Transaction approved,"{""source"": ""mock_gateway"", ""environment"": ""hackathon"", ""channel"": ""UPI""}"
TXN-90634,GW-90634,SUCCESS,199.0,INR,2026-08-04 10:03:13,00,Transaction approved,"{""source"": ""mock_gateway"", ""environment"": ""hackathon"", ""channel"": ""CARD""}"
TXN-90635,GW-90635,SUCCESS,499.0,INR,2026-08-04 10:10:59,00,Transaction approved,"{""source"": ""mock_gateway"", ""environment"": ""hackathon"", ""channel"": ""CARD""}"
TXN-90636,GW-90636,SUCCESS,8999.0,INR,2026-08-04 10:16:33,00,Transaction approved,"{""source"": ""mock_gateway"", ""environment"": ""hackathon"", ""channel"": ""UPI""}"
TXN-90637,GW-90637,SUCCESS,2499.0,INR,2026-08-04 10:19:25,00,Transaction approved,"{""source"": ""mock_gateway"", ""environment"": ""hackathon"", ""channel"": ""CARD""}"
TXN-90638,GW-90638,SUCCESS,2499.0,INR,2026-08-04 10:31:52,00,Transaction approved,"{""source"": ""mock_gateway"", ""environment"": ""hackathon"", ""channel"": ""UPI""}"
TXN-90639,GW-90639,SUCCESS,1250.0,INR,2026-08-04 10:36:01,00,Transaction approved,"{""source"": ""mock_gateway"", ""environment"": ""hackathon"", ""channel"": ""NETBANKING""}"
TXN-90640,GW-90640,SUCCESS,12500.0,INR,2026-08-04 10:43:38,00,Transaction approved,"{""source"": ""mock_gateway"", ""environment"": ""hackathon"", ""channel"": ""CARD""}"
TXN-90641,GW-90641,SUCCESS,199.0,INR,2026-08-04 10:48:28,00,Transaction approved,"{""source"": ""mock_gateway"", ""environment"": ""hackathon"", ""channel"": ""CARD""}"
TXN-90642,GW-90642,SUCCESS,4200.0,INR,2026-08-04 10:59:40,00,Transaction approved,"{""source"": ""mock_gateway"", ""environment"": ""hackathon"", ""channel"": ""CARD""}"
TXN-90643,GW-90643,SUCCESS,1499.0,INR,2026-08-04 11:05:15,00,Transaction approved,"{""source"": ""mock_gateway"", ""environment"": ""hackathon"", ""channel"": ""UPI""}"
TXN-90644,GW-90644,SUCCESS,299.0,INR,2026-08-04 11:13:39,00,Transaction approved,"{""source"": ""mock_gateway"", ""environment"": ""hackathon"", ""channel"": ""NETBANKING""}"
TXN-90645,GW-90645,SUCCESS,4200.0,INR,2026-08-04 11:15:24,00,Transaction approved,"{""source"": ""mock_gateway"", ""environment"": ""hackathon"", ""channel"": ""CARD""}"
TXN-90646,GW-90646,SUCCESS,3499.0,INR,2026-08-04 11:22:56,00,Transaction approved,"{""source"": ""mock_gateway"", ""environment"": ""hackathon"", ""channel"": ""NETBANKING""}"
TXN-90647,GW-90647,SUCCESS,2499.0,INR,2026-08-04 11:34:34,00,Transaction approved,"{""source"": ""mock_gateway"", ""environment"": ""hackathon"", ""channel"": ""CARD""}"
TXN-90648,GW-90648,SUCCESS,2899.0,INR,2026-08-04 11:41:45,00,Transaction approved,"{""source"": ""mock_gateway"", ""environment"": ""hackathon"", ""channel"": ""NETBANKING""}"
TXN-90649,GW-90649,SUCCESS,8999.0,INR,2026-08-04 11:46:03,00,Transaction approved,"{""source"": ""mock_gateway"", ""environment"": ""hackathon"", ""channel"": ""CARD""}"
TXN-90650,GW-90650,SUCCESS,6750.0,INR,2026-08-04 11:54:36,00,Transaction approved,"{""source"": ""mock_gateway"", ""environment"": ""hackathon"", ""channel"": ""UPI""}"
TXN-90651,GW-90651,SUCCESS,12500.0,INR,2026-08-04 12:01:30,00,Transaction approved,"{""source"": ""mock_gateway"", ""environment"": ""hackathon"", ""channel"": ""CARD""}"
TXN-90652,GW-90652,SUCCESS,1999.0,INR,2026-08-04 12:08:54,00,Transaction approved,"{""source"": ""mock_gateway"", ""environment"": ""hackathon"", ""channel"": ""NETBANKING""}"
TXN-90653,GW-90653,SUCCESS,999.0,INR,2026-08-04 12:14:42,00,Transaction approved,"{""source"": ""mock_gateway"", ""environment"": ""hackathon"", ""channel"": ""CARD""}"
TXN-90654,GW-90654,SUCCESS,1599.0,INR,2026-08-04 12:22:36,00,Transaction approved,"{""source"": ""mock_gateway"", ""environment"": ""hackathon"", ""channel"": ""CARD""}"
TXN-90655,GW-90655,SUCCESS,299.0,INR,2026-08-04 12:26:49,00,Transaction approved,"{""source"": ""mock_gateway"", ""environment"": ""hackathon"", ""channel"": ""UPI""}"
TXN-90656,GW-90656,SUCCESS,2899.0,INR,2026-08-04 12:37:46,00,Transaction approved,"{""source"": ""mock_gateway"", ""environment"": ""hackathon"", ""channel"": ""UPI""}"
TXN-90657,GW-90657,SUCCESS,2499.0,INR,2026-08-04 12:42:56,00,Transaction approved,"{""source"": ""mock_gateway"", ""environment"": ""hackathon"", ""channel"": ""CARD""}"
TXN-90658,GW-90658,SUCCESS,1250.0,INR,2026-08-04 12:49:49,00,Transaction approved,"{""source"": ""mock_gateway"", ""environment"": ""hackathon"", ""channel"": ""CARD""}"
TXN-90659,GW-90659,SUCCESS,199.0,INR,2026-08-04 12:58:21,00,Transaction approved,"{""source"": ""mock_gateway"", ""environment"": ""hackathon"", ""channel"": ""NETBANKING""}"
TXN-90660,GW-90660,SUCCESS,1599.0,INR,2026-08-04 13:04:14,00,Transaction approved,"{""source"": ""mock_gateway"", ""environment"": ""hackathon"", ""channel"": ""NETBANKING""}"
TXN-90661,GW-90661,SUCCESS,6750.0,INR,2026-08-04 13:09:17,00,Transaction approved,"{""source"": ""mock_gateway"", ""environment"": ""hackathon"", ""channel"": ""CARD""}"
TXN-90662,GW-90662,SUCCESS,1999.0,INR,2026-08-04 13:15:22,00,Transaction approved,"{""source"": ""mock_gateway"", ""environment"": ""hackathon"", ""channel"": ""CARD""}"
TXN-90663,GW-90663,SUCCESS,799.0,INR,2026-08-04 13:22:21,00,Transaction approved,"{""source"": ""mock_gateway"", ""environment"": ""hackathon"", ""channel"": ""CARD""}"
TXN-90664,GW-90664,SUCCESS,1999.0,INR,2026-08-04 13:30:10,00,Transaction approved,"{""source"": ""mock_gateway"", ""environment"": ""hackathon"", ""channel"": ""UPI""}"
TXN-90665,GW-90665,SUCCESS,1599.0,INR,2026-08-04 13:36:31,00,Transaction approved,"{""source"": ""mock_gateway"", ""environment"": ""hackathon"", ""channel"": ""CARD""}"
TXN-90666,GW-90666,SUCCESS,299.0,INR,2026-08-04 13:45:13,00,Transaction approved,"{""source"": ""mock_gateway"", ""environment"": ""hackathon"", ""channel"": ""NETBANKING""}"
TXN-90667,GW-90667,SUCCESS,1250.0,INR,2026-08-04 13:50:51,00,Transaction approved,"{""source"": ""mock_gateway"", ""environment"": ""hackathon"", ""channel"": ""CARD""}"
TXN-90668,GW-90668,SUCCESS,4999.0,INR,2026-08-04 13:58:58,00,Transaction approved,"{""source"": ""mock_gateway"", ""environment"": ""hackathon"", ""channel"": ""UPI""}"
TXN-90669,GW-90669,SUCCESS,199.0,INR,2026-08-04 14:06:47,00,Transaction approved,"{""source"": ""mock_gateway"", ""environment"": ""hackathon"", ""channel"": ""UPI""}"
TXN-90670,GW-90670,SUCCESS,2499.0,INR,2026-08-04 14:14:27,00,Transaction approved,"{""source"": ""mock_gateway"", ""environment"": ""hackathon"", ""channel"": ""UPI""}"
TXN-90671,GW-90671,SUCCESS,12500.0,INR,2026-08-04 14:17:37,00,Transaction approved,"{""source"": ""mock_gateway"", ""environment"": ""hackathon"", ""channel"": ""CARD""}"
TXN-90672,GW-90672,SUCCESS,499.0,INR,2026-08-04 14:30:06,00,Transaction approved,"{""source"": ""mock_gateway"", ""environment"": ""hackathon"", ""channel"": ""NETBANKING""}"
TXN-90673,GW-90673,SUCCESS,1499.0,INR,2026-08-04 14:36:42,00,Transaction approved,"{""source"": ""mock_gateway"", ""environment"": ""hackathon"", ""channel"": ""CARD""}"
TXN-90674,GW-90674,SUCCESS,1999.0,INR,2026-08-04 14:43:45,00,Transaction approved,"{""source"": ""mock_gateway"", ""environment"": ""hackathon"", ""channel"": ""CARD""}"
TXN-90675,GW-90675,SUCCESS,1250.0,INR,2026-08-04 14:46:29,00,Transaction approved,"{""source"": ""mock_gateway"", ""environment"": ""hackathon"", ""channel"": ""CARD""}"
TXN-90676,GW-90676,SUCCESS,2499.0,INR,2026-08-04 14:53:46,00,Transaction approved,"{""source"": ""mock_gateway"", ""environment"": ""hackathon"", ""channel"": ""NETBANKING""}"
TXN-90677,GW-90677,SUCCESS,6750.0,INR,2026-08-04 15:04:33,00,Transaction approved,"{""source"": ""mock_gateway"", ""environment"": ""hackathon"", ""channel"": ""NETBANKING""}"
TXN-90678,GW-90678,SUCCESS,1499.0,INR,2026-08-04 15:07:33,00,Transaction approved,"{""source"": ""mock_gateway"", ""environment"": ""hackathon"", ""channel"": ""CARD""}"
TXN-90679,GW-90679,SUCCESS,2499.0,INR,2026-08-04 15:17:47,00,Transaction approved,"{""source"": ""mock_gateway"", ""environment"": ""hackathon"", ""channel"": ""CARD""}"
TXN-90680,GW-90680,SUCCESS,999.0,INR,2026-08-04 15:25:16,00,Transaction approved,"{""source"": ""mock_gateway"", ""environment"": ""hackathon"", ""channel"": ""CARD""}"
TXN-90681,GW-90681,SUCCESS,199.0,INR,2026-08-04 15:30:54,00,Transaction approved,"{""source"": ""mock_gateway"", ""environment"": ""hackathon"", ""channel"": ""NETBANKING""}"
TXN-90682,GW-90682,SUCCESS,499.0,INR,2026-08-04 15:37:55,00,Transaction approved,"{""source"": ""mock_gateway"", ""environment"": ""hackathon"", ""channel"": ""UPI""}"
TXN-90683,GW-90683,SUCCESS,3499.0,INR,2026-08-04 15:43:02,00,Transaction approved,"{""source"": ""mock_gateway"", ""environment"": ""hackathon"", ""channel"": ""UPI""}"
TXN-90684,GW-90684,SUCCESS,299.0,INR,2026-08-04 15:54:05,00,Transaction approved,"{""source"": ""mock_gateway"", ""environment"": ""hackathon"", ""channel"": ""UPI""}"
TXN-90685,GW-90685,SUCCESS,499.0,INR,2026-08-04 16:00:44,00,Transaction approved,"{""source"": ""mock_gateway"", ""environment"": ""hackathon"", ""channel"": ""CARD""}"
TXN-90686,GW-90686,SUCCESS,299.0,INR,2026-08-04 16:02:38,00,Transaction approved,"{""source"": ""mock_gateway"", ""environment"": ""hackathon"", ""channel"": ""NETBANKING""}"
TXN-90687,GW-90687,PENDING,999.0,INR,2026-08-04 16:10:35,91,Issuer or switch temporarily unavailable,"{""source"": ""mock_gateway"", ""environment"": ""hackathon"", ""channel"": ""UPI""}"
TXN-90688,GW-90688,SUCCESS,12500.0,INR,2026-08-04 16:19:43,00,Transaction approved,"{""source"": ""mock_gateway"", ""environment"": ""hackathon"", ""channel"": ""NETBANKING""}"
TXN-90689,GW-90689,SUCCESS,6750.0,INR,2026-08-04 16:23:23,00,Transaction approved,"{""source"": ""mock_gateway"", ""environment"": ""hackathon"", ""channel"": ""UPI""}"
TXN-90690,GW-90690,SUCCESS,4999.0,INR,2026-08-04 16:34:33,00,Transaction approved,"{""source"": ""mock_gateway"", ""environment"": ""hackathon"", ""channel"": ""UPI""}"
TXN-90691,GW-90691,SUCCESS,199.0,INR,2026-08-04 16:37:18,00,Transaction approved,"{""source"": ""mock_gateway"", ""environment"": ""hackathon"", ""channel"": ""NETBANKING""}"
TXN-90692,GW-90692,SUCCESS,6750.0,INR,2026-08-04 16:50:03,00,Transaction approved,"{""source"": ""mock_gateway"", ""environment"": ""hackathon"", ""channel"": ""UPI""}"
TXN-90693,GW-90693,SUCCESS,999.0,INR,2026-08-04 16:55:38,00,Transaction approved,"{""source"": ""mock_gateway"", ""environment"": ""hackathon"", ""channel"": ""UPI""}"
TXN-90694,GW-90694,SUCCESS,2899.0,INR,2026-08-04 17:03:54,00,Transaction approved,"{""source"": ""mock_gateway"", ""environment"": ""hackathon"", ""channel"": ""CARD""}"
TXN-90695,GW-90695,SUCCESS,499.0,INR,2026-08-04 17:07:25,00,Transaction approved,"{""source"": ""mock_gateway"", ""environment"": ""hackathon"", ""channel"": ""UPI""}"
TXN-90696,GW-90696,SUCCESS,499.0,INR,2026-08-04 17:16:09,00,Transaction approved,"{""source"": ""mock_gateway"", ""environment"": ""hackathon"", ""channel"": ""CARD""}"
TXN-90697,GW-90697,SUCCESS,2899.0,INR,2026-08-04 17:22:58,00,Transaction approved,"{""source"": ""mock_gateway"", ""environment"": ""hackathon"", ""channel"": ""CARD""}"
TXN-90698,GW-90698,SUCCESS,8999.0,INR,2026-08-04 17:30:12,00,Transaction approved,"{""source"": ""mock_gateway"", ""environment"": ""hackathon"", ""channel"": ""UPI""}"
TXN-90699,GW-90699,SUCCESS,1499.0,INR,2026-08-04 17:35:16,00,Transaction approved,"{""source"": ""mock_gateway"", ""environment"": ""hackathon"", ""channel"": ""NETBANKING""}"
TXN-90700,GW-90700,SUCCESS,2899.0,INR,2026-08-04 17:40:39,00,Transaction approved,"{""source"": ""mock_gateway"", ""environment"": ""hackathon"", ""channel"": ""NETBANKING""}"
TXN-90701,GW-90701,SUCCESS,1599.0,INR,2026-08-04 17:50:51,00,Transaction approved,"{""source"": ""mock_gateway"", ""environment"": ""hackathon"", ""channel"": ""UPI""}"
TXN-90702,GW-90702,SUCCESS,8999.0,INR,2026-08-04 17:55:09,00,Transaction approved,"{""source"": ""mock_gateway"", ""environment"": ""hackathon"", ""channel"": ""CARD""}"
TXN-90703,GW-90703,SUCCESS,1499.0,INR,2026-08-04 18:06:37,00,Transaction approved,"{""source"": ""mock_gateway"", ""environment"": ""hackathon"", ""channel"": ""UPI""}"
TXN-90704,GW-90704,SUCCESS,2899.0,INR,2026-08-04 18:10:29,00,Transaction approved,"{""source"": ""mock_gateway"", ""environment"": ""hackathon"", ""channel"": ""NETBANKING""}"
TXN-90705,GW-90705,SUCCESS,3499.0,INR,2026-08-04 18:15:47,00,Transaction approved,"{""source"": ""mock_gateway"", ""environment"": ""hackathon"", ""channel"": ""CARD""}"
TXN-90706,GW-90706,SUCCESS,8999.0,INR,2026-08-04 18:23:29,00,Transaction approved,"{""source"": ""mock_gateway"", ""environment"": ""hackathon"", ""channel"": ""NETBANKING""}"
TXN-90707,GW-90707,SUCCESS,799.0,INR,2026-08-04 18:33:10,00,Transaction approved,"{""source"": ""mock_gateway"", ""environment"": ""hackathon"", ""channel"": ""NETBANKING""}"
TXN-90708,GW-90708,SUCCESS,8999.0,INR,2026-08-04 18:37:10,00,Transaction approved,"{""source"": ""mock_gateway"", ""environment"": ""hackathon"", ""channel"": ""CARD""}"
TXN-90709,GW-90709,SUCCESS,6750.0,INR,2026-08-04 18:45:10,00,Transaction approved,"{""source"": ""mock_gateway"", ""environment"": ""hackathon"", ""channel"": ""NETBANKING""}"
TXN-90710,GW-90710,SUCCESS,1599.0,INR,2026-08-04 18:54:48,00,Transaction approved,"{""source"": ""mock_gateway"", ""environment"": ""hackathon"", ""channel"": ""CARD""}"
TXN-90711,GW-90711,SUCCESS,2499.0,INR,2026-08-04 19:00:12,00,Transaction approved,"{""source"": ""mock_gateway"", ""environment"": ""hackathon"", ""channel"": ""CARD""}"
TXN-90712,GW-90712,SUCCESS,1250.0,INR,2026-08-04 19:07:18,00,Transaction approved,"{""source"": ""mock_gateway"", ""environment"": ""hackathon"", ""channel"": ""UPI""}"
TXN-90713,GW-90713,SUCCESS,2899.0,INR,2026-08-04 19:12:04,00,Transaction approved,"{""source"": ""mock_gateway"", ""environment"": ""hackathon"", ""channel"": ""UPI""}"
TXN-90714,GW-90714,SUCCESS,12500.0,INR,2026-08-04 19:22:20,00,Transaction approved,"{""source"": ""mock_gateway"", ""environment"": ""hackathon"", ""channel"": ""CARD""}"
TXN-90715,GW-90715,SUCCESS,4200.0,INR,2026-08-04 19:25:39,00,Transaction approved,"{""source"": ""mock_gateway"", ""environment"": ""hackathon"", ""channel"": ""CARD""}"
TXN-90716,GW-90716,SUCCESS,4999.0,INR,2026-08-04 19:35:42,00,Transaction approved,"{""source"": ""mock_gateway"", ""environment"": ""hackathon"", ""channel"": ""UPI""}"
TXN-90717,GW-90717,SUCCESS,4999.0,INR,2026-08-04 19:44:48,00,Transaction approved,"{""source"": ""mock_gateway"", ""environment"": ""hackathon"", ""channel"": ""CARD""}"
TXN-90718,GW-90718,SUCCESS,12500.0,INR,2026-08-04 19:48:36,00,Transaction approved,"{""source"": ""mock_gateway"", ""environment"": ""hackathon"", ""channel"": ""NETBANKING""}"
TXN-90719,GW-90719,SUCCESS,8999.0,INR,2026-08-04 19:53:56,00,Transaction approved,"{""source"": ""mock_gateway"", ""environment"": ""hackathon"", ""channel"": ""CARD""}"
TXN-90720,GW-90720,SUCCESS,2899.0,INR,2026-08-04 20:02:15,00,Transaction approved,"{""source"": ""mock_gateway"", ""environment"": ""hackathon"", ""channel"": ""UPI""}"
TXN-90721,GW-90721,SUCCESS,2899.0,INR,2026-08-04 20:11:51,00,Transaction approved,"{""source"": ""mock_gateway"", ""environment"": ""hackathon"", ""channel"": ""NETBANKING""}"
TXN-90722,GW-90722,SUCCESS,3499.0,INR,2026-08-04 20:17:20,00,Transaction approved,"{""source"": ""mock_gateway"", ""environment"": ""hackathon"", ""channel"": ""UPI""}"
TXN-90723,GW-90723,SUCCESS,1599.0,INR,2026-08-04 20:26:28,00,Transaction approved,"{""source"": ""mock_gateway"", ""environment"": ""hackathon"", ""channel"": ""UPI""}"
TXN-90724,GW-90724,SUCCESS,999.0,INR,2026-08-04 20:30:34,00,Transaction approved,"{""source"": ""mock_gateway"", ""environment"": ""hackathon"", ""channel"": ""UPI""}"
TXN-90725,GW-90725,SUCCESS,6750.0,INR,2026-08-04 20:40:51,00,Transaction approved,"{""source"": ""mock_gateway"", ""environment"": ""hackathon"", ""channel"": ""CARD""}"
TXN-90726,GW-90726,SUCCESS,199.0,INR,2026-08-04 20:45:15,00,Transaction approved,"{""source"": ""mock_gateway"", ""environment"": ""hackathon"", ""channel"": ""UPI""}"
TXN-90727,GW-90727,SUCCESS,1250.0,INR,2026-08-04 20:49:33,00,Transaction approved,"{""source"": ""mock_gateway"", ""environment"": ""hackathon"", ""channel"": ""NETBANKING""}"
TXN-90728,GW-90728,SUCCESS,2499.0,INR,2026-08-04 20:56:46,00,Transaction approved,"{""source"": ""mock_gateway"", ""environment"": ""hackathon"", ""channel"": ""NETBANKING""}"
TXN-90729,GW-90729,SUCCESS,12500.0,INR,2026-08-04 21:06:23,00,Transaction approved,"{""source"": ""mock_gateway"", ""environment"": ""hackathon"", ""channel"": ""UPI""}"
TXN-90730,GW-90730,SUCCESS,799.0,INR,2026-08-04 21:10:32,00,Transaction approved,"{""source"": ""mock_gateway"", ""environment"": ""hackathon"", ""channel"": ""CARD""}"
TXN-90731,GW-90731,SUCCESS,4999.0,INR,2026-08-04 21:19:25,00,Transaction approved,"{""source"": ""mock_gateway"", ""environment"": ""hackathon"", ""channel"": ""NETBANKING""}"
TXN-90732,GW-90732,SUCCESS,199.0,INR,2026-08-04 21:26:02,00,Transaction approved,"{""source"": ""mock_gateway"", ""environment"": ""hackathon"", ""channel"": ""UPI""}"
TXN-90733,GW-90733,SUCCESS,1499.0,INR,2026-08-04 21:33:33,00,Transaction approved,"{""source"": ""mock_gateway"", ""environment"": ""hackathon"", ""channel"": ""NETBANKING""}"
TXN-90734,GW-90734,SUCCESS,999.0,INR,2026-08-04 21:39:32,00,Transaction approved,"{""source"": ""mock_gateway"", ""environment"": ""hackathon"", ""channel"": ""NETBANKING""}"
TXN-90735,GW-90735,SUCCESS,1999.0,INR,2026-08-04 21:45:20,00,Transaction approved,"{""source"": ""mock_gateway"", ""environment"": ""hackathon"", ""channel"": ""NETBANKING""}"
TXN-90736,GW-90736,SUCCESS,1999.0,INR,2026-08-04 21:55:20,00,Transaction approved,"{""source"": ""mock_gateway"", ""environment"": ""hackathon"", ""channel"": ""UPI""}"
TXN-90737,GW-90737,SUCCESS,799.0,INR,2026-08-04 22:02:03,00,Transaction approved,"{""source"": ""mock_gateway"", ""environment"": ""hackathon"", ""channel"": ""CARD""}"
TXN-90738,GW-90738,SUCCESS,199.0,INR,2026-08-04 22:07:30,00,Transaction approved,"{""source"": ""mock_gateway"", ""environment"": ""hackathon"", ""channel"": ""UPI""}"
TXN-90739,GW-90739,SUCCESS,1499.0,INR,2026-08-04 22:16:32,00,Transaction approved,"{""source"": ""mock_gateway"", ""environment"": ""hackathon"", ""channel"": ""NETBANKING""}"
TXN-90740,GW-90740,SUCCESS,1599.0,INR,2026-08-04 22:20:35,00,Transaction approved,"{""source"": ""mock_gateway"", ""environment"": ""hackathon"", ""channel"": ""UPI""}"
TXN-90741,GW-90741,SUCCESS,799.0,INR,2026-08-04 22:29:53,00,Transaction approved,"{""source"": ""mock_gateway"", ""environment"": ""hackathon"", ""channel"": ""UPI""}"
TXN-90742,GW-90742,SUCCESS,199.0,INR,2026-08-04 22:38:39,00,Transaction approved,"{""source"": ""mock_gateway"", ""environment"": ""hackathon"", ""channel"": ""CARD""}"
TXN-90743,GW-90743,SUCCESS,1599.0,INR,2026-08-04 22:45:48,00,Transaction approved,"{""source"": ""mock_gateway"", ""environment"": ""hackathon"", ""channel"": ""UPI""}"
TXN-90744,GW-90744,SUCCESS,12500.0,INR,2026-08-04 22:53:17,00,Transaction approved,"{""source"": ""mock_gateway"", ""environment"": ""hackathon"", ""channel"": ""CARD""}"
TXN-90745,GW-90745,SUCCESS,6750.0,INR,2026-08-04 22:59:10,00,Transaction approved,"{""source"": ""mock_gateway"", ""environment"": ""hackathon"", ""channel"": ""NETBANKING""}"
TXN-90746,GW-90746,SUCCESS,6750.0,INR,2026-08-04 23:05:11,00,Transaction approved,"{""source"": ""mock_gateway"", ""environment"": ""hackathon"", ""channel"": ""NETBANKING""}"
TXN-90747,GW-90747,SUCCESS,799.0,INR,2026-08-04 23:09:17,00,Transaction approved,"{""source"": ""mock_gateway"", ""environment"": ""hackathon"", ""channel"": ""NETBANKING""}"
TXN-90748,GW-90748,SUCCESS,499.0,INR,2026-08-04 23:18:29,00,Transaction approved,"{""source"": ""mock_gateway"", ""environment"": ""hackathon"", ""channel"": ""UPI""}"
TXN-90749,GW-90749,SUCCESS,4999.0,INR,2026-08-04 23:24:30,00,Transaction approved,"{""source"": ""mock_gateway"", ""environment"": ""hackathon"", ""channel"": ""NETBANKING""}"
TXN-90750,GW-90750,SUCCESS,12500.0,INR,2026-08-04 23:34:00,00,Transaction approved,"{""source"": ""mock_gateway"", ""environment"": ""hackathon"", ""channel"": ""CARD""}"
TXN-90751,GW-90751,SUCCESS,4200.0,INR,2026-08-04 23:37:17,00,Transaction approved,"{""source"": ""mock_gateway"", ""environment"": ""hackathon"", ""channel"": ""CARD""}"
TXN-90752,GW-90752,SUCCESS,4200.0,INR,2026-08-04 23:49:35,00,Transaction approved,"{""source"": ""mock_gateway"", ""environment"": ""hackathon"", ""channel"": ""NETBANKING""}"
TXN-90753,GW-90753,SUCCESS,999.0,INR,2026-08-04 23:52:40,00,Transaction approved,"{""source"": ""mock_gateway"", ""environment"": ""hackathon"", ""channel"": ""NETBANKING""}"
TXN-90754,GW-90754,SUCCESS,799.0,INR,2026-08-04 23:59:04,00,Transaction approved,"{""source"": ""mock_gateway"", ""environment"": ""hackathon"", ""channel"": ""NETBANKING""}"
TXN-90755,GW-90755,SUCCESS,799.0,INR,2026-08-05 00:05:30,00,Transaction approved,"{""source"": ""mock_gateway"", ""environment"": ""hackathon"", ""channel"": ""CARD""}"
TXN-90756,GW-90756,SUCCESS,4200.0,INR,2026-08-05 00:17:05,00,Transaction approved,"{""source"": ""mock_gateway"", ""environment"": ""hackathon"", ""channel"": ""CARD""}"
TXN-90757,GW-90757,SUCCESS,4999.0,INR,2026-08-05 00:19:57,00,Transaction approved,"{""source"": ""mock_gateway"", ""environment"": ""hackathon"", ""channel"": ""NETBANKING""}"
TXN-90758,GW-90758,SUCCESS,4999.0,INR,2026-08-05 00:26:45,00,Transaction approved,"{""source"": ""mock_gateway"", ""environment"": ""hackathon"", ""channel"": ""CARD""}"
TXN-90759,GW-90759,SUCCESS,1499.0,INR,2026-08-05 00:33:59,00,Transaction approved,"{""source"": ""mock_gateway"", ""environment"": ""hackathon"", ""channel"": ""UPI""}"
TXN-90760,GW-90760,SUCCESS,3499.0,INR,2026-08-05 00:42:47,00,Transaction approved,"{""source"": ""mock_gateway"", ""environment"": ""hackathon"", ""channel"": ""UPI""}"
TXN-90761,GW-90761,SUCCESS,499.0,INR,2026-08-05 00:52:43,00,Transaction approved,"{""source"": ""mock_gateway"", ""environment"": ""hackathon"", ""channel"": ""UPI""}"
TXN-90762,GW-90762,SUCCESS,1599.0,INR,2026-08-05 00:59:27,00,Transaction approved,"{""source"": ""mock_gateway"", ""environment"": ""hackathon"", ""channel"": ""UPI""}"
TXN-90763,GW-90763,SUCCESS,1599.0,INR,2026-08-05 01:04:25,00,Transaction approved,"{""source"": ""mock_gateway"", ""environment"": ""hackathon"", ""channel"": ""CARD""}"
TXN-90764,GW-90764,SUCCESS,12500.0,INR,2026-08-05 01:08:57,00,Transaction approved,"{""source"": ""mock_gateway"", ""environment"": ""hackathon"", ""channel"": ""CARD""}"
TXN-90765,GW-90765,SUCCESS,12500.0,INR,2026-08-05 01:18:48,00,Transaction approved,"{""source"": ""mock_gateway"", ""environment"": ""hackathon"", ""channel"": ""CARD""}"
TXN-90766,GW-90766,SUCCESS,3499.0,INR,2026-08-05 01:25:23,00,Transaction approved,"{""source"": ""mock_gateway"", ""environment"": ""hackathon"", ""channel"": ""UPI""}"
TXN-90767,GW-90767,SUCCESS,999.0,INR,2026-08-05 01:34:07,00,Transaction approved,"{""source"": ""mock_gateway"", ""environment"": ""hackathon"", ""channel"": ""NETBANKING""}"
TXN-90768,GW-90768,SUCCESS,1999.0,INR,2026-08-05 01:41:16,00,Transaction approved,"{""source"": ""mock_gateway"", ""environment"": ""hackathon"", ""channel"": ""CARD""}"
TXN-90769,GW-90769,SUCCESS,999.0,INR,2026-08-05 01:49:12,00,Transaction approved,"{""source"": ""mock_gateway"", ""environment"": ""hackathon"", ""channel"": ""CARD""}"
TXN-90770,GW-90770,SUCCESS,2899.0,INR,2026-08-05 01:55:37,00,Transaction approved,"{""source"": ""mock_gateway"", ""environment"": ""hackathon"", ""channel"": ""UPI""}"
TXN-90771,GW-90771,SUCCESS,499.0,INR,2026-08-05 01:57:35,00,Transaction approved,"{""source"": ""mock_gateway"", ""environment"": ""hackathon"", ""channel"": ""CARD""}"
TXN-90772,GW-90772,SUCCESS,499.0,INR,2026-08-05 02:09:05,00,Transaction approved,"{""source"": ""mock_gateway"", ""environment"": ""hackathon"", ""channel"": ""CARD""}"
TXN-90773,GW-90773,SUCCESS,6750.0,INR,2026-08-05 02:15:50,00,Transaction approved,"{""source"": ""mock_gateway"", ""environment"": ""hackathon"", ""channel"": ""UPI""}"
TXN-90774,GW-90774,SUCCESS,999.0,INR,2026-08-05 02:19:36,00,Transaction approved,"{""source"": ""mock_gateway"", ""environment"": ""hackathon"", ""channel"": ""NETBANKING""}"
TXN-90775,GW-90775,SUCCESS,199.0,INR,2026-08-05 02:29:30,00,Transaction approved,"{""source"": ""mock_gateway"", ""environment"": ""hackathon"", ""channel"": ""UPI""}"
TXN-90776,GW-90776,SUCCESS,1599.0,INR,2026-08-05 02:34:39,00,Transaction approved,"{""source"": ""mock_gateway"", ""environment"": ""hackathon"", ""channel"": ""CARD""}"
TXN-90777,GW-90777,SUCCESS,799.0,INR,2026-08-05 02:42:59,00,Transaction approved,"{""source"": ""mock_gateway"", ""environment"": ""hackathon"", ""channel"": ""UPI""}"
TXN-90778,GW-90778,SUCCESS,1499.0,INR,2026-08-05 02:48:49,00,Transaction approved,"{""source"": ""mock_gateway"", ""environment"": ""hackathon"", ""channel"": ""CARD""}"
TXN-90779,GW-90779,SUCCESS,3499.0,INR,2026-08-05 02:57:33,00,Transaction approved,"{""source"": ""mock_gateway"", ""environment"": ""hackathon"", ""channel"": ""CARD""}"
TXN-90780,GW-90780,SUCCESS,2899.0,INR,2026-08-05 03:01:42,00,Transaction approved,"{""source"": ""mock_gateway"", ""environment"": ""hackathon"", ""channel"": ""UPI""}"
TXN-90781,GW-90781,SUCCESS,2899.0,INR,2026-08-05 03:07:10,00,Transaction approved,"{""source"": ""mock_gateway"", ""environment"": ""hackathon"", ""channel"": ""CARD""}"
TXN-90782,GW-90782,SUCCESS,1250.0,INR,2026-08-05 03:16:58,00,Transaction approved,"{""source"": ""mock_gateway"", ""environment"": ""hackathon"", ""channel"": ""UPI""}"
TXN-90783,GW-90783,SUCCESS,999.0,INR,2026-08-05 03:25:12,00,Transaction approved,"{""source"": ""mock_gateway"", ""environment"": ""hackathon"", ""channel"": ""UPI""}"
TXN-90784,GW-90784,SUCCESS,299.0,INR,2026-08-05 03:30:51,00,Transaction approved,"{""source"": ""mock_gateway"", ""environment"": ""hackathon"", ""channel"": ""NETBANKING""}"
TXN-90785,GW-90785,SUCCESS,199.0,INR,2026-08-05 03:36:25,00,Transaction approved,"{""source"": ""mock_gateway"", ""environment"": ""hackathon"", ""channel"": ""NETBANKING""}"
TXN-90786,GW-90786,SUCCESS,6750.0,INR,2026-08-05 03:46:04,00,Transaction approved,"{""source"": ""mock_gateway"", ""environment"": ""hackathon"", ""channel"": ""UPI""}"
TXN-90787,GW-90787,SUCCESS,799.0,INR,2026-08-05 03:52:05,00,Transaction approved,"{""source"": ""mock_gateway"", ""environment"": ""hackathon"", ""channel"": ""CARD""}"
TXN-90788,GW-90788,SUCCESS,12500.0,INR,2026-08-05 03:57:22,00,Transaction approved,"{""source"": ""mock_gateway"", ""environment"": ""hackathon"", ""channel"": ""UPI""}"
TXN-90789,GW-90789,SUCCESS,999.0,INR,2026-08-05 04:04:53,00,Transaction approved,"{""source"": ""mock_gateway"", ""environment"": ""hackathon"", ""channel"": ""NETBANKING""}"
TXN-90790,GW-90790,SUCCESS,4200.0,INR,2026-08-05 04:13:51,00,Transaction approved,"{""source"": ""mock_gateway"", ""environment"": ""hackathon"", ""channel"": ""UPI""}"
TXN-90791,GW-90791,SUCCESS,1250.0,INR,2026-08-05 04:21:03,00,Transaction approved,"{""source"": ""mock_gateway"", ""environment"": ""hackathon"", ""channel"": ""CARD""}"
TXN-90792,GW-90792,SUCCESS,199.0,INR,2026-08-05 04:26:40,00,Transaction approved,"{""source"": ""mock_gateway"", ""environment"": ""hackathon"", ""channel"": ""CARD""}"
TXN-90793,GW-90793,SUCCESS,2899.0,INR,2026-08-05 04:34:25,00,Transaction approved,"{""source"": ""mock_gateway"", ""environment"": ""hackathon"", ""channel"": ""NETBANKING""}"
TXN-90794,GW-90794,SUCCESS,12500.0,INR,2026-08-05 04:39:54,00,Transaction approved,"{""source"": ""mock_gateway"", ""environment"": ""hackathon"", ""channel"": ""NETBANKING""}"
TXN-90795,GW-90795,SUCCESS,199.0,INR,2026-08-05 04:50:04,00,Transaction approved,"{""source"": ""mock_gateway"", ""environment"": ""hackathon"", ""channel"": ""CARD""}"
TXN-90796,GW-90796,SUCCESS,1999.0,INR,2026-08-05 04:55:52,00,Transaction approved,"{""source"": ""mock_gateway"", ""environment"": ""hackathon"", ""channel"": ""NETBANKING""}"
TXN-90797,GW-90797,SUCCESS,12500.0,INR,2026-08-05 05:04:26,00,Transaction approved,"{""source"": ""mock_gateway"", ""environment"": ""hackathon"", ""channel"": ""NETBANKING""}"
TXN-90798,GW-90798,SUCCESS,199.0,INR,2026-08-05 05:09:58,00,Transaction approved,"{""source"": ""mock_gateway"", ""environment"": ""hackathon"", ""channel"": ""UPI""}"
TXN-90799,GW-90799,SUCCESS,999.0,INR,2026-08-05 05:13:25,00,Transaction approved,"{""source"": ""mock_gateway"", ""environment"": ""hackathon"", ""channel"": ""CARD""}"
TXN-90800,GW-90800,SUCCESS,8999.0,INR,2026-08-05 05:25:13,00,Transaction approved,"{""source"": ""mock_gateway"", ""environment"": ""hackathon"", ""channel"": ""NETBANKING""}"
TXN-90801,GW-90801,SUCCESS,8999.0,INR,2026-08-05 05:29:09,00,Transaction approved,"{""source"": ""mock_gateway"", ""environment"": ""hackathon"", ""channel"": ""UPI""}"
TXN-90802,GW-90802,SUCCESS,799.0,INR,2026-08-05 05:39:30,00,Transaction approved,"{""source"": ""mock_gateway"", ""environment"": ""hackathon"", ""channel"": ""UPI""}"
TXN-90803,GW-90803,SUCCESS,999.0,INR,2026-08-05 05:46:16,00,Transaction approved,"{""source"": ""mock_gateway"", ""environment"": ""hackathon"", ""channel"": ""CARD""}"
TXN-90804,GW-90804,SUCCESS,2899.0,INR,2026-08-05 05:51:16,00,Transaction approved,"{""source"": ""mock_gateway"", ""environment"": ""hackathon"", ""channel"": ""NETBANKING""}"
TXN-90805,GW-90805,SUCCESS,1999.0,INR,2026-08-05 05:57:08,00,Transaction approved,"{""source"": ""mock_gateway"", ""environment"": ""hackathon"", ""channel"": ""NETBANKING""}"
TXN-90806,GW-90806,SUCCESS,12500.0,INR,2026-08-05 06:03:11,00,Transaction approved,"{""source"": ""mock_gateway"", ""environment"": ""hackathon"", ""channel"": ""UPI""}"
TXN-90807,GW-90807,PENDING,12500.0,INR,2026-08-05 06:10:02,91,Issuer or switch temporarily unavailable,"{""source"": ""mock_gateway"", ""environment"": ""hackathon"", ""channel"": ""UPI""}"
TXN-90808,GW-90808,SUCCESS,6750.0,INR,2026-08-05 06:18:03,00,Transaction approved,"{""source"": ""mock_gateway"", ""environment"": ""hackathon"", ""channel"": ""UPI""}"
TXN-90809,GW-90809,SUCCESS,3499.0,INR,2026-08-05 06:28:03,00,Transaction approved,"{""source"": ""mock_gateway"", ""environment"": ""hackathon"", ""channel"": ""CARD""}"
TXN-90810,GW-90810,SUCCESS,499.0,INR,2026-08-05 06:33:43,00,Transaction approved,"{""source"": ""mock_gateway"", ""environment"": ""hackathon"", ""channel"": ""NETBANKING""}"
TXN-90811,GW-90811,SUCCESS,1999.0,INR,2026-08-05 06:40:43,00,Transaction approved,"{""source"": ""mock_gateway"", ""environment"": ""hackathon"", ""channel"": ""CARD""}"
TXN-90812,GW-90812,SUCCESS,2899.0,INR,2026-08-05 06:47:25,00,Transaction approved,"{""source"": ""mock_gateway"", ""environment"": ""hackathon"", ""channel"": ""UPI""}"
TXN-90813,GW-90813,SUCCESS,499.0,INR,2026-08-05 06:53:58,00,Transaction approved,"{""source"": ""mock_gateway"", ""environment"": ""hackathon"", ""channel"": ""CARD""}"
TXN-90814,GW-90814,SUCCESS,6750.0,INR,2026-08-05 06:59:36,00,Transaction approved,"{""source"": ""mock_gateway"", ""environment"": ""hackathon"", ""channel"": ""NETBANKING""}"
TXN-90815,GW-90815,SUCCESS,4200.0,INR,2026-08-05 07:07:21,00,Transaction approved,"{""source"": ""mock_gateway"", ""environment"": ""hackathon"", ""channel"": ""CARD""}"
TXN-90816,GW-90816,SUCCESS,2899.0,INR,2026-08-05 07:15:26,00,Transaction approved,"{""source"": ""mock_gateway"", ""environment"": ""hackathon"", ""channel"": ""NETBANKING""}"
TXN-90817,GW-90817,SUCCESS,199.0,INR,2026-08-05 07:22:01,00,Transaction approved,"{""source"": ""mock_gateway"", ""environment"": ""hackathon"", ""channel"": ""CARD""}"
TXN-90818,GW-90818,SUCCESS,799.0,INR,2026-08-05 07:30:01,00,Transaction approved,"{""source"": ""mock_gateway"", ""environment"": ""hackathon"", ""channel"": ""NETBANKING""}"
TXN-90819,GW-90819,SUCCESS,499.0,INR,2026-08-05 07:37:04,00,Transaction approved,"{""source"": ""mock_gateway"", ""environment"": ""hackathon"", ""channel"": ""CARD""}"
TXN-90820,GW-90820,SUCCESS,799.0,INR,2026-08-05 07:43:40,00,Transaction approved,"{""source"": ""mock_gateway"", ""environment"": ""hackathon"", ""channel"": ""UPI""}"
TXN-90821,GW-90821,SUCCESS,199.0,INR,2026-08-05 07:47:31,00,Transaction approved,"{""source"": ""mock_gateway"", ""environment"": ""hackathon"", ""channel"": ""UPI""}"
TXN-90822,GW-90822,SUCCESS,2899.0,INR,2026-08-05 07:56:19,00,Transaction approved,"{""source"": ""mock_gateway"", ""environment"": ""hackathon"", ""channel"": ""CARD""}"
TXN-90823,GW-90823,SUCCESS,6750.0,INR,2026-08-05 08:03:19,00,Transaction approved,"{""source"": ""mock_gateway"", ""environment"": ""hackathon"", ""channel"": ""NETBANKING""}"
TXN-90824,GW-90824,SUCCESS,799.0,INR,2026-08-05 08:14:06,00,Transaction approved,"{""source"": ""mock_gateway"", ""environment"": ""hackathon"", ""channel"": ""UPI""}"
TXN-90825,GW-90825,SUCCESS,12500.0,INR,2026-08-05 08:15:51,00,Transaction approved,"{""source"": ""mock_gateway"", ""environment"": ""hackathon"", ""channel"": ""UPI""}"
TXN-90826,GW-90826,SUCCESS,1499.0,INR,2026-08-05 08:23:16,00,Transaction approved,"{""source"": ""mock_gateway"", ""environment"": ""hackathon"", ""channel"": ""UPI""}"
TXN-90827,GW-90827,SUCCESS,6750.0,INR,2026-08-05 08:29:57,00,Transaction approved,"{""source"": ""mock_gateway"", ""environment"": ""hackathon"", ""channel"": ""NETBANKING""}"
TXN-90828,GW-90828,SUCCESS,6750.0,INR,2026-08-05 08:39:09,00,Transaction approved,"{""source"": ""mock_gateway"", ""environment"": ""hackathon"", ""channel"": ""UPI""}"
TXN-90829,GW-90829,SUCCESS,299.0,INR,2026-08-05 08:46:24,00,Transaction approved,"{""source"": ""mock_gateway"", ""environment"": ""hackathon"", ""channel"": ""CARD""}"
TXN-90830,GW-90830,SUCCESS,8999.0,INR,2026-08-05 08:55:30,00,Transaction approved,"{""source"": ""mock_gateway"", ""environment"": ""hackathon"", ""channel"": ""CARD""}"
TXN-90831,GW-90831,SUCCESS,999.0,INR,2026-08-05 09:02:53,00,Transaction approved,"{""source"": ""mock_gateway"", ""environment"": ""hackathon"", ""channel"": ""NETBANKING""}"
TXN-90832,GW-90832,SUCCESS,6750.0,INR,2026-08-05 09:05:31,00,Transaction approved,"{""source"": ""mock_gateway"", ""environment"": ""hackathon"", ""channel"": ""CARD""}"
TXN-90833,GW-90833,SUCCESS,8999.0,INR,2026-08-05 09:12:01,00,Transaction approved,"{""source"": ""mock_gateway"", ""environment"": ""hackathon"", ""channel"": ""UPI""}"
TXN-90834,GW-90834,SUCCESS,799.0,INR,2026-08-05 09:23:03,00,Transaction approved,"{""source"": ""mock_gateway"", ""environment"": ""hackathon"", ""channel"": ""UPI""}"
TXN-90835,GW-90835,SUCCESS,499.0,INR,2026-08-05 09:28:44,00,Transaction approved,"{""source"": ""mock_gateway"", ""environment"": ""hackathon"", ""channel"": ""CARD""}"
TXN-90836,GW-90836,SUCCESS,2899.0,INR,2026-08-05 09:33:25,00,Transaction approved,"{""source"": ""mock_gateway"", ""environment"": ""hackathon"", ""channel"": ""UPI""}"
TXN-90837,GW-90837,SUCCESS,799.0,INR,2026-08-05 09:39:07,00,Transaction approved,"{""source"": ""mock_gateway"", ""environment"": ""hackathon"", ""channel"": ""UPI""}"
TXN-90838,GW-90838,SUCCESS,2899.0,INR,2026-08-05 09:47:43,00,Transaction approved,"{""source"": ""mock_gateway"", ""environment"": ""hackathon"", ""channel"": ""NETBANKING""}"
TXN-90839,GW-90839,SUCCESS,1250.0,INR,2026-08-05 09:57:23,00,Transaction approved,"{""source"": ""mock_gateway"", ""environment"": ""hackathon"", ""channel"": ""UPI""}"
TXN-90840,GW-90840,SUCCESS,999.0,INR,2026-08-05 10:05:37,00,Transaction approved,"{""source"": ""mock_gateway"", ""environment"": ""hackathon"", ""channel"": ""CARD""}"
TXN-90841,GW-90841,SUCCESS,1250.0,INR,2026-08-05 10:09:28,00,Transaction approved,"{""source"": ""mock_gateway"", ""environment"": ""hackathon"", ""channel"": ""CARD""}"
TXN-90842,GW-90842,SUCCESS,799.0,INR,2026-08-05 10:17:59,00,Transaction approved,"{""source"": ""mock_gateway"", ""environment"": ""hackathon"", ""channel"": ""CARD""}"
TXN-90843,GW-90843,SUCCESS,999.0,INR,2026-08-05 10:24:24,00,Transaction approved,"{""source"": ""mock_gateway"", ""environment"": ""hackathon"", ""channel"": ""CARD""}"
TXN-90844,GW-90844,SUCCESS,2499.0,INR,2026-08-05 10:30:11,00,Transaction approved,"{""source"": ""mock_gateway"", ""environment"": ""hackathon"", ""channel"": ""UPI""}"
TXN-90845,GW-90845,SUCCESS,1499.0,INR,2026-08-05 10:37:16,00,Transaction approved,"{""source"": ""mock_gateway"", ""environment"": ""hackathon"", ""channel"": ""NETBANKING""}"
TXN-90846,GW-90846,SUCCESS,1599.0,INR,2026-08-05 10:44:49,00,Transaction approved,"{""source"": ""mock_gateway"", ""environment"": ""hackathon"", ""channel"": ""UPI""}"
TXN-90847,GW-90847,SUCCESS,4999.0,INR,2026-08-05 10:54:16,00,Transaction approved,"{""source"": ""mock_gateway"", ""environment"": ""hackathon"", ""channel"": ""CARD""}"
TXN-90848,GW-90848,SUCCESS,299.0,INR,2026-08-05 11:00:34,00,Transaction approved,"{""source"": ""mock_gateway"", ""environment"": ""hackathon"", ""channel"": ""NETBANKING""}"
TXN-90849,GW-90849,SUCCESS,1499.0,INR,2026-08-05 11:04:53,00,Transaction approved,"{""source"": ""mock_gateway"", ""environment"": ""hackathon"", ""channel"": ""UPI""}"
TXN-90850,GW-90850,SUCCESS,4999.0,INR,2026-08-05 11:13:36,00,Transaction approved,"{""source"": ""mock_gateway"", ""environment"": ""hackathon"", ""channel"": ""UPI""}"
TXN-90851,GW-90851,SUCCESS,299.0,INR,2026-08-05 11:21:05,00,Transaction approved,"{""source"": ""mock_gateway"", ""environment"": ""hackathon"", ""channel"": ""NETBANKING""}"
TXN-90852,GW-90852,SUCCESS,4200.0,INR,2026-08-05 11:30:03,00,Transaction approved,"{""source"": ""mock_gateway"", ""environment"": ""hackathon"", ""channel"": ""NETBANKING""}"
TXN-90853,GW-90853,SUCCESS,4999.0,INR,2026-08-05 11:35:26,00,Transaction approved,"{""source"": ""mock_gateway"", ""environment"": ""hackathon"", ""channel"": ""NETBANKING""}"
TXN-90854,GW-90854,SUCCESS,1499.0,INR,2026-08-05 11:40:16,00,Transaction approved,"{""source"": ""mock_gateway"", ""environment"": ""hackathon"", ""channel"": ""CARD""}"
TXN-90855,GW-90855,SUCCESS,12500.0,INR,2026-08-05 11:46:32,00,Transaction approved,"{""source"": ""mock_gateway"", ""environment"": ""hackathon"", ""channel"": ""NETBANKING""}"
TXN-90856,GW-90856,SUCCESS,1999.0,INR,2026-08-05 11:56:27,00,Transaction approved,"{""source"": ""mock_gateway"", ""environment"": ""hackathon"", ""channel"": ""CARD""}"
TXN-90857,GW-90857,SUCCESS,4999.0,INR,2026-08-05 12:00:26,00,Transaction approved,"{""source"": ""mock_gateway"", ""environment"": ""hackathon"", ""channel"": ""CARD""}"
TXN-90858,GW-90858,SUCCESS,799.0,INR,2026-08-05 12:11:33,00,Transaction approved,"{""source"": ""mock_gateway"", ""environment"": ""hackathon"", ""channel"": ""UPI""}"
TXN-90859,GW-90859,SUCCESS,2899.0,INR,2026-08-05 12:16:16,00,Transaction approved,"{""source"": ""mock_gateway"", ""environment"": ""hackathon"", ""channel"": ""NETBANKING""}"
TXN-90860,GW-90860,SUCCESS,2899.0,INR,2026-08-05 12:23:20,00,Transaction approved,"{""source"": ""mock_gateway"", ""environment"": ""hackathon"", ""channel"": ""CARD""}"
TXN-90861,GW-90861,SUCCESS,4999.0,INR,2026-08-05 12:28:47,00,Transaction approved,"{""source"": ""mock_gateway"", ""environment"": ""hackathon"", ""channel"": ""NETBANKING""}"
TXN-90862,GW-90862,SUCCESS,6750.0,INR,2026-08-05 12:34:33,00,Transaction approved,"{""source"": ""mock_gateway"", ""environment"": ""hackathon"", ""channel"": ""CARD""}"
TXN-90863,GW-90863,SUCCESS,1999.0,INR,2026-08-05 12:43:31,00,Transaction approved,"{""source"": ""mock_gateway"", ""environment"": ""hackathon"", ""channel"": ""UPI""}"
TXN-90864,GW-90864,SUCCESS,2899.0,INR,2026-08-05 12:52:30,00,Transaction approved,"{""source"": ""mock_gateway"", ""environment"": ""hackathon"", ""channel"": ""UPI""}"
TXN-90865,GW-90865,SUCCESS,12500.0,INR,2026-08-05 12:56:21,00,Transaction approved,"{""source"": ""mock_gateway"", ""environment"": ""hackathon"", ""channel"": ""CARD""}"
TXN-90866,GW-90866,SUCCESS,3499.0,INR,2026-08-05 13:05:52,00,Transaction approved,"{""source"": ""mock_gateway"", ""environment"": ""hackathon"", ""channel"": ""CARD""}"
TXN-90867,GW-90867,SUCCESS,8999.0,INR,2026-08-05 13:10:44,00,Transaction approved,"{""source"": ""mock_gateway"", ""environment"": ""hackathon"", ""channel"": ""NETBANKING""}"
TXN-90868,GW-90868,SUCCESS,1599.0,INR,2026-08-05 13:21:23,00,Transaction approved,"{""source"": ""mock_gateway"", ""environment"": ""hackathon"", ""channel"": ""UPI""}"
TXN-90869,GW-90869,SUCCESS,6750.0,INR,2026-08-05 13:25:10,00,Transaction approved,"{""source"": ""mock_gateway"", ""environment"": ""hackathon"", ""channel"": ""NETBANKING""}"
TXN-90870,GW-90870,SUCCESS,4999.0,INR,2026-08-05 13:35:54,00,Transaction approved,"{""source"": ""mock_gateway"", ""environment"": ""hackathon"", ""channel"": ""UPI""}"
TXN-90871,GW-90871,SUCCESS,199.0,INR,2026-08-05 13:42:28,00,Transaction approved,"{""source"": ""mock_gateway"", ""environment"": ""hackathon"", ""channel"": ""CARD""}"
TXN-90872,GW-90872,SUCCESS,1499.0,INR,2026-08-05 13:45:30,00,Transaction approved,"{""source"": ""mock_gateway"", ""environment"": ""hackathon"", ""channel"": ""NETBANKING""}"
TXN-90873,GW-90873,SUCCESS,12500.0,INR,2026-08-05 13:54:56,00,Transaction approved,"{""source"": ""mock_gateway"", ""environment"": ""hackathon"", ""channel"": ""UPI""}"
TXN-90874,GW-90874,SUCCESS,4999.0,INR,2026-08-05 14:01:50,00,Transaction approved,"{""source"": ""mock_gateway"", ""environment"": ""hackathon"", ""channel"": ""NETBANKING""}"
TXN-90875,GW-90875,SUCCESS,4999.0,INR,2026-08-05 14:06:32,00,Transaction approved,"{""source"": ""mock_gateway"", ""environment"": ""hackathon"", ""channel"": ""CARD""}"
TXN-90876,GW-90876,SUCCESS,299.0,INR,2026-08-05 14:16:36,00,Transaction approved,"{""source"": ""mock_gateway"", ""environment"": ""hackathon"", ""channel"": ""CARD""}"
TXN-90877,GW-90877,SUCCESS,299.0,INR,2026-08-05 14:20:44,00,Transaction approved,"{""source"": ""mock_gateway"", ""environment"": ""hackathon"", ""channel"": ""UPI""}"
TXN-90878,GW-90878,SUCCESS,299.0,INR,2026-08-05 14:31:26,00,Transaction approved,"{""source"": ""mock_gateway"", ""environment"": ""hackathon"", ""channel"": ""UPI""}"
TXN-90879,GW-90879,SUCCESS,799.0,INR,2026-08-05 14:36:42,00,Transaction approved,"{""source"": ""mock_gateway"", ""environment"": ""hackathon"", ""channel"": ""CARD""}"
TXN-90880,GW-90880,SUCCESS,4200.0,INR,2026-08-05 14:42:09,00,Transaction approved,"{""source"": ""mock_gateway"", ""environment"": ""hackathon"", ""channel"": ""NETBANKING""}"
TXN-90881,GW-90881,SUCCESS,299.0,INR,2026-08-05 14:47:52,00,Transaction approved,"{""source"": ""mock_gateway"", ""environment"": ""hackathon"", ""channel"": ""UPI""}"
TXN-90882,GW-90882,SUCCESS,3499.0,INR,2026-08-05 14:58:12,00,Transaction approved,"{""source"": ""mock_gateway"", ""environment"": ""hackathon"", ""channel"": ""CARD""}"
TXN-90883,GW-90883,SUCCESS,1999.0,INR,2026-08-05 15:06:05,00,Transaction approved,"{""source"": ""mock_gateway"", ""environment"": ""hackathon"", ""channel"": ""NETBANKING""}"
TXN-90884,GW-90884,SUCCESS,299.0,INR,2026-08-05 15:11:19,00,Transaction approved,"{""source"": ""mock_gateway"", ""environment"": ""hackathon"", ""channel"": ""CARD""}"
TXN-90885,GW-90885,SUCCESS,799.0,INR,2026-08-05 15:20:47,00,Transaction approved,"{""source"": ""mock_gateway"", ""environment"": ""hackathon"", ""channel"": ""NETBANKING""}"
TXN-90886,GW-90886,SUCCESS,499.0,INR,2026-08-05 15:25:36,00,Transaction approved,"{""source"": ""mock_gateway"", ""environment"": ""hackathon"", ""channel"": ""CARD""}"
TXN-90887,GW-90887,SUCCESS,1599.0,INR,2026-08-05 15:30:30,00,Transaction approved,"{""source"": ""mock_gateway"", ""environment"": ""hackathon"", ""channel"": ""CARD""}"
TXN-90888,GW-90888,PENDING,12500.0,INR,2026-08-05 15:38:36,91,Issuer or switch temporarily unavailable,"{""source"": ""mock_gateway"", ""environment"": ""hackathon"", ""channel"": ""CARD""}"
TXN-90889,GW-90889,SUCCESS,1999.0,INR,2026-08-05 15:46:43,00,Transaction approved,"{""source"": ""mock_gateway"", ""environment"": ""hackathon"", ""channel"": ""CARD""}"
TXN-90890,GW-90890,SUCCESS,799.0,INR,2026-08-05 15:54:27,00,Transaction approved,"{""source"": ""mock_gateway"", ""environment"": ""hackathon"", ""channel"": ""NETBANKING""}"
TXN-90891,GW-90891,SUCCESS,6750.0,INR,2026-08-05 15:57:29,00,Transaction approved,"{""source"": ""mock_gateway"", ""environment"": ""hackathon"", ""channel"": ""NETBANKING""}"
TXN-90892,GW-90892,SUCCESS,199.0,INR,2026-08-05 16:06:50,00,Transaction approved,"{""source"": ""mock_gateway"", ""environment"": ""hackathon"", ""channel"": ""CARD""}"
TXN-90893,GW-90893,SUCCESS,1250.0,INR,2026-08-05 16:11:22,00,Transaction approved,"{""source"": ""mock_gateway"", ""environment"": ""hackathon"", ""channel"": ""NETBANKING""}"
TXN-90894,GW-90894,SUCCESS,4200.0,INR,2026-08-05 16:19:54,00,Transaction approved,"{""source"": ""mock_gateway"", ""environment"": ""hackathon"", ""channel"": ""UPI""}"
TXN-90895,GW-90895,SUCCESS,1250.0,INR,2026-08-05 16:30:45,00,Transaction approved,"{""source"": ""mock_gateway"", ""environment"": ""hackathon"", ""channel"": ""CARD""}"
TXN-90896,GW-90896,SUCCESS,2499.0,INR,2026-08-05 16:37:00,00,Transaction approved,"{""source"": ""mock_gateway"", ""environment"": ""hackathon"", ""channel"": ""NETBANKING""}"
TXN-90897,GW-90897,SUCCESS,199.0,INR,2026-08-05 16:42:56,00,Transaction approved,"{""source"": ""mock_gateway"", ""environment"": ""hackathon"", ""channel"": ""NETBANKING""}"
TXN-90898,GW-90898,SUCCESS,1599.0,INR,2026-08-05 16:48:47,00,Transaction approved,"{""source"": ""mock_gateway"", ""environment"": ""hackathon"", ""channel"": ""CARD""}"
TXN-90899,GW-90899,SUCCESS,2899.0,INR,2026-08-05 16:55:46,00,Transaction approved,"{""source"": ""mock_gateway"", ""environment"": ""hackathon"", ""channel"": ""UPI""}"
TXN-90900,GW-90900,SUCCESS,299.0,INR,2026-08-05 17:02:56,00,Transaction approved,"{""source"": ""mock_gateway"", ""environment"": ""hackathon"", ""channel"": ""UPI""}"
TXN-90901,GW-90901,SUCCESS,1999.0,INR,2026-08-05 17:10:44,00,Transaction approved,"{""source"": ""mock_gateway"", ""environment"": ""hackathon"", ""channel"": ""NETBANKING""}"
TXN-90902,GW-90902,SUCCESS,12500.0,INR,2026-08-05 17:14:20,00,Transaction approved,"{""source"": ""mock_gateway"", ""environment"": ""hackathon"", ""channel"": ""CARD""}"
TXN-90903,GW-90903,SUCCESS,2499.0,INR,2026-08-05 17:23:30,00,Transaction approved,"{""source"": ""mock_gateway"", ""environment"": ""hackathon"", ""channel"": ""CARD""}"
TXN-90904,GW-90904,SUCCESS,2499.0,INR,2026-08-05 17:32:00,00,Transaction approved,"{""source"": ""mock_gateway"", ""environment"": ""hackathon"", ""channel"": ""CARD""}"
TXN-90905,GW-90905,SUCCESS,1499.0,INR,2026-08-05 17:39:53,00,Transaction approved,"{""source"": ""mock_gateway"", ""environment"": ""hackathon"", ""channel"": ""CARD""}"
TXN-90906,GW-90906,SUCCESS,8999.0,INR,2026-08-05 17:48:09,00,Transaction approved,"{""source"": ""mock_gateway"", ""environment"": ""hackathon"", ""channel"": ""UPI""}"
TXN-90907,GW-90907,SUCCESS,1999.0,INR,2026-08-05 17:52:18,00,Transaction approved,"{""source"": ""mock_gateway"", ""environment"": ""hackathon"", ""channel"": ""NETBANKING""}"
TXN-90908,GW-90908,SUCCESS,299.0,INR,2026-08-05 17:59:42,00,Transaction approved,"{""source"": ""mock_gateway"", ""environment"": ""hackathon"", ""channel"": ""UPI""}"
TXN-90909,GW-90909,SUCCESS,199.0,INR,2026-08-05 18:05:53,00,Transaction approved,"{""source"": ""mock_gateway"", ""environment"": ""hackathon"", ""channel"": ""UPI""}"
TXN-90910,GW-90910,SUCCESS,3499.0,INR,2026-08-05 18:11:32,00,Transaction approved,"{""source"": ""mock_gateway"", ""environment"": ""hackathon"", ""channel"": ""UPI""}"
TXN-90911,GW-90911,SUCCESS,299.0,INR,2026-08-05 18:18:49,00,Transaction approved,"{""source"": ""mock_gateway"", ""environment"": ""hackathon"", ""channel"": ""CARD""}"
TXN-90912,GW-90912,SUCCESS,6750.0,INR,2026-08-05 18:25:13,00,Transaction approved,"{""source"": ""mock_gateway"", ""environment"": ""hackathon"", ""channel"": ""NETBANKING""}"
TXN-90913,GW-90913,SUCCESS,1599.0,INR,2026-08-05 18:33:44,00,Transaction approved,"{""source"": ""mock_gateway"", ""environment"": ""hackathon"", ""channel"": ""UPI""}"
TXN-90914,GW-90914,SUCCESS,1250.0,INR,2026-08-05 18:41:36,00,Transaction approved,"{""source"": ""mock_gateway"", ""environment"": ""hackathon"", ""channel"": ""CARD""}"
TXN-90915,GW-90915,SUCCESS,4200.0,INR,2026-08-05 18:45:48,00,Transaction approved,"{""source"": ""mock_gateway"", ""environment"": ""hackathon"", ""channel"": ""CARD""}"
TXN-90916,GW-90916,SUCCESS,8999.0,INR,2026-08-05 18:54:28,00,Transaction approved,"{""source"": ""mock_gateway"", ""environment"": ""hackathon"", ""channel"": ""NETBANKING""}"
TXN-90917,GW-90917,PENDING,799.0,INR,2026-08-05 19:02:42,91,Issuer or switch temporarily unavailable,"{""source"": ""mock_gateway"", ""environment"": ""hackathon"", ""channel"": ""NETBANKING""}"
TXN-90918,GW-90918,SUCCESS,2499.0,INR,2026-08-05 19:09:28,00,Transaction approved,"{""source"": ""mock_gateway"", ""environment"": ""hackathon"", ""channel"": ""NETBANKING""}"
TXN-90919,GW-90919,SUCCESS,199.0,INR,2026-08-05 19:14:00,00,Transaction approved,"{""source"": ""mock_gateway"", ""environment"": ""hackathon"", ""channel"": ""NETBANKING""}"
TXN-90920,GW-90920,SUCCESS,1250.0,INR,2026-08-05 19:24:34,00,Transaction approved,"{""source"": ""mock_gateway"", ""environment"": ""hackathon"", ""channel"": ""UPI""}"
TXN-90921,GW-90921,SUCCESS,1499.0,INR,2026-08-05 19:32:30,00,Transaction approved,"{""source"": ""mock_gateway"", ""environment"": ""hackathon"", ""channel"": ""NETBANKING""}"
TXN-90922,GW-90922,PENDING,6750.0,INR,2026-08-05 19:36:01,91,Issuer or switch temporarily unavailable,"{""source"": ""mock_gateway"", ""environment"": ""hackathon"", ""channel"": ""CARD""}"
TXN-90923,GW-90923,SUCCESS,4200.0,INR,2026-08-05 19:45:20,00,Transaction approved,"{""source"": ""mock_gateway"", ""environment"": ""hackathon"", ""channel"": ""NETBANKING""}"
TXN-90924,GW-90924,SUCCESS,799.0,INR,2026-08-05 19:50:16,00,Transaction approved,"{""source"": ""mock_gateway"", ""environment"": ""hackathon"", ""channel"": ""NETBANKING""}"
TXN-90925,GW-90925,SUCCESS,8999.0,INR,2026-08-05 19:59:28,00,Transaction approved,"{""source"": ""mock_gateway"", ""environment"": ""hackathon"", ""channel"": ""UPI""}"
TXN-90926,GW-90926,SUCCESS,12500.0,INR,2026-08-05 20:04:42,00,Transaction approved,"{""source"": ""mock_gateway"", ""environment"": ""hackathon"", ""channel"": ""CARD""}"
TXN-90927,GW-90927,SUCCESS,8999.0,INR,2026-08-05 20:15:03,00,Transaction approved,"{""source"": ""mock_gateway"", ""environment"": ""hackathon"", ""channel"": ""UPI""}"
TXN-90928,GW-90928,SUCCESS,1999.0,INR,2026-08-05 20:18:03,00,Transaction approved,"{""source"": ""mock_gateway"", ""environment"": ""hackathon"", ""channel"": ""NETBANKING""}"
TXN-90929,GW-90929,SUCCESS,12500.0,INR,2026-08-05 20:23:53,00,Transaction approved,"{""source"": ""mock_gateway"", ""environment"": ""hackathon"", ""channel"": ""UPI""}"
TXN-90930,GW-90930,SUCCESS,2899.0,INR,2026-08-05 20:35:28,00,Transaction approved,"{""source"": ""mock_gateway"", ""environment"": ""hackathon"", ""channel"": ""CARD""}"
TXN-90931,GW-90931,SUCCESS,999.0,INR,2026-08-05 20:42:03,00,Transaction approved,"{""source"": ""mock_gateway"", ""environment"": ""hackathon"", ""channel"": ""NETBANKING""}"
TXN-90932,GW-90932,SUCCESS,4200.0,INR,2026-08-05 20:45:06,00,Transaction approved,"{""source"": ""mock_gateway"", ""environment"": ""hackathon"", ""channel"": ""UPI""}"
TXN-90933,GW-90933,SUCCESS,299.0,INR,2026-08-05 20:52:21,00,Transaction approved,"{""source"": ""mock_gateway"", ""environment"": ""hackathon"", ""channel"": ""CARD""}"
TXN-90934,GW-90934,SUCCESS,6750.0,INR,2026-08-05 21:03:09,00,Transaction approved,"{""source"": ""mock_gateway"", ""environment"": ""hackathon"", ""channel"": ""CARD""}"
TXN-90935,GW-90935,SUCCESS,199.0,INR,2026-08-05 21:05:48,00,Transaction approved,"{""source"": ""mock_gateway"", ""environment"": ""hackathon"", ""channel"": ""CARD""}"
TXN-90936,GW-90936,SUCCESS,3499.0,INR,2026-08-05 21:13:55,00,Transaction approved,"{""source"": ""mock_gateway"", ""environment"": ""hackathon"", ""channel"": ""NETBANKING""}"
TXN-90937,GW-90937,SUCCESS,1599.0,INR,2026-08-05 21:22:10,00,Transaction approved,"{""source"": ""mock_gateway"", ""environment"": ""hackathon"", ""channel"": ""CARD""}"
TXN-90938,GW-90938,SUCCESS,2899.0,INR,2026-08-05 21:30:12,00,Transaction approved,"{""source"": ""mock_gateway"", ""environment"": ""hackathon"", ""channel"": ""CARD""}"
TXN-90939,GW-90939,SUCCESS,6750.0,INR,2026-08-05 21:35:28,00,Transaction approved,"{""source"": ""mock_gateway"", ""environment"": ""hackathon"", ""channel"": ""NETBANKING""}"
TXN-90940,GW-90940,SUCCESS,8999.0,INR,2026-08-05 21:41:09,00,Transaction approved,"{""source"": ""mock_gateway"", ""environment"": ""hackathon"", ""channel"": ""UPI""}"
TXN-90941,GW-90941,SUCCESS,6750.0,INR,2026-08-05 21:50:47,00,Transaction approved,"{""source"": ""mock_gateway"", ""environment"": ""hackathon"", ""channel"": ""UPI""}"
TXN-90942,GW-90942,SUCCESS,4999.0,INR,2026-08-05 21:56:56,00,Transaction approved,"{""source"": ""mock_gateway"", ""environment"": ""hackathon"", ""channel"": ""NETBANKING""}"
TXN-90943,GW-90943,PENDING,2899.0,INR,2026-08-05 22:06:24,91,Issuer or switch temporarily unavailable,"{""source"": ""mock_gateway"", ""environment"": ""hackathon"", ""channel"": ""UPI""}"
TXN-90944,GW-90944,SUCCESS,299.0,INR,2026-08-05 22:08:42,00,Transaction approved,"{""source"": ""mock_gateway"", ""environment"": ""hackathon"", ""channel"": ""NETBANKING""}"
TXN-90945,GW-90945,SUCCESS,299.0,INR,2026-08-05 22:17:21,00,Transaction approved,"{""source"": ""mock_gateway"", ""environment"": ""hackathon"", ""channel"": ""CARD""}"
TXN-90946,GW-90946,SUCCESS,2499.0,INR,2026-08-05 22:27:45,00,Transaction approved,"{""source"": ""mock_gateway"", ""environment"": ""hackathon"", ""channel"": ""NETBANKING""}"
TXN-90947,GW-90947,PENDING,299.0,INR,2026-08-05 22:34:10,91,Issuer or switch temporarily unavailable,"{""source"": ""mock_gateway"", ""environment"": ""hackathon"", ""channel"": ""CARD""}"
TXN-90948,GW-90948,SUCCESS,2899.0,INR,2026-08-05 22:38:39,00,Transaction approved,"{""source"": ""mock_gateway"", ""environment"": ""hackathon"", ""channel"": ""CARD""}"
TXN-90949,GW-90949,SUCCESS,4200.0,INR,2026-08-05 22:46:05,00,Transaction approved,"{""source"": ""mock_gateway"", ""environment"": ""hackathon"", ""channel"": ""CARD""}"
TXN-90950,GW-90950,SUCCESS,4200.0,INR,2026-08-05 22:55:58,00,Transaction approved,"{""source"": ""mock_gateway"", ""environment"": ""hackathon"", ""channel"": ""UPI""}"
TXN-90951,GW-90951,SUCCESS,2499.0,INR,2026-08-05 22:59:24,00,Transaction approved,"{""source"": ""mock_gateway"", ""environment"": ""hackathon"", ""channel"": ""UPI""}"
TXN-90952,GW-90952,SUCCESS,499.0,INR,2026-08-05 23:08:22,00,Transaction approved,"{""source"": ""mock_gateway"", ""environment"": ""hackathon"", ""channel"": ""CARD""}"
TXN-90953,GW-90953,SUCCESS,1499.0,INR,2026-08-05 23:16:12,00,Transaction approved,"{""source"": ""mock_gateway"", ""environment"": ""hackathon"", ""channel"": ""CARD""}"
TXN-90954,GW-90954,SUCCESS,2499.0,INR,2026-08-05 23:23:56,00,Transaction approved,"{""source"": ""mock_gateway"", ""environment"": ""hackathon"", ""channel"": ""CARD""}"
TXN-90955,GW-90955,SUCCESS,4200.0,INR,2026-08-05 23:28:46,00,Transaction approved,"{""source"": ""mock_gateway"", ""environment"": ""hackathon"", ""channel"": ""UPI""}"
TXN-90956,GW-90956,SUCCESS,1999.0,INR,2026-08-05 23:34:57,00,Transaction approved,"{""source"": ""mock_gateway"", ""environment"": ""hackathon"", ""channel"": ""CARD""}"
TXN-90957,GW-90957,SUCCESS,2499.0,INR,2026-08-05 23:40:53,00,Transaction approved,"{""source"": ""mock_gateway"", ""environment"": ""hackathon"", ""channel"": ""NETBANKING""}"
TXN-90958,GW-90958,SUCCESS,1599.0,INR,2026-08-05 23:51:36,00,Transaction approved,"{""source"": ""mock_gateway"", ""environment"": ""hackathon"", ""channel"": ""CARD""}"
TXN-90959,GW-90959,SUCCESS,4999.0,INR,2026-08-05 23:54:20,00,Transaction approved,"{""source"": ""mock_gateway"", ""environment"": ""hackathon"", ""channel"": ""NETBANKING""}"
TXN-90960,GW-90960,SUCCESS,12500.0,INR,2026-08-06 00:03:30,00,Transaction approved,"{""source"": ""mock_gateway"", ""environment"": ""hackathon"", ""channel"": ""CARD""}"
TXN-90961,GW-90961,SUCCESS,1599.0,INR,2026-08-06 00:09:05,00,Transaction approved,"{""source"": ""mock_gateway"", ""environment"": ""hackathon"", ""channel"": ""UPI""}"
TXN-90962,GW-90962,SUCCESS,1999.0,INR,2026-08-06 00:16:45,00,Transaction approved,"{""source"": ""mock_gateway"", ""environment"": ""hackathon"", ""channel"": ""UPI""}"
TXN-90963,GW-90963,SUCCESS,2899.0,INR,2026-08-06 00:23:45,00,Transaction approved,"{""source"": ""mock_gateway"", ""environment"": ""hackathon"", ""channel"": ""UPI""}"
TXN-90964,GW-90964,SUCCESS,2499.0,INR,2026-08-06 00:33:38,00,Transaction approved,"{""source"": ""mock_gateway"", ""environment"": ""hackathon"", ""channel"": ""NETBANKING""}"
TXN-90965,GW-90965,SUCCESS,1499.0,INR,2026-08-06 00:37:35,00,Transaction approved,"{""source"": ""mock_gateway"", ""environment"": ""hackathon"", ""channel"": ""NETBANKING""}"
TXN-90966,GW-90966,SUCCESS,6750.0,INR,2026-08-06 00:43:41,00,Transaction approved,"{""source"": ""mock_gateway"", ""environment"": ""hackathon"", ""channel"": ""UPI""}"
TXN-90967,GW-90967,SUCCESS,6750.0,INR,2026-08-06 00:51:24,00,Transaction approved,"{""source"": ""mock_gateway"", ""environment"": ""hackathon"", ""channel"": ""NETBANKING""}"
TXN-90968,GW-90968,SUCCESS,499.0,INR,2026-08-06 00:58:41,00,Transaction approved,"{""source"": ""mock_gateway"", ""environment"": ""hackathon"", ""channel"": ""CARD""}"
TXN-90969,GW-90969,SUCCESS,1999.0,INR,2026-08-06 01:08:37,00,Transaction approved,"{""source"": ""mock_gateway"", ""environment"": ""hackathon"", ""channel"": ""CARD""}"
TXN-90970,GW-90970,SUCCESS,8999.0,INR,2026-08-06 01:11:38,00,Transaction approved,"{""source"": ""mock_gateway"", ""environment"": ""hackathon"", ""channel"": ""UPI""}"
TXN-90971,GW-90971,SUCCESS,8999.0,INR,2026-08-06 01:21:37,00,Transaction approved,"{""source"": ""mock_gateway"", ""environment"": ""hackathon"", ""channel"": ""CARD""}"
TXN-90972,GW-90972,SUCCESS,2499.0,INR,2026-08-06 01:26:08,00,Transaction approved,"{""source"": ""mock_gateway"", ""environment"": ""hackathon"", ""channel"": ""UPI""}"
TXN-90973,GW-90973,SUCCESS,8999.0,INR,2026-08-06 01:34:46,00,Transaction approved,"{""source"": ""mock_gateway"", ""environment"": ""hackathon"", ""channel"": ""CARD""}"
TXN-90974,GW-90974,SUCCESS,1599.0,INR,2026-08-06 01:41:38,00,Transaction approved,"{""source"": ""mock_gateway"", ""environment"": ""hackathon"", ""channel"": ""UPI""}"
TXN-90975,GW-90975,SUCCESS,999.0,INR,2026-08-06 01:46:58,00,Transaction approved,"{""source"": ""mock_gateway"", ""environment"": ""hackathon"", ""channel"": ""NETBANKING""}"
TXN-90976,GW-90976,SUCCESS,2899.0,INR,2026-08-06 01:56:29,00,Transaction approved,"{""source"": ""mock_gateway"", ""environment"": ""hackathon"", ""channel"": ""NETBANKING""}"
TXN-90977,GW-90977,SUCCESS,1499.0,INR,2026-08-06 02:00:16,00,Transaction approved,"{""source"": ""mock_gateway"", ""environment"": ""hackathon"", ""channel"": ""UPI""}"
TXN-90978,GW-90978,PENDING,2499.0,INR,2026-08-06 02:06:54,91,Issuer or switch temporarily unavailable,"{""source"": ""mock_gateway"", ""environment"": ""hackathon"", ""channel"": ""UPI""}"
TXN-90979,GW-90979,SUCCESS,1250.0,INR,2026-08-06 02:16:26,00,Transaction approved,"{""source"": ""mock_gateway"", ""environment"": ""hackathon"", ""channel"": ""CARD""}"
TXN-90980,GW-90980,SUCCESS,12500.0,INR,2026-08-06 02:21:39,00,Transaction approved,"{""source"": ""mock_gateway"", ""environment"": ""hackathon"", ""channel"": ""CARD""}"
TXN-90981,GW-90981,SUCCESS,8999.0,INR,2026-08-06 02:30:47,00,Transaction approved,"{""source"": ""mock_gateway"", ""environment"": ""hackathon"", ""channel"": ""NETBANKING""}"
TXN-90982,GW-90982,SUCCESS,299.0,INR,2026-08-06 02:38:29,00,Transaction approved,"{""source"": ""mock_gateway"", ""environment"": ""hackathon"", ""channel"": ""NETBANKING""}"
TXN-90983,GW-90983,SUCCESS,2499.0,INR,2026-08-06 02:44:20,00,Transaction approved,"{""source"": ""mock_gateway"", ""environment"": ""hackathon"", ""channel"": ""NETBANKING""}"
TXN-90984,GW-90984,SUCCESS,199.0,INR,2026-08-06 02:54:00,00,Transaction approved,"{""source"": ""mock_gateway"", ""environment"": ""hackathon"", ""channel"": ""UPI""}"
TXN-90985,GW-90985,SUCCESS,8999.0,INR,2026-08-06 03:00:18,00,Transaction approved,"{""source"": ""mock_gateway"", ""environment"": ""hackathon"", ""channel"": ""UPI""}"
TXN-90986,GW-90986,SUCCESS,199.0,INR,2026-08-06 03:02:59,00,Transaction approved,"{""source"": ""mock_gateway"", ""environment"": ""hackathon"", ""channel"": ""NETBANKING""}"
TXN-90987,GW-90987,SUCCESS,199.0,INR,2026-08-06 03:09:34,00,Transaction approved,"{""source"": ""mock_gateway"", ""environment"": ""hackathon"", ""channel"": ""UPI""}"
TXN-90988,GW-90988,SUCCESS,1499.0,INR,2026-08-06 03:20:47,00,Transaction approved,"{""source"": ""mock_gateway"", ""environment"": ""hackathon"", ""channel"": ""CARD""}"
TXN-90989,GW-90989,SUCCESS,299.0,INR,2026-08-06 03:24:26,00,Transaction approved,"{""source"": ""mock_gateway"", ""environment"": ""hackathon"", ""channel"": ""UPI""}"
TXN-90990,GW-90990,SUCCESS,2899.0,INR,2026-08-06 03:32:25,00,Transaction approved,"{""source"": ""mock_gateway"", ""environment"": ""hackathon"", ""channel"": ""NETBANKING""}"
TXN-90991,GW-90991,SUCCESS,199.0,INR,2026-08-06 03:38:57,00,Transaction approved,"{""source"": ""mock_gateway"", ""environment"": ""hackathon"", ""channel"": ""UPI""}"
TXN-90992,GW-90992,SUCCESS,199.0,INR,2026-08-06 03:47:59,00,Transaction approved,"{""source"": ""mock_gateway"", ""environment"": ""hackathon"", ""channel"": ""UPI""}"
TXN-90993,GW-90993,SUCCESS,8999.0,INR,2026-08-06 03:55:46,00,Transaction approved,"{""source"": ""mock_gateway"", ""environment"": ""hackathon"", ""channel"": ""UPI""}"
TXN-90994,GW-90994,SUCCESS,1599.0,INR,2026-08-06 04:02:52,00,Transaction approved,"{""source"": ""mock_gateway"", ""environment"": ""hackathon"", ""channel"": ""UPI""}"
TXN-90995,GW-90995,SUCCESS,299.0,INR,2026-08-06 04:07:55,00,Transaction approved,"{""source"": ""mock_gateway"", ""environment"": ""hackathon"", ""channel"": ""CARD""}"
TXN-90996,GW-90996,SUCCESS,999.0,INR,2026-08-06 04:17:08,00,Transaction approved,"{""source"": ""mock_gateway"", ""environment"": ""hackathon"", ""channel"": ""NETBANKING""}"
TXN-90997,GW-90997,SUCCESS,999.0,INR,2026-08-06 04:24:32,00,Transaction approved,"{""source"": ""mock_gateway"", ""environment"": ""hackathon"", ""channel"": ""CARD""}"
TXN-90998,GW-90998,SUCCESS,1999.0,INR,2026-08-06 04:31:08,00,Transaction approved,"{""source"": ""mock_gateway"", ""environment"": ""hackathon"", ""channel"": ""UPI""}"
TXN-90999,GW-90999,SUCCESS,6750.0,INR,2026-08-06 04:34:10,00,Transaction approved,"{""source"": ""mock_gateway"", ""environment"": ""hackathon"", ""channel"": ""NETBANKING""}"
TXN-91000,GW-91000,SUCCESS,6750.0,INR,2026-08-06 04:45:07,00,Transaction approved,"{""source"": ""mock_gateway"", ""environment"": ""hackathon"", ""channel"": ""UPI""}"
TXN-91001,GW-91001,SUCCESS,3499.0,INR,2026-08-06 04:47:55,00,Transaction approved,"{""source"": ""mock_gateway"", ""environment"": ""hackathon"", ""channel"": ""CARD""}"
TXN-91002,GW-91002,SUCCESS,1250.0,INR,2026-08-06 04:59:48,00,Transaction approved,"{""source"": ""mock_gateway"", ""environment"": ""hackathon"", ""channel"": ""UPI""}"
TXN-91003,GW-91003,SUCCESS,1499.0,INR,2026-08-06 05:04:22,00,Transaction approved,"{""source"": ""mock_gateway"", ""environment"": ""hackathon"", ""channel"": ""NETBANKING""}"
TXN-91004,GW-91004,SUCCESS,4200.0,INR,2026-08-06 05:12:02,00,Transaction approved,"{""source"": ""mock_gateway"", ""environment"": ""hackathon"", ""channel"": ""CARD""}"
TXN-91005,GW-91005,SUCCESS,4999.0,INR,2026-08-06 05:17:29,00,Transaction approved,"{""source"": ""mock_gateway"", ""environment"": ""hackathon"", ""channel"": ""UPI""}"
TXN-91006,GW-91006,SUCCESS,4200.0,INR,2026-08-06 05:24:04,00,Transaction approved,"{""source"": ""mock_gateway"", ""environment"": ""hackathon"", ""channel"": ""CARD""}"
TXN-91007,GW-91007,SUCCESS,12500.0,INR,2026-08-06 05:34:55,00,Transaction approved,"{""source"": ""mock_gateway"", ""environment"": ""hackathon"", ""channel"": ""UPI""}"
TXN-91008,GW-91008,SUCCESS,799.0,INR,2026-08-06 05:39:12,00,Transaction approved,"{""source"": ""mock_gateway"", ""environment"": ""hackathon"", ""channel"": ""CARD""}"
TXN-91009,GW-91009,SUCCESS,2899.0,INR,2026-08-06 05:48:43,00,Transaction approved,"{""source"": ""mock_gateway"", ""environment"": ""hackathon"", ""channel"": ""CARD""}"
TXN-91010,GW-91010,SUCCESS,3499.0,INR,2026-08-06 05:56:01,00,Transaction approved,"{""source"": ""mock_gateway"", ""environment"": ""hackathon"", ""channel"": ""CARD""}"
TXN-91011,GW-91011,SUCCESS,4200.0,INR,2026-08-06 06:01:10,00,Transaction approved,"{""source"": ""mock_gateway"", ""environment"": ""hackathon"", ""channel"": ""UPI""}"
TXN-91012,GW-91012,SUCCESS,4999.0,INR,2026-08-06 06:05:28,00,Transaction approved,"{""source"": ""mock_gateway"", ""environment"": ""hackathon"", ""channel"": ""CARD""}"
TXN-91013,GW-91013,SUCCESS,2499.0,INR,2026-08-06 06:15:16,00,Transaction approved,"{""source"": ""mock_gateway"", ""environment"": ""hackathon"", ""channel"": ""CARD""}"
TXN-91014,GW-91014,SUCCESS,499.0,INR,2026-08-06 06:20:58,00,Transaction approved,"{""source"": ""mock_gateway"", ""environment"": ""hackathon"", ""channel"": ""NETBANKING""}"
TXN-91015,GW-91015,SUCCESS,299.0,INR,2026-08-06 06:27:26,00,Transaction approved,"{""source"": ""mock_gateway"", ""environment"": ""hackathon"", ""channel"": ""UPI""}"
TXN-91016,GW-91016,SUCCESS,1250.0,INR,2026-08-06 06:36:44,00,Transaction approved,"{""source"": ""mock_gateway"", ""environment"": ""hackathon"", ""channel"": ""CARD""}"
TXN-91017,GW-91017,SUCCESS,3499.0,INR,2026-08-06 06:41:07,00,Transaction approved,"{""source"": ""mock_gateway"", ""environment"": ""hackathon"", ""channel"": ""CARD""}"
TXN-91018,GW-91018,SUCCESS,8999.0,INR,2026-08-06 06:49:04,00,Transaction approved,"{""source"": ""mock_gateway"", ""environment"": ""hackathon"", ""channel"": ""CARD""}"
TXN-91019,GW-91019,SUCCESS,4999.0,INR,2026-08-06 06:54:23,00,Transaction approved,"{""source"": ""mock_gateway"", ""environment"": ""hackathon"", ""channel"": ""UPI""}"
TXN-91020,GW-91020,SUCCESS,1599.0,INR,2026-08-06 07:03:10,00,Transaction approved,"{""source"": ""mock_gateway"", ""environment"": ""hackathon"", ""channel"": ""UPI""}"
TXN-91021,GW-91021,SUCCESS,499.0,INR,2026-08-06 07:08:34,00,Transaction approved,"{""source"": ""mock_gateway"", ""environment"": ""hackathon"", ""channel"": ""CARD""}"
TXN-91022,GW-91022,SUCCESS,199.0,INR,2026-08-06 07:15:10,00,Transaction approved,"{""source"": ""mock_gateway"", ""environment"": ""hackathon"", ""channel"": ""CARD""}"
TXN-91023,GW-91023,SUCCESS,1499.0,INR,2026-08-06 07:25:54,00,Transaction approved,"{""source"": ""mock_gateway"", ""environment"": ""hackathon"", ""channel"": ""NETBANKING""}"
TXN-91024,GW-91024,SUCCESS,799.0,INR,2026-08-06 07:33:44,00,Transaction approved,"{""source"": ""mock_gateway"", ""environment"": ""hackathon"", ""channel"": ""CARD""}"
TXN-91025,GW-91025,SUCCESS,1999.0,INR,2026-08-06 07:40:55,00,Transaction approved,"{""source"": ""mock_gateway"", ""environment"": ""hackathon"", ""channel"": ""NETBANKING""}"
TXN-91026,GW-91026,SUCCESS,12500.0,INR,2026-08-06 07:47:26,00,Transaction approved,"{""source"": ""mock_gateway"", ""environment"": ""hackathon"", ""channel"": ""UPI""}"
TXN-91027,GW-91027,SUCCESS,2499.0,INR,2026-08-06 07:54:45,00,Transaction approved,"{""source"": ""mock_gateway"", ""environment"": ""hackathon"", ""channel"": ""NETBANKING""}"
TXN-91028,GW-91028,SUCCESS,499.0,INR,2026-08-06 08:00:43,00,Transaction approved,"{""source"": ""mock_gateway"", ""environment"": ""hackathon"", ""channel"": ""CARD""}"
TXN-91029,GW-91029,SUCCESS,8999.0,INR,2026-08-06 08:06:01,00,Transaction approved,"{""source"": ""mock_gateway"", ""environment"": ""hackathon"", ""channel"": ""NETBANKING""}"
TXN-91030,GW-91030,SUCCESS,199.0,INR,2026-08-06 08:11:35,00,Transaction approved,"{""source"": ""mock_gateway"", ""environment"": ""hackathon"", ""channel"": ""NETBANKING""}"
TXN-91031,GW-91031,SUCCESS,1250.0,INR,2026-08-06 08:21:49,00,Transaction approved,"{""source"": ""mock_gateway"", ""environment"": ""hackathon"", ""channel"": ""NETBANKING""}"
TXN-91032,GW-91032,SUCCESS,999.0,INR,2026-08-06 08:25:05,00,Transaction approved,"{""source"": ""mock_gateway"", ""environment"": ""hackathon"", ""channel"": ""NETBANKING""}"
TXN-91033,GW-91033,SUCCESS,1499.0,INR,2026-08-06 08:36:41,00,Transaction approved,"{""source"": ""mock_gateway"", ""environment"": ""hackathon"", ""channel"": ""NETBANKING""}"
TXN-91034,GW-91034,SUCCESS,199.0,INR,2026-08-06 08:43:36,00,Transaction approved,"{""source"": ""mock_gateway"", ""environment"": ""hackathon"", ""channel"": ""NETBANKING""}"
TXN-91035,GW-91035,SUCCESS,2899.0,INR,2026-08-06 08:51:08,00,Transaction approved,"{""source"": ""mock_gateway"", ""environment"": ""hackathon"", ""channel"": ""NETBANKING""}"
TXN-91036,GW-91036,SUCCESS,199.0,INR,2026-08-06 08:52:22,00,Transaction approved,"{""source"": ""mock_gateway"", ""environment"": ""hackathon"", ""channel"": ""CARD""}"
TXN-91037,GW-91037,SUCCESS,12500.0,INR,2026-08-06 09:05:09,00,Transaction approved,"{""source"": ""mock_gateway"", ""environment"": ""hackathon"", ""channel"": ""UPI""}"
TXN-91038,GW-91038,SUCCESS,12500.0,INR,2026-08-06 09:07:43,00,Transaction approved,"{""source"": ""mock_gateway"", ""environment"": ""hackathon"", ""channel"": ""CARD""}"
TXN-91039,GW-91039,SUCCESS,299.0,INR,2026-08-06 09:17:50,00,Transaction approved,"{""source"": ""mock_gateway"", ""environment"": ""hackathon"", ""channel"": ""UPI""}"
TXN-91040,GW-91040,SUCCESS,1499.0,INR,2026-08-06 09:25:26,00,Transaction approved,"{""source"": ""mock_gateway"", ""environment"": ""hackathon"", ""channel"": ""CARD""}"
TXN-91041,GW-91041,SUCCESS,12500.0,INR,2026-08-06 09:29:20,00,Transaction approved,"{""source"": ""mock_gateway"", ""environment"": ""hackathon"", ""channel"": ""CARD""}"
TXN-91042,GW-91042,SUCCESS,6750.0,INR,2026-08-06 09:39:36,00,Transaction approved,"{""source"": ""mock_gateway"", ""environment"": ""hackathon"", ""channel"": ""CARD""}"
TXN-91043,GW-91043,SUCCESS,299.0,INR,2026-08-06 09:46:56,00,Transaction approved,"{""source"": ""mock_gateway"", ""environment"": ""hackathon"", ""channel"": ""UPI""}"
TXN-91044,GW-91044,SUCCESS,12500.0,INR,2026-08-06 09:50:46,00,Transaction approved,"{""source"": ""mock_gateway"", ""environment"": ""hackathon"", ""channel"": ""CARD""}"
TXN-91045,GW-91045,SUCCESS,4200.0,INR,2026-08-06 09:58:29,00,Transaction approved,"{""source"": ""mock_gateway"", ""environment"": ""hackathon"", ""channel"": ""UPI""}"
TXN-91046,GW-91046,SUCCESS,299.0,INR,2026-08-06 10:07:18,00,Transaction approved,"{""source"": ""mock_gateway"", ""environment"": ""hackathon"", ""channel"": ""UPI""}"
TXN-91047,GW-91047,SUCCESS,4200.0,INR,2026-08-06 10:09:26,00,Transaction approved,"{""source"": ""mock_gateway"", ""environment"": ""hackathon"", ""channel"": ""NETBANKING""}"
TXN-91048,GW-91048,SUCCESS,199.0,INR,2026-08-06 10:19:59,00,Transaction approved,"{""source"": ""mock_gateway"", ""environment"": ""hackathon"", ""channel"": ""UPI""}"
TXN-91049,GW-91049,SUCCESS,299.0,INR,2026-08-06 10:27:03,00,Transaction approved,"{""source"": ""mock_gateway"", ""environment"": ""hackathon"", ""channel"": ""NETBANKING""}"
TXN-91050,GW-91050,SUCCESS,799.0,INR,2026-08-06 10:33:09,00,Transaction approved,"{""source"": ""mock_gateway"", ""environment"": ""hackathon"", ""channel"": ""CARD""}"
TXN-91051,GW-91051,SUCCESS,1599.0,INR,2026-08-06 10:40:40,00,Transaction approved,"{""source"": ""mock_gateway"", ""environment"": ""hackathon"", ""channel"": ""NETBANKING""}"
TXN-91052,GW-91052,SUCCESS,12500.0,INR,2026-08-06 10:46:03,00,Transaction approved,"{""source"": ""mock_gateway"", ""environment"": ""hackathon"", ""channel"": ""UPI""}"
TXN-91053,GW-91053,SUCCESS,1999.0,INR,2026-08-06 10:56:18,00,Transaction approved,"{""source"": ""mock_gateway"", ""environment"": ""hackathon"", ""channel"": ""NETBANKING""}"
TXN-91054,GW-91054,SUCCESS,8999.0,INR,2026-08-06 11:00:06,00,Transaction approved,"{""source"": ""mock_gateway"", ""environment"": ""hackathon"", ""channel"": ""NETBANKING""}"
TXN-91055,GW-91055,SUCCESS,199.0,INR,2026-08-06 11:07:17,00,Transaction approved,"{""source"": ""mock_gateway"", ""environment"": ""hackathon"", ""channel"": ""UPI""}"
TXN-91056,GW-91056,SUCCESS,1499.0,INR,2026-08-06 11:17:15,00,Transaction approved,"{""source"": ""mock_gateway"", ""environment"": ""hackathon"", ""channel"": ""NETBANKING""}"
TXN-91057,GW-91057,SUCCESS,2499.0,INR,2026-08-06 11:23:27,00,Transaction approved,"{""source"": ""mock_gateway"", ""environment"": ""hackathon"", ""channel"": ""UPI""}"
TXN-91058,GW-91058,SUCCESS,299.0,INR,2026-08-06 11:27:22,00,Transaction approved,"{""source"": ""mock_gateway"", ""environment"": ""hackathon"", ""channel"": ""UPI""}"
TXN-91059,GW-91059,SUCCESS,2899.0,INR,2026-08-06 11:37:50,00,Transaction approved,"{""source"": ""mock_gateway"", ""environment"": ""hackathon"", ""channel"": ""UPI""}"
TXN-91060,GW-91060,SUCCESS,2899.0,INR,2026-08-06 11:42:10,00,Transaction approved,"{""source"": ""mock_gateway"", ""environment"": ""hackathon"", ""channel"": ""CARD""}"
TXN-91061,GW-91061,SUCCESS,1599.0,INR,2026-08-06 11:49:48,00,Transaction approved,"{""source"": ""mock_gateway"", ""environment"": ""hackathon"", ""channel"": ""NETBANKING""}"
TXN-91062,GW-91062,SUCCESS,4200.0,INR,2026-08-06 11:54:46,00,Transaction approved,"{""source"": ""mock_gateway"", ""environment"": ""hackathon"", ""channel"": ""NETBANKING""}"
TXN-91063,GW-91063,SUCCESS,799.0,INR,2026-08-06 12:05:35,00,Transaction approved,"{""source"": ""mock_gateway"", ""environment"": ""hackathon"", ""channel"": ""UPI""}"
TXN-91064,GW-91064,SUCCESS,6750.0,INR,2026-08-06 12:14:09,00,Transaction approved,"{""source"": ""mock_gateway"", ""environment"": ""hackathon"", ""channel"": ""UPI""}"
TXN-91065,GW-91065,SUCCESS,4200.0,INR,2026-08-06 12:15:46,00,Transaction approved,"{""source"": ""mock_gateway"", ""environment"": ""hackathon"", ""channel"": ""NETBANKING""}"
TXN-91066,GW-91066,SUCCESS,1499.0,INR,2026-08-06 12:24:15,00,Transaction approved,"{""source"": ""mock_gateway"", ""environment"": ""hackathon"", ""channel"": ""UPI""}"
TXN-91067,GW-91067,SUCCESS,3499.0,INR,2026-08-06 12:34:37,00,Transaction approved,"{""source"": ""mock_gateway"", ""environment"": ""hackathon"", ""channel"": ""CARD""}"
TXN-91068,GW-91068,SUCCESS,199.0,INR,2026-08-06 12:41:25,00,Transaction approved,"{""source"": ""mock_gateway"", ""environment"": ""hackathon"", ""channel"": ""CARD""}"
TXN-91069,GW-91069,SUCCESS,799.0,INR,2026-08-06 12:46:29,00,Transaction approved,"{""source"": ""mock_gateway"", ""environment"": ""hackathon"", ""channel"": ""NETBANKING""}"
TXN-91070,GW-91070,SUCCESS,999.0,INR,2026-08-06 12:53:54,00,Transaction approved,"{""source"": ""mock_gateway"", ""environment"": ""hackathon"", ""channel"": ""CARD""}"
TXN-91071,GW-91071,SUCCESS,1599.0,INR,2026-08-06 13:01:31,00,Transaction approved,"{""source"": ""mock_gateway"", ""environment"": ""hackathon"", ""channel"": ""UPI""}"
TXN-91072,GW-91072,SUCCESS,1499.0,INR,2026-08-06 13:06:33,00,Transaction approved,"{""source"": ""mock_gateway"", ""environment"": ""hackathon"", ""channel"": ""NETBANKING""}"
TXN-91073,GW-91073,SUCCESS,8999.0,INR,2026-08-06 13:16:20,00,Transaction approved,"{""source"": ""mock_gateway"", ""environment"": ""hackathon"", ""channel"": ""UPI""}"
TXN-91074,GW-91074,SUCCESS,1999.0,INR,2026-08-06 13:21:08,00,Transaction approved,"{""source"": ""mock_gateway"", ""environment"": ""hackathon"", ""channel"": ""UPI""}"
TXN-91075,GW-91075,SUCCESS,299.0,INR,2026-08-06 13:28:02,00,Transaction approved,"{""source"": ""mock_gateway"", ""environment"": ""hackathon"", ""channel"": ""CARD""}"
TXN-91076,GW-91076,SUCCESS,999.0,INR,2026-08-06 13:34:55,00,Transaction approved,"{""source"": ""mock_gateway"", ""environment"": ""hackathon"", ""channel"": ""UPI""}"
TXN-91077,GW-91077,SUCCESS,499.0,INR,2026-08-06 13:43:36,00,Transaction approved,"{""source"": ""mock_gateway"", ""environment"": ""hackathon"", ""channel"": ""NETBANKING""}"
TXN-91078,GW-91078,SUCCESS,6750.0,INR,2026-08-06 13:50:34,00,Transaction approved,"{""source"": ""mock_gateway"", ""environment"": ""hackathon"", ""channel"": ""CARD""}"
TXN-91079,GW-91079,SUCCESS,299.0,INR,2026-08-06 13:58:10,00,Transaction approved,"{""source"": ""mock_gateway"", ""environment"": ""hackathon"", ""channel"": ""NETBANKING""}"
TXN-91080,GW-91080,SUCCESS,1599.0,INR,2026-08-06 14:03:47,00,Transaction approved,"{""source"": ""mock_gateway"", ""environment"": ""hackathon"", ""channel"": ""CARD""}"
TXN-91081,GW-91081,SUCCESS,1999.0,INR,2026-08-06 14:10:20,00,Transaction approved,"{""source"": ""mock_gateway"", ""environment"": ""hackathon"", ""channel"": ""CARD""}"
TXN-91082,GW-91082,SUCCESS,3499.0,INR,2026-08-06 14:18:59,00,Transaction approved,"{""source"": ""mock_gateway"", ""environment"": ""hackathon"", ""channel"": ""CARD""}"
TXN-91083,GW-91083,SUCCESS,3499.0,INR,2026-08-06 14:26:16,00,Transaction approved,"{""source"": ""mock_gateway"", ""environment"": ""hackathon"", ""channel"": ""NETBANKING""}"
TXN-91084,GW-91084,SUCCESS,299.0,INR,2026-08-06 14:33:45,00,Transaction approved,"{""source"": ""mock_gateway"", ""environment"": ""hackathon"", ""channel"": ""NETBANKING""}"
TXN-91085,GW-91085,SUCCESS,4999.0,INR,2026-08-06 14:41:06,00,Transaction approved,"{""source"": ""mock_gateway"", ""environment"": ""hackathon"", ""channel"": ""NETBANKING""}"
TXN-91086,GW-91086,SUCCESS,199.0,INR,2026-08-06 14:45:36,00,Transaction approved,"{""source"": ""mock_gateway"", ""environment"": ""hackathon"", ""channel"": ""CARD""}"
TXN-91087,GW-91087,SUCCESS,8999.0,INR,2026-08-06 14:50:20,00,Transaction approved,"{""source"": ""mock_gateway"", ""environment"": ""hackathon"", ""channel"": ""CARD""}"
TXN-91088,GW-91088,SUCCESS,1499.0,INR,2026-08-06 15:01:44,00,Transaction approved,"{""source"": ""mock_gateway"", ""environment"": ""hackathon"", ""channel"": ""NETBANKING""}"
TXN-91089,GW-91089,SUCCESS,4200.0,INR,2026-08-06 15:06:03,00,Transaction approved,"{""source"": ""mock_gateway"", ""environment"": ""hackathon"", ""channel"": ""UPI""}"
TXN-91090,GW-91090,SUCCESS,3499.0,INR,2026-08-06 15:12:53,00,Transaction approved,"{""source"": ""mock_gateway"", ""environment"": ""hackathon"", ""channel"": ""CARD""}"
TXN-91091,GW-91091,SUCCESS,3499.0,INR,2026-08-06 15:20:57,00,Transaction approved,"{""source"": ""mock_gateway"", ""environment"": ""hackathon"", ""channel"": ""NETBANKING""}"
TXN-91092,GW-91092,SUCCESS,6750.0,INR,2026-08-06 15:28:06,00,Transaction approved,"{""source"": ""mock_gateway"", ""environment"": ""hackathon"", ""channel"": ""CARD""}"
TXN-91093,GW-91093,SUCCESS,199.0,INR,2026-08-06 15:37:09,00,Transaction approved,"{""source"": ""mock_gateway"", ""environment"": ""hackathon"", ""channel"": ""UPI""}"
TXN-91094,GW-91094,SUCCESS,1999.0,INR,2026-08-06 15:43:15,00,Transaction approved,"{""source"": ""mock_gateway"", ""environment"": ""hackathon"", ""channel"": ""NETBANKING""}"
TXN-91095,GW-91095,SUCCESS,12500.0,INR,2026-08-06 15:48:46,00,Transaction approved,"{""source"": ""mock_gateway"", ""environment"": ""hackathon"", ""channel"": ""NETBANKING""}"
TXN-91096,GW-91096,SUCCESS,1499.0,INR,2026-08-06 15:52:23,00,Transaction approved,"{""source"": ""mock_gateway"", ""environment"": ""hackathon"", ""channel"": ""CARD""}"
TXN-91097,GW-91097,SUCCESS,12500.0,INR,2026-08-06 16:04:14,00,Transaction approved,"{""source"": ""mock_gateway"", ""environment"": ""hackathon"", ""channel"": ""NETBANKING""}"
TXN-91098,GW-91098,SUCCESS,6750.0,INR,2026-08-06 16:11:54,00,Transaction approved,"{""source"": ""mock_gateway"", ""environment"": ""hackathon"", ""channel"": ""CARD""}"
TXN-91099,GW-91099,SUCCESS,8999.0,INR,2026-08-06 16:16:22,00,Transaction approved,"{""source"": ""mock_gateway"", ""environment"": ""hackathon"", ""channel"": ""UPI""}"
TXN-91100,GW-91100,SUCCESS,4200.0,INR,2026-08-06 16:24:58,00,Transaction approved,"{""source"": ""mock_gateway"", ""environment"": ""hackathon"", ""channel"": ""UPI""}"
TXN-91101,GW-91101,SUCCESS,1599.0,INR,2026-08-06 16:29:07,00,Transaction approved,"{""source"": ""mock_gateway"", ""environment"": ""hackathon"", ""channel"": ""CARD""}"
TXN-91102,GW-91102,SUCCESS,2499.0,INR,2026-08-06 16:39:16,00,Transaction approved,"{""source"": ""mock_gateway"", ""environment"": ""hackathon"", ""channel"": ""UPI""}"
TXN-91103,GW-91103,SUCCESS,4200.0,INR,2026-08-06 16:41:26,00,Transaction approved,"{""source"": ""mock_gateway"", ""environment"": ""hackathon"", ""channel"": ""NETBANKING""}"
TXN-91104,GW-91104,SUCCESS,8999.0,INR,2026-08-06 16:50:01,00,Transaction approved,"{""source"": ""mock_gateway"", ""environment"": ""hackathon"", ""channel"": ""NETBANKING""}"
TXN-91105,GW-91105,SUCCESS,6750.0,INR,2026-08-06 17:00:55,00,Transaction approved,"{""source"": ""mock_gateway"", ""environment"": ""hackathon"", ""channel"": ""CARD""}"
TXN-91106,GW-91106,SUCCESS,4200.0,INR,2026-08-06 17:05:24,00,Transaction approved,"{""source"": ""mock_gateway"", ""environment"": ""hackathon"", ""channel"": ""NETBANKING""}"
TXN-91107,GW-91107,SUCCESS,12500.0,INR,2026-08-06 17:10:35,00,Transaction approved,"{""source"": ""mock_gateway"", ""environment"": ""hackathon"", ""channel"": ""UPI""}"
TXN-91108,GW-91108,SUCCESS,999.0,INR,2026-08-06 17:18:28,00,Transaction approved,"{""source"": ""mock_gateway"", ""environment"": ""hackathon"", ""channel"": ""UPI""}"
TXN-91109,GW-91109,SUCCESS,4200.0,INR,2026-08-06 17:26:54,00,Transaction approved,"{""source"": ""mock_gateway"", ""environment"": ""hackathon"", ""channel"": ""CARD""}"
TXN-91110,GW-91110,SUCCESS,2499.0,INR,2026-08-06 17:31:17,00,Transaction approved,"{""source"": ""mock_gateway"", ""environment"": ""hackathon"", ""channel"": ""NETBANKING""}"
TXN-91111,GW-91111,SUCCESS,2899.0,INR,2026-08-06 17:42:58,00,Transaction approved,"{""source"": ""mock_gateway"", ""environment"": ""hackathon"", ""channel"": ""CARD""}"
TXN-91112,GW-91112,SUCCESS,199.0,INR,2026-08-06 17:44:21,00,Transaction approved,"{""source"": ""mock_gateway"", ""environment"": ""hackathon"", ""channel"": ""UPI""}"
TXN-91113,GW-91113,SUCCESS,6750.0,INR,2026-08-06 17:56:27,00,Transaction approved,"{""source"": ""mock_gateway"", ""environment"": ""hackathon"", ""channel"": ""CARD""}"
TXN-91114,GW-91114,SUCCESS,1499.0,INR,2026-08-06 18:00:46,00,Transaction approved,"{""source"": ""mock_gateway"", ""environment"": ""hackathon"", ""channel"": ""UPI""}"
TXN-91115,GW-91115,SUCCESS,3499.0,INR,2026-08-06 18:05:36,00,Transaction approved,"{""source"": ""mock_gateway"", ""environment"": ""hackathon"", ""channel"": ""CARD""}"
TXN-91116,GW-91116,SUCCESS,2499.0,INR,2026-08-06 18:13:35,00,Transaction approved,"{""source"": ""mock_gateway"", ""environment"": ""hackathon"", ""channel"": ""UPI""}"
TXN-91117,GW-91117,SUCCESS,1999.0,INR,2026-08-06 18:21:22,00,Transaction approved,"{""source"": ""mock_gateway"", ""environment"": ""hackathon"", ""channel"": ""NETBANKING""}"
TXN-91118,GW-91118,SUCCESS,8999.0,INR,2026-08-06 18:30:34,00,Transaction approved,"{""source"": ""mock_gateway"", ""environment"": ""hackathon"", ""channel"": ""NETBANKING""}"
TXN-91119,GW-91119,SUCCESS,12500.0,INR,2026-08-06 18:35:27,00,Transaction approved,"{""source"": ""mock_gateway"", ""environment"": ""hackathon"", ""channel"": ""UPI""}"
TXN-91120,GW-91120,SUCCESS,2899.0,INR,2026-08-06 18:40:33,00,Transaction approved,"{""source"": ""mock_gateway"", ""environment"": ""hackathon"", ""channel"": ""CARD""}"
TXN-91121,GW-91121,SUCCESS,499.0,INR,2026-08-06 18:53:01,00,Transaction approved,"{""source"": ""mock_gateway"", ""environment"": ""hackathon"", ""channel"": ""UPI""}"
TXN-91122,GW-91122,SUCCESS,4200.0,INR,2026-08-06 18:55:05,00,Transaction approved,"{""source"": ""mock_gateway"", ""environment"": ""hackathon"", ""channel"": ""CARD""}"
TXN-91123,GW-91123,SUCCESS,3499.0,INR,2026-08-06 19:07:10,00,Transaction approved,"{""source"": ""mock_gateway"", ""environment"": ""hackathon"", ""channel"": ""NETBANKING""}"
TXN-91124,GW-91124,SUCCESS,2899.0,INR,2026-08-06 19:14:08,00,Transaction approved,"{""source"": ""mock_gateway"", ""environment"": ""hackathon"", ""channel"": ""CARD""}"
TXN-91125,GW-91125,SUCCESS,1599.0,INR,2026-08-06 19:20:07,00,Transaction approved,"{""source"": ""mock_gateway"", ""environment"": ""hackathon"", ""channel"": ""CARD""}"
TXN-91126,GW-91126,SUCCESS,299.0,INR,2026-08-06 19:23:10,00,Transaction approved,"{""source"": ""mock_gateway"", ""environment"": ""hackathon"", ""channel"": ""CARD""}"
TXN-91127,GW-91127,SUCCESS,2499.0,INR,2026-08-06 19:31:29,00,Transaction approved,"{""source"": ""mock_gateway"", ""environment"": ""hackathon"", ""channel"": ""UPI""}"
TXN-91128,GW-91128,SUCCESS,2899.0,INR,2026-08-06 19:41:08,00,Transaction approved,"{""source"": ""mock_gateway"", ""environment"": ""hackathon"", ""channel"": ""UPI""}"
TXN-91129,GW-91129,SUCCESS,1250.0,INR,2026-08-06 19:45:14,00,Transaction approved,"{""source"": ""mock_gateway"", ""environment"": ""hackathon"", ""channel"": ""NETBANKING""}"
TXN-91130,GW-91130,SUCCESS,299.0,INR,2026-08-06 19:52:18,00,Transaction approved,"{""source"": ""mock_gateway"", ""environment"": ""hackathon"", ""channel"": ""UPI""}"
TXN-91131,GW-91131,SUCCESS,999.0,INR,2026-08-06 19:57:48,00,Transaction approved,"{""source"": ""mock_gateway"", ""environment"": ""hackathon"", ""channel"": ""UPI""}"
TXN-91132,GW-91132,SUCCESS,12500.0,INR,2026-08-06 20:09:26,00,Transaction approved,"{""source"": ""mock_gateway"", ""environment"": ""hackathon"", ""channel"": ""UPI""}"
TXN-91133,GW-91133,SUCCESS,299.0,INR,2026-08-06 20:16:51,00,Transaction approved,"{""source"": ""mock_gateway"", ""environment"": ""hackathon"", ""channel"": ""CARD""}"
TXN-91134,GW-91134,SUCCESS,1250.0,INR,2026-08-06 20:23:10,00,Transaction approved,"{""source"": ""mock_gateway"", ""environment"": ""hackathon"", ""channel"": ""NETBANKING""}"
TXN-91135,GW-91135,SUCCESS,1250.0,INR,2026-08-06 20:30:26,00,Transaction approved,"{""source"": ""mock_gateway"", ""environment"": ""hackathon"", ""channel"": ""UPI""}"
TXN-91136,GW-91136,SUCCESS,2499.0,INR,2026-08-06 20:35:37,00,Transaction approved,"{""source"": ""mock_gateway"", ""environment"": ""hackathon"", ""channel"": ""UPI""}"
TXN-91137,GW-91137,SUCCESS,8999.0,INR,2026-08-06 20:43:15,00,Transaction approved,"{""source"": ""mock_gateway"", ""environment"": ""hackathon"", ""channel"": ""CARD""}"
TXN-91138,GW-91138,SUCCESS,3499.0,INR,2026-08-06 20:47:57,00,Transaction approved,"{""source"": ""mock_gateway"", ""environment"": ""hackathon"", ""channel"": ""CARD""}"
TXN-91139,GW-91139,SUCCESS,3499.0,INR,2026-08-06 20:54:33,00,Transaction approved,"{""source"": ""mock_gateway"", ""environment"": ""hackathon"", ""channel"": ""NETBANKING""}"
TXN-91140,GW-91140,SUCCESS,2899.0,INR,2026-08-06 21:05:40,00,Transaction approved,"{""source"": ""mock_gateway"", ""environment"": ""hackathon"", ""channel"": ""UPI""}"
TXN-91141,GW-91141,SUCCESS,499.0,INR,2026-08-06 21:07:30,00,Transaction approved,"{""source"": ""mock_gateway"", ""environment"": ""hackathon"", ""channel"": ""NETBANKING""}"
TXN-91142,GW-91142,SUCCESS,3499.0,INR,2026-08-06 21:14:10,00,Transaction approved,"{""source"": ""mock_gateway"", ""environment"": ""hackathon"", ""channel"": ""UPI""}"
TXN-91143,GW-91143,SUCCESS,4200.0,INR,2026-08-06 21:25:34,00,Transaction approved,"{""source"": ""mock_gateway"", ""environment"": ""hackathon"", ""channel"": ""UPI""}"
TXN-91144,GW-91144,SUCCESS,8999.0,INR,2026-08-06 21:30:04,00,Transaction approved,"{""source"": ""mock_gateway"", ""environment"": ""hackathon"", ""channel"": ""NETBANKING""}"
TXN-91145,GW-91145,SUCCESS,12500.0,INR,2026-08-06 21:36:01,00,Transaction approved,"{""source"": ""mock_gateway"", ""environment"": ""hackathon"", ""channel"": ""NETBANKING""}"
TXN-91146,GW-91146,SUCCESS,12500.0,INR,2026-08-06 21:42:37,00,Transaction approved,"{""source"": ""mock_gateway"", ""environment"": ""hackathon"", ""channel"": ""CARD""}"
TXN-91147,GW-91147,SUCCESS,999.0,INR,2026-08-06 21:50:56,00,Transaction approved,"{""source"": ""mock_gateway"", ""environment"": ""hackathon"", ""channel"": ""UPI""}"
TXN-91148,GW-91148,SUCCESS,3499.0,INR,2026-08-06 22:01:33,00,Transaction approved,"{""source"": ""mock_gateway"", ""environment"": ""hackathon"", ""channel"": ""CARD""}"
TXN-91149,GW-91149,SUCCESS,2499.0,INR,2026-08-06 22:07:37,00,Transaction approved,"{""source"": ""mock_gateway"", ""environment"": ""hackathon"", ""channel"": ""CARD""}"
TXN-91150,GW-91150,SUCCESS,2499.0,INR,2026-08-06 22:10:31,00,Transaction approved,"{""source"": ""mock_gateway"", ""environment"": ""hackathon"", ""channel"": ""UPI""}"
TXN-91151,GW-91151,SUCCESS,299.0,INR,2026-08-06 22:22:16,00,Transaction approved,"{""source"": ""mock_gateway"", ""environment"": ""hackathon"", ""channel"": ""CARD""}"
TXN-91152,GW-91152,SUCCESS,1599.0,INR,2026-08-06 22:28:23,00,Transaction approved,"{""source"": ""mock_gateway"", ""environment"": ""hackathon"", ""channel"": ""CARD""}"
TXN-91153,GW-91153,SUCCESS,1599.0,INR,2026-08-06 22:34:21,00,Transaction approved,"{""source"": ""mock_gateway"", ""environment"": ""hackathon"", ""channel"": ""UPI""}"
TXN-91154,GW-91154,SUCCESS,1250.0,INR,2026-08-06 22:40:28,00,Transaction approved,"{""source"": ""mock_gateway"", ""environment"": ""hackathon"", ""channel"": ""NETBANKING""}"
TXN-91155,GW-91155,SUCCESS,1499.0,INR,2026-08-06 22:46:47,00,Transaction approved,"{""source"": ""mock_gateway"", ""environment"": ""hackathon"", ""channel"": ""CARD""}"
TXN-91156,GW-91156,SUCCESS,1250.0,INR,2026-08-06 22:56:52,00,Transaction approved,"{""source"": ""mock_gateway"", ""environment"": ""hackathon"", ""channel"": ""CARD""}"
TXN-91157,GW-91157,SUCCESS,499.0,INR,2026-08-06 22:59:08,00,Transaction approved,"{""source"": ""mock_gateway"", ""environment"": ""hackathon"", ""channel"": ""CARD""}"
TXN-91158,GW-91158,SUCCESS,299.0,INR,2026-08-06 23:10:02,00,Transaction approved,"{""source"": ""mock_gateway"", ""environment"": ""hackathon"", ""channel"": ""UPI""}"
TXN-91159,GW-91159,SUCCESS,6750.0,INR,2026-08-06 23:17:06,00,Transaction approved,"{""source"": ""mock_gateway"", ""environment"": ""hackathon"", ""channel"": ""CARD""}"
TXN-91160,GW-91160,PENDING,2499.0,INR,2026-08-06 23:24:17,91,Issuer or switch temporarily unavailable,"{""source"": ""mock_gateway"", ""environment"": ""hackathon"", ""channel"": ""CARD""}"
TXN-91161,GW-91161,SUCCESS,12500.0,INR,2026-08-06 23:28:07,00,Transaction approved,"{""source"": ""mock_gateway"", ""environment"": ""hackathon"", ""channel"": ""CARD""}"
TXN-91162,GW-91162,SUCCESS,2499.0,INR,2026-08-06 23:35:26,00,Transaction approved,"{""source"": ""mock_gateway"", ""environment"": ""hackathon"", ""channel"": ""CARD""}"
TXN-91163,GW-91163,SUCCESS,799.0,INR,2026-08-06 23:43:48,00,Transaction approved,"{""source"": ""mock_gateway"", ""environment"": ""hackathon"", ""channel"": ""CARD""}"
TXN-91164,GW-91164,SUCCESS,3499.0,INR,2026-08-06 23:53:41,00,Transaction approved,"{""source"": ""mock_gateway"", ""environment"": ""hackathon"", ""channel"": ""CARD""}"
TXN-91165,GW-91165,SUCCESS,299.0,INR,2026-08-06 23:59:07,00,Transaction approved,"{""source"": ""mock_gateway"", ""environment"": ""hackathon"", ""channel"": ""UPI""}"
TXN-91166,GW-91166,SUCCESS,999.0,INR,2026-08-07 00:04:01,00,Transaction approved,"{""source"": ""mock_gateway"", ""environment"": ""hackathon"", ""channel"": ""NETBANKING""}"
TXN-91167,GW-91167,SUCCESS,1999.0,INR,2026-08-07 00:13:12,00,Transaction approved,"{""source"": ""mock_gateway"", ""environment"": ""hackathon"", ""channel"": ""CARD""}"
TXN-91168,GW-91168,SUCCESS,199.0,INR,2026-08-07 00:16:58,00,Transaction approved,"{""source"": ""mock_gateway"", ""environment"": ""hackathon"", ""channel"": ""UPI""}"
TXN-91169,GW-91169,SUCCESS,12500.0,INR,2026-08-07 00:25:12,00,Transaction approved,"{""source"": ""mock_gateway"", ""environment"": ""hackathon"", ""channel"": ""UPI""}"
TXN-91170,GW-91170,SUCCESS,4999.0,INR,2026-08-07 00:32:41,00,Transaction approved,"{""source"": ""mock_gateway"", ""environment"": ""hackathon"", ""channel"": ""NETBANKING""}"
TXN-91171,GW-91171,SUCCESS,499.0,INR,2026-08-07 00:39:14,00,Transaction approved,"{""source"": ""mock_gateway"", ""environment"": ""hackathon"", ""channel"": ""CARD""}"
TXN-91172,GW-91172,SUCCESS,199.0,INR,2026-08-07 00:50:00,00,Transaction approved,"{""source"": ""mock_gateway"", ""environment"": ""hackathon"", ""channel"": ""NETBANKING""}"
TXN-91173,GW-91173,SUCCESS,2899.0,INR,2026-08-07 00:54:56,00,Transaction approved,"{""source"": ""mock_gateway"", ""environment"": ""hackathon"", ""channel"": ""NETBANKING""}"
TXN-91174,GW-91174,SUCCESS,299.0,INR,2026-08-07 01:03:25,00,Transaction approved,"{""source"": ""mock_gateway"", ""environment"": ""hackathon"", ""channel"": ""NETBANKING""}"
TXN-91175,GW-91175,SUCCESS,4200.0,INR,2026-08-07 01:07:37,00,Transaction approved,"{""source"": ""mock_gateway"", ""environment"": ""hackathon"", ""channel"": ""UPI""}"
TXN-91176,GW-91176,SUCCESS,1599.0,INR,2026-08-07 01:15:30,00,Transaction approved,"{""source"": ""mock_gateway"", ""environment"": ""hackathon"", ""channel"": ""UPI""}"
TXN-91177,GW-91177,SUCCESS,1250.0,INR,2026-08-07 01:22:59,00,Transaction approved,"{""source"": ""mock_gateway"", ""environment"": ""hackathon"", ""channel"": ""CARD""}"
TXN-91178,GW-91178,SUCCESS,299.0,INR,2026-08-07 01:30:31,00,Transaction approved,"{""source"": ""mock_gateway"", ""environment"": ""hackathon"", ""channel"": ""CARD""}"
TXN-91179,GW-91179,SUCCESS,499.0,INR,2026-08-07 01:38:28,00,Transaction approved,"{""source"": ""mock_gateway"", ""environment"": ""hackathon"", ""channel"": ""UPI""}"
TXN-91180,GW-91180,SUCCESS,1250.0,INR,2026-08-07 01:41:57,00,Transaction approved,"{""source"": ""mock_gateway"", ""environment"": ""hackathon"", ""channel"": ""UPI""}"
TXN-91181,GW-91181,PENDING,499.0,INR,2026-08-07 01:51:06,91,Issuer or switch temporarily unavailable,"{""source"": ""mock_gateway"", ""environment"": ""hackathon"", ""channel"": ""UPI""}"
TXN-91182,GW-91182,SUCCESS,1499.0,INR,2026-08-07 01:59:27,00,Transaction approved,"{""source"": ""mock_gateway"", ""environment"": ""hackathon"", ""channel"": ""CARD""}"
TXN-91183,GW-91183,SUCCESS,12500.0,INR,2026-08-07 02:06:32,00,Transaction approved,"{""source"": ""mock_gateway"", ""environment"": ""hackathon"", ""channel"": ""NETBANKING""}"
TXN-91184,GW-91184,SUCCESS,199.0,INR,2026-08-07 02:13:45,00,Transaction approved,"{""source"": ""mock_gateway"", ""environment"": ""hackathon"", ""channel"": ""UPI""}"
TXN-91185,GW-91185,SUCCESS,4999.0,INR,2026-08-07 02:15:52,00,Transaction approved,"{""source"": ""mock_gateway"", ""environment"": ""hackathon"", ""channel"": ""CARD""}"
TXN-91186,GW-91186,SUCCESS,2499.0,INR,2026-08-07 02:26:34,00,Transaction approved,"{""source"": ""mock_gateway"", ""environment"": ""hackathon"", ""channel"": ""CARD""}"
TXN-91187,GW-91187,SUCCESS,12500.0,INR,2026-08-07 02:34:57,00,Transaction approved,"{""source"": ""mock_gateway"", ""environment"": ""hackathon"", ""channel"": ""CARD""}"
TXN-91188,GW-91188,SUCCESS,3499.0,INR,2026-08-07 02:40:56,00,Transaction approved,"{""source"": ""mock_gateway"", ""environment"": ""hackathon"", ""channel"": ""CARD""}"
TXN-91189,GW-91189,SUCCESS,999.0,INR,2026-08-07 02:47:33,00,Transaction approved,"{""source"": ""mock_gateway"", ""environment"": ""hackathon"", ""channel"": ""NETBANKING""}"
TXN-91190,GW-91190,SUCCESS,799.0,INR,2026-08-07 02:53:21,00,Transaction approved,"{""source"": ""mock_gateway"", ""environment"": ""hackathon"", ""channel"": ""CARD""}"
TXN-91191,GW-91191,SUCCESS,2899.0,INR,2026-08-07 02:57:46,00,Transaction approved,"{""source"": ""mock_gateway"", ""environment"": ""hackathon"", ""channel"": ""UPI""}"
TXN-91192,GW-91192,SUCCESS,2899.0,INR,2026-08-07 03:04:34,00,Transaction approved,"{""source"": ""mock_gateway"", ""environment"": ""hackathon"", ""channel"": ""CARD""}"
TXN-91193,GW-91193,SUCCESS,299.0,INR,2026-08-07 03:15:35,00,Transaction approved,"{""source"": ""mock_gateway"", ""environment"": ""hackathon"", ""channel"": ""NETBANKING""}"
TXN-91194,GW-91194,SUCCESS,499.0,INR,2026-08-07 03:18:58,00,Transaction approved,"{""source"": ""mock_gateway"", ""environment"": ""hackathon"", ""channel"": ""UPI""}"
TXN-91195,GW-91195,SUCCESS,2899.0,INR,2026-08-07 03:26:25,00,Transaction approved,"{""source"": ""mock_gateway"", ""environment"": ""hackathon"", ""channel"": ""CARD""}"
TXN-91196,GW-91196,SUCCESS,1599.0,INR,2026-08-07 03:36:55,00,Transaction approved,"{""source"": ""mock_gateway"", ""environment"": ""hackathon"", ""channel"": ""NETBANKING""}"
TXN-91197,GW-91197,SUCCESS,1599.0,INR,2026-08-07 03:43:59,00,Transaction approved,"{""source"": ""mock_gateway"", ""environment"": ""hackathon"", ""channel"": ""NETBANKING""}"
TXN-91198,GW-91198,SUCCESS,1599.0,INR,2026-08-07 03:47:06,00,Transaction approved,"{""source"": ""mock_gateway"", ""environment"": ""hackathon"", ""channel"": ""CARD""}"
TXN-91199,GW-91199,SUCCESS,8999.0,INR,2026-08-07 03:58:37,00,Transaction approved,"{""source"": ""mock_gateway"", ""environment"": ""hackathon"", ""channel"": ""NETBANKING""}"
TXN-DEMO-SUCCESS,GW-DEMO-1,SUCCESS,3499.0,INR,2026-08-03 08:15:10,00,Transaction approved,"{""source"": ""mock_gateway"", ""environment"": ""hackathon"", ""demoCase"": true}"
TXN-DEMO-DELAYED,GW-DEMO-2,SUCCESS,5000.0,INR,2026-08-03 09:15:10,00,Transaction approved,"{""source"": ""mock_gateway"", ""environment"": ""hackathon"", ""demoCase"": true}"
TXN-DEMO-FAILED,GW-DEMO-3,SUCCESS,5000.0,INR,2026-08-03 10:15:10,00,Transaction approved,"{""source"": ""mock_gateway"", ""environment"": ""hackathon"", ""demoCase"": true}"
TXN-DEMO-MISMATCH,GW-DEMO-4,SUCCESS,5000.0,INR,2026-08-03 11:15:10,00,Transaction approved,"{""source"": ""mock_gateway"", ""environment"": ""hackathon"", ""demoCase"": true}"
TXN-DEMO-UNKNOWN,GW-DEMO-5,SUCCESS,2750.0,INR,2026-08-03 12:15:10,00,Transaction approved,"{""source"": ""mock_gateway"", ""environment"": ""hackathon"", ""demoCase"": true}"
